reference,group,axis,n,macro_f1,accuracy
original_full,majority,inflation_pressure,24,0.16666666666666666,0.3333333333333333
original_full,majority,demand_pressure,23,0.15555555555555556,0.30434782608695654
original_full,majority,forward_policy_bias,24,0.19607843137254902,0.4166666666666667
original_full,tfidf,inflation_pressure,24,0.16666666666666666,0.3333333333333333
original_full,tfidf,demand_pressure,23,0.15555555555555556,0.30434782608695654
original_full,tfidf,forward_policy_bias,24,0.19607843137254902,0.4166666666666667
original_full,frozen_turkish_bert,inflation_pressure,24,0.16666666666666666,0.3333333333333333
original_full,frozen_turkish_bert,demand_pressure,23,0.15555555555555556,0.30434782608695654
original_full,frozen_turkish_bert,forward_policy_bias,24,0.19607843137254902,0.4166666666666667
original_full,qwen_base_no_rag,inflation_pressure,24,0.48028673835125446,0.7083333333333334
original_full,qwen_base_no_rag,demand_pressure,23,0.1925925925925926,0.30434782608695654
original_full,qwen_base_no_rag,forward_policy_bias,24,0.1568627450980392,0.16666666666666666
original_full,qwen_base_rag,inflation_pressure,24,0.21944444444444444,0.375
original_full,qwen_base_rag,demand_pressure,23,0.538961038961039,0.6521739130434783
original_full,qwen_base_rag,forward_policy_bias,24,0.15873015873015872,0.16666666666666666
original_full,qwen_ft_no_rag,inflation_pressure,24,0.676213282247765,0.7638888888888888
original_full,qwen_ft_no_rag,demand_pressure,23,0.3282430213464696,0.34782608695652173
original_full,qwen_ft_no_rag,forward_policy_bias,24,0.20478395061728394,0.3611111111111111
original_full,qwen_ft_rag,inflation_pressure,24,0.40981240981240985,0.5833333333333334
original_full,qwen_ft_rag,demand_pressure,23,0.1853183853183853,0.18840579710144925
original_full,qwen_ft_rag,forward_policy_bias,24,0.27362702656820304,0.5
original_full,mistral_base_no_rag,inflation_pressure,24,0.5523066926575698,0.7916666666666666
original_full,mistral_base_no_rag,demand_pressure,23,0.25925925925925924,0.30434782608695654
original_full,mistral_base_no_rag,forward_policy_bias,24,0.35416666666666663,0.5833333333333334
original_full,mistral_base_rag,inflation_pressure,24,0.22820512820512823,0.3333333333333333
original_full,mistral_base_rag,demand_pressure,23,0.12121212121212122,0.13043478260869565
original_full,mistral_base_rag,forward_policy_bias,24,0.3525641025641026,0.5833333333333334
original_full,mistral_ft_no_rag,inflation_pressure,24,0.6832957998861889,0.75
original_full,mistral_ft_no_rag,demand_pressure,23,0.34934201600868264,0.34782608695652173
original_full,mistral_ft_no_rag,forward_policy_bias,24,0.34591416813639037,0.5416666666666666
original_full,mistral_ft_rag,inflation_pressure,24,0.4905347470564861,0.5416666666666666
original_full,mistral_ft_rag,demand_pressure,23,0.25894848871860365,0.2898550724637681
original_full,mistral_ft_rag,forward_policy_bias,24,0.45944329422590285,0.6944444444444443
second_full,majority,inflation_pressure,24,0.07407407407407407,0.125
second_full,majority,demand_pressure,24,0.07407407407407407,0.125
second_full,majority,forward_policy_bias,24,0.326241134751773,0.9583333333333334
second_full,tfidf,inflation_pressure,24,0.07407407407407407,0.125
second_full,tfidf,demand_pressure,24,0.07407407407407407,0.125
second_full,tfidf,forward_policy_bias,24,0.326241134751773,0.9583333333333334
second_full,frozen_turkish_bert,inflation_pressure,24,0.07407407407407407,0.125
second_full,frozen_turkish_bert,demand_pressure,24,0.07407407407407407,0.125
second_full,frozen_turkish_bert,forward_policy_bias,24,0.326241134751773,0.9583333333333334
second_full,qwen_base_no_rag,inflation_pressure,24,0.3555555555555555,0.5
second_full,qwen_base_no_rag,demand_pressure,24,0.31666666666666665,0.25
second_full,qwen_base_no_rag,forward_policy_bias,24,0.13333333333333333,0.25
second_full,qwen_base_rag,inflation_pressure,24,0.12444444444444444,0.16666666666666666
second_full,qwen_base_rag,demand_pressure,24,0.420995670995671,0.5833333333333334
second_full,qwen_base_rag,forward_policy_bias,24,0.09876543209876543,0.16666666666666666
second_full,qwen_ft_no_rag,inflation_pressure,24,0.5338965693804404,0.5972222222222222
second_full,qwen_ft_no_rag,demand_pressure,24,0.26770730244414453,0.18055555555555555
second_full,qwen_ft_no_rag,forward_policy_bias,24,0.19851204927846675,0.34722222222222227
second_full,qwen_ft_rag,inflation_pressure,24,0.18574550855252606,0.19444444444444445
second_full,qwen_ft_rag,demand_pressure,24,0.15445665445665444,0.125
second_full,qwen_ft_rag,forward_policy_bias,24,0.14509112286890066,0.23611111111111113
second_full,mistral_base_no_rag,inflation_pressure,24,0.2490842490842491,0.3333333333333333
second_full,mistral_base_no_rag,demand_pressure,24,0.16666666666666666,0.125
second_full,mistral_base_no_rag,forward_policy_bias,24,0.1149425287356322,0.20833333333333334
second_full,mistral_base_rag,inflation_pressure,24,0.20050125313283207,0.25
second_full,mistral_base_rag,demand_pressure,24,0.09569377990430622,0.08333333333333333
second_full,mistral_base_rag,forward_policy_bias,24,0.11201079622132254,0.16666666666666666
second_full,mistral_ft_no_rag,inflation_pressure,24,0.376417382939122,0.3888888888888889
second_full,mistral_ft_no_rag,demand_pressure,24,0.23272859355239217,0.1527777777777778
second_full,mistral_ft_no_rag,forward_policy_bias,24,0.2841508696501857,0.6944444444444443
second_full,mistral_ft_rag,inflation_pressure,24,0.32704702704702704,0.3194444444444445
second_full,mistral_ft_rag,demand_pressure,24,0.18826101434797085,0.125
second_full,mistral_ft_rag,forward_policy_bias,24,0.27979524239686837,0.6527777777777778
original_common,majority,inflation_pressure,24,0.16666666666666666,0.3333333333333333
original_common,majority,demand_pressure,23,0.15555555555555556,0.30434782608695654
original_common,majority,forward_policy_bias,24,0.19607843137254902,0.4166666666666667
original_common,tfidf,inflation_pressure,24,0.16666666666666666,0.3333333333333333
original_common,tfidf,demand_pressure,23,0.15555555555555556,0.30434782608695654
original_common,tfidf,forward_policy_bias,24,0.19607843137254902,0.4166666666666667
original_common,frozen_turkish_bert,inflation_pressure,24,0.16666666666666666,0.3333333333333333
original_common,frozen_turkish_bert,demand_pressure,23,0.15555555555555556,0.30434782608695654
original_common,frozen_turkish_bert,forward_policy_bias,24,0.19607843137254902,0.4166666666666667
original_common,qwen_base_no_rag,inflation_pressure,24,0.48028673835125446,0.7083333333333334
original_common,qwen_base_no_rag,demand_pressure,23,0.1925925925925926,0.30434782608695654
original_common,qwen_base_no_rag,forward_policy_bias,24,0.1568627450980392,0.16666666666666666
original_common,qwen_base_rag,inflation_pressure,24,0.21944444444444444,0.375
original_common,qwen_base_rag,demand_pressure,23,0.538961038961039,0.6521739130434783
original_common,qwen_base_rag,forward_policy_bias,24,0.15873015873015872,0.16666666666666666
original_common,qwen_ft_no_rag,inflation_pressure,24,0.676213282247765,0.7638888888888888
original_common,qwen_ft_no_rag,demand_pressure,23,0.3282430213464696,0.34782608695652173
original_common,qwen_ft_no_rag,forward_policy_bias,24,0.20478395061728394,0.3611111111111111
original_common,qwen_ft_rag,inflation_pressure,24,0.40981240981240985,0.5833333333333334
original_common,qwen_ft_rag,demand_pressure,23,0.1853183853183853,0.18840579710144925
original_common,qwen_ft_rag,forward_policy_bias,24,0.27362702656820304,0.5
original_common,mistral_base_no_rag,inflation_pressure,24,0.5523066926575698,0.7916666666666666
original_common,mistral_base_no_rag,demand_pressure,23,0.25925925925925924,0.30434782608695654
original_common,mistral_base_no_rag,forward_policy_bias,24,0.35416666666666663,0.5833333333333334
original_common,mistral_base_rag,inflation_pressure,24,0.22820512820512823,0.3333333333333333
original_common,mistral_base_rag,demand_pressure,23,0.12121212121212122,0.13043478260869565
original_common,mistral_base_rag,forward_policy_bias,24,0.3525641025641026,0.5833333333333334
original_common,mistral_ft_no_rag,inflation_pressure,24,0.6832957998861889,0.75
original_common,mistral_ft_no_rag,demand_pressure,23,0.34934201600868264,0.34782608695652173
original_common,mistral_ft_no_rag,forward_policy_bias,24,0.34591416813639037,0.5416666666666666
original_common,mistral_ft_rag,inflation_pressure,24,0.4905347470564861,0.5416666666666666
original_common,mistral_ft_rag,demand_pressure,23,0.25894848871860365,0.2898550724637681
original_common,mistral_ft_rag,forward_policy_bias,24,0.45944329422590285,0.6944444444444443
second_common,majority,inflation_pressure,24,0.07407407407407407,0.125
second_common,majority,demand_pressure,23,0.05333333333333334,0.08695652173913043
second_common,majority,forward_policy_bias,24,0.326241134751773,0.9583333333333334
second_common,tfidf,inflation_pressure,24,0.07407407407407407,0.125
second_common,tfidf,demand_pressure,23,0.05333333333333334,0.08695652173913043
second_common,tfidf,forward_policy_bias,24,0.326241134751773,0.9583333333333334
second_common,frozen_turkish_bert,inflation_pressure,24,0.07407407407407407,0.125
second_common,frozen_turkish_bert,demand_pressure,23,0.05333333333333334,0.08695652173913043
second_common,frozen_turkish_bert,forward_policy_bias,24,0.326241134751773,0.9583333333333334
second_common,qwen_base_no_rag,inflation_pressure,24,0.3555555555555555,0.5
second_common,qwen_base_no_rag,demand_pressure,23,0.29393939393939394,0.21739130434782608
second_common,qwen_base_no_rag,forward_policy_bias,24,0.13333333333333333,0.25
second_common,qwen_base_rag,inflation_pressure,24,0.12444444444444444,0.16666666666666666
second_common,qwen_base_rag,demand_pressure,23,0.44877344877344877,0.6086956521739131
second_common,qwen_base_rag,forward_policy_bias,24,0.09876543209876543,0.16666666666666666
second_common,qwen_ft_no_rag,inflation_pressure,24,0.5338965693804404,0.5972222222222222
second_common,qwen_ft_no_rag,demand_pressure,23,0.2688617679464361,0.15942028985507248
second_common,qwen_ft_no_rag,forward_policy_bias,24,0.19851204927846675,0.34722222222222227
second_common,qwen_ft_rag,inflation_pressure,24,0.18574550855252606,0.19444444444444445
second_common,qwen_ft_rag,demand_pressure,23,0.16744366744366745,0.13043478260869565
second_common,qwen_ft_rag,forward_policy_bias,24,0.14509112286890066,0.23611111111111113
second_common,mistral_base_no_rag,inflation_pressure,24,0.2490842490842491,0.3333333333333333
second_common,mistral_base_no_rag,demand_pressure,23,0.1414141414141414,0.08695652173913043
second_common,mistral_base_no_rag,forward_policy_bias,24,0.1149425287356322,0.20833333333333334
second_common,mistral_base_rag,inflation_pressure,24,0.20050125313283207,0.25
second_common,mistral_base_rag,demand_pressure,23,0.06060606060606061,0.043478260869565216
second_common,mistral_base_rag,forward_policy_bias,24,0.11201079622132254,0.16666666666666666
second_common,mistral_ft_no_rag,inflation_pressure,24,0.376417382939122,0.3888888888888889
second_common,mistral_ft_no_rag,demand_pressure,23,0.24482429173504686,0.14492753623188406
second_common,mistral_ft_no_rag,forward_policy_bias,24,0.2841508696501857,0.6944444444444443
second_common,mistral_ft_rag,inflation_pressure,24,0.32704702704702704,0.3194444444444445
second_common,mistral_ft_rag,demand_pressure,23,0.17676767676767677,0.10144927536231885
second_common,mistral_ft_rag,forward_policy_bias,24,0.27979524239686837,0.6527777777777778