reference,group,n_documents,n_runs,macro_f1,axis_mean_accuracy,seed_sd
original_full,majority,24,1,0.1727668845315904,0.35144927536231885,
original_full,tfidf,24,1,0.1727668845315904,0.35144927536231885,
original_full,frozen_turkish_bert,24,1,0.1727668845315904,0.35144927536231885,
original_full,qwen_base_no_rag,24,1,0.27658069201396207,0.3931159420289856,
original_full,qwen_base_rag,24,1,0.3057118807118807,0.3979468599033817,
original_full,qwen_ft_no_rag,24,3,0.4030800847371728,0.49094202898550726,0.009025596069256018
original_full,qwen_ft_rag,24,3,0.28958594056633274,0.42391304347826086,0.002155591027678778
original_full,mistral_base_no_rag,24,1,0.3885775395278319,0.5597826086956522,
original_full,mistral_base_rag,24,1,0.233993783993784,0.34903381642512077,
original_full,mistral_ft_no_rag,24,3,0.45951732801042067,0.5464975845410628,0.016825890828151422
original_full,mistral_ft_rag,24,3,0.4029755100003309,0.5086553945249598,0.01675144012320924
second_full,majority,24,1,0.1581297609666404,0.40277777777777785,
second_full,tfidf,24,1,0.1581297609666404,0.40277777777777785,
second_full,frozen_turkish_bert,24,1,0.1581297609666404,0.40277777777777785,
second_full,qwen_base_no_rag,24,1,0.2685185185185185,0.3333333333333333,
second_full,qwen_base_rag,24,1,0.21473518251296028,0.3055555555555555,
second_full,qwen_ft_no_rag,24,3,0.3333719737010172,0.375,0.020735559579724314
second_full,qwen_ft_rag,24,3,0.16176442862602705,0.1851851851851852,0.019558517991185635
second_full,mistral_base_no_rag,24,1,0.17689781482884928,0.2222222222222222,
second_full,mistral_base_rag,24,1,0.13606860975282029,0.16666666666666666,
second_full,mistral_ft_no_rag,24,3,0.2977656153805666,0.412037037037037,0.02537272222229861
second_full,mistral_ft_rag,24,3,0.2650344279306221,0.3657407407407407,0.04370024434970478
original_common,majority,24,1,0.1727668845315904,0.35144927536231885,
original_common,tfidf,24,1,0.1727668845315904,0.35144927536231885,
original_common,frozen_turkish_bert,24,1,0.1727668845315904,0.35144927536231885,
original_common,qwen_base_no_rag,24,1,0.27658069201396207,0.3931159420289856,
original_common,qwen_base_rag,24,1,0.3057118807118807,0.3979468599033817,
original_common,qwen_ft_no_rag,24,3,0.4030800847371728,0.49094202898550726,0.009025596069256018
original_common,qwen_ft_rag,24,3,0.28958594056633274,0.42391304347826086,0.002155591027678778
original_common,mistral_base_no_rag,24,1,0.3885775395278319,0.5597826086956522,
original_common,mistral_base_rag,24,1,0.233993783993784,0.34903381642512077,
original_common,mistral_ft_no_rag,24,3,0.45951732801042067,0.5464975845410628,0.016825890828151422
original_common,mistral_ft_rag,24,3,0.4029755100003309,0.5086553945249598,0.01675144012320924
second_common,majority,24,1,0.1512161807197268,0.39009661835748793,
second_common,tfidf,24,1,0.1512161807197268,0.39009661835748793,
second_common,frozen_turkish_bert,24,1,0.1512161807197268,0.39009661835748793,
second_common,qwen_base_no_rag,24,1,0.2609427609427609,0.322463768115942,
second_common,qwen_base_rag,24,1,0.22399444177221953,0.3140096618357488,
second_common,qwen_ft_no_rag,24,3,0.33375679553511434,0.36795491143317227,0.009047910653904662
second_common,qwen_ft_rag,24,3,0.16609343295503137,0.1869967793880837,0.019761862504494635
second_common,mistral_base_no_rag,24,1,0.1684803064113409,0.20954106280193238,
second_common,mistral_base_rag,24,1,0.12437270332007173,0.15338164251207728,
second_common,mistral_ft_no_rag,24,3,0.3017975147747849,0.40942028985507245,0.016234428967460933
second_common,mistral_ft_rag,24,3,0.2612033154038574,0.357890499194847,0.03566711166010255