group,seed,origin_id,origin_date,split,strict_json,inflation_pressure,demand_pressure,forward_policy_bias,source_sha256
mistral_base_no_rag,,decision_close_2022_10,2022-10-20,validation,False,0,1,1,afd40399088aaba2d43f3824d3e5364ee7f37445a6c5be87b19336a5770115d5
mistral_base_no_rag,,decision_close_2022_11,2022-11-24,validation,False,0,1,0,ec18e6168f144df23fa0e5beeebdbf417216387569d10d2d2111766c9ef8b47e
mistral_base_no_rag,,decision_close_2022_12,2022-12-22,validation,False,1,0,0,5dcebbd5a787b3afb7b75162c9cacccf0a255c5f55c451c572b23c6a3aedc6a9
mistral_base_no_rag,,decision_close_2022_8,2022-08-18,validation,False,0,1,0,15e0cf8d4e747639a7683af3cac352fe144e5abacd3e96068a09d184b7c8e843
mistral_base_no_rag,,decision_close_2022_9,2022-09-22,validation,False,0,1,0,8d0c3244fa1ab40cf68c1a7bf548e6a60d22ec7cdaf32f0edbab0bf2c8c47953
mistral_base_no_rag,,decision_close_2023_1,2023-01-19,validation,False,1,0,-1,8a69a64bfef050f7976e4cdf2807ba167576901f8dbb20cadc1f643b62ac5199
mistral_base_no_rag,,decision_close_2023_10,2023-10-26,validation,False,1,1,1,5fc6e0288e48290312e5d38d3f28f98184a7d1ac811fd5e917dc2e15528d2cc7
mistral_base_no_rag,,decision_close_2023_11,2023-11-23,validation,False,0,1,1,66ad40bddd21660839a3488a1baea7d36249caad883bb9a2491dd8bb352c48f5
mistral_base_no_rag,,decision_close_2023_12,2023-12-21,validation,False,0,1,1,aadb6eecd8de5e353ab6cc1885a7f718b45e47266f145c2b0552994ef1f4a5ad
mistral_base_no_rag,,decision_close_2023_2,2023-02-23,validation,False,1,1,-1,7039a454ab7587e3493d62665f061ebd142e911aca859ee7d615b30078b814e4
mistral_base_no_rag,,decision_close_2023_3,2023-03-23,validation,False,1,1,-1,9556f21648a29539fe5c792b99fb39793ec8c05605a50418d0bbb00b3af11720
mistral_base_no_rag,,decision_close_2023_4,2023-04-27,validation,False,1,1,-1,4698208c128a7dcaa68fb9dc731dfad81c621275ecd4ca78e555188a6bf5ef2e
mistral_base_no_rag,,decision_close_2023_5,2023-05-25,validation,False,1,1,-1,955d32ec0f7ecf03ceb2e0a434d1b599b5cfbe69c49d8f88804d7656abc73e71
mistral_base_no_rag,,decision_close_2023_6,2023-06-22,validation,False,1,1,1,b234b27600fd210fb3049afce8006b3d99d1d49fe15bc409d3e4b4af4e8e8818
mistral_base_no_rag,,decision_close_2023_7,2023-07-20,validation,False,1,1,1,dfaee417e2743e84518f9e3765e04669ee3d587b18fc606d7fc4537c3b6f3ed3
mistral_base_no_rag,,decision_close_2023_8,2023-08-24,validation,False,1,1,1,44002ec3b7e96db5388bdcb6edf56f76522961171f00650cefc0793e6cee96f2
mistral_base_no_rag,,decision_close_2023_9,2023-09-21,validation,False,1,1,1,7e7f0a548d9b0dbaeeb376f82d836c20be435697aa002c46aac4c047f4779c6b
mistral_base_no_rag,,decision_close_2024_1,2024-01-25,validation,False,0,1,1,faca008a991aa8d6f8d70f4b00a31d437b3f054f3edb64079101dcb2c8892de9
mistral_base_no_rag,,decision_close_2024_10,2024-10-17,test,False,0,0,1,30f29fa7f5a80ed743af75ab1214cb1338373addeffd18336c3b884201b8d9de
mistral_base_no_rag,,decision_close_2024_11,2024-11-21,test,False,0,0,1,f2aab0989914dcd190d199c629fea4ac9c2a3be6911ec6934f156c51b5d6d106
mistral_base_no_rag,,decision_close_2024_12,2024-12-26,test,False,0,0,1,2a3a54b2d8b1637b71f7e46a13b78ccc9dcf3d7199b44373982d7519a736b5ab
mistral_base_no_rag,,decision_close_2024_2,2024-02-22,test,False,1,1,0,7b9a4f5195b1b64320eec01e55b5cf7f08f0586b5d9a4a45e7f39dc15e6b75ee
mistral_base_no_rag,,decision_close_2024_3,2024-03-21,test,False,1,0,1,a9be91d54fc1dc4d78995a44cf0f8fba6adcab28477eeba3ee1d2164237f1088
mistral_base_no_rag,,decision_close_2024_4,2024-04-25,test,False,1,1,0,fc6ec45840f549238e270cfbf3e655c8d249d6e8dc50f6702c3a5dc0bc05a47a
mistral_base_no_rag,,decision_close_2024_5,2024-05-23,test,False,1,0,1,f6c1db25b62b3abe89ceae728ff34838ebd555cf8d146ce1b05d6503b0d86114
mistral_base_no_rag,,decision_close_2024_6,2024-06-27,test,False,1,0,1,6490aa51d2e92014bffa1a5c514cbe16cbcdcd44db012ee143474597e6ab4d49
mistral_base_no_rag,,decision_close_2024_7,2024-07-23,test,False,0,0,1,302b236a0b99297ab15604463e036516e60297bbcf9ba4655678d1078f49c965
mistral_base_no_rag,,decision_close_2024_8,2024-08-20,test,False,0,0,1,21d384abad2b9c49fd6c45decff703ad25365b04121670845d4aa3a4f810be42
mistral_base_no_rag,,decision_close_2024_9,2024-09-19,test,False,0,0,1,f1299b6802a51cd48141b075c7fe894ec192eb409596972d89200820aaaf566d
mistral_base_no_rag,,decision_close_2025_1,2025-01-23,test,False,0,0,1,ccfc1931214864bd27f2116926506d914200f65974dadcb1d1dae2f505dd7c1f
mistral_base_no_rag,,decision_close_2025_2,2025-03-06,test,False,0,0,1,cf68cdefb83c4ed03ce848b39cb0e3ea147eb1bf714a745579f7c64861a91739
mistral_base_no_rag,,decision_close_2025_3,2025-03-20,test,False,1,0,1,306963ffc6d9a69317ecc857ce4b5ca0a850ba36008f38fc5985e24205165093
mistral_base_no_rag,,decision_close_2025_4,2025-04-17,test,False,1,0,1,afc7a655609e5c7addcce8d1e96dc1b9788f8cbd0974021f574377c372dddd2e
mistral_base_no_rag,,decision_close_2025_5,2025-06-19,test,False,1,0,1,7aade3b17da94aa4e5bf1d14a7a77ee6dffc1ed0b29f855a6db297efc2097daa
mistral_base_no_rag,,decision_close_2025_6,2025-07-24,test,False,0,0,1,b9e015b217b14bfc684a52a8fefc6df8fab9a7c3058840ae21ea9a2e6b2aae7e
mistral_base_no_rag,,decision_close_2025_7,2025-09-11,test,False,0,0,0,05789d1b9a9fddc1b0b5af74a49ba614e01a1d98ef919fe97f14fe40c0901ea0
mistral_base_no_rag,,decision_close_2025_8,2025-10-23,test,False,1,0,0,4227be1286e75ce61cf784ba2cd857608633233dba0ef02841cb4c0cbb7e2d8d
mistral_base_no_rag,,decision_close_2025_9,2025-12-11,test,False,0,1,0,f11adb533c23f3a0c326de9dd52f0c8c86db7758e2cd817b7d5000b392f9dc91
mistral_base_no_rag,,decision_close_2026_1,2026-01-22,test,False,0,0,0,95d3c4804d5736b62c972ad8f0edd005332d99d8ce3fa2b367368a342f572b8c
mistral_base_no_rag,,decision_close_2026_2,2026-03-12,test,False,0,0,1,b430be9ee359c1bb096111f2d0b90c6e3c9f502d55b212b42ae1aa425dedd17d
mistral_base_no_rag,,decision_close_2026_3,2026-04-22,test,False,1,0,1,e9ab7a5a43346346fc1ef1cac3730324ff9e2fcc3b2b50087205e1ea2b6223dd
mistral_base_no_rag,,decision_close_2026_4,2026-06-11,test,False,1,0,1,4121898f2424d669ada49381bc0964f56a444a9597722a2c42be4dac7b8827cc
mistral_base_rag,,decision_close_2022_10,2022-10-20,validation,False,0,1,0,de64a0261aff68b0d65cb084e910d8e11fee4b984d230e2652cfed20974745ca
mistral_base_rag,,decision_close_2022_11,2022-11-24,validation,False,0,1,0,830f9a6c3f50c7fd338a47582eaa6bbca55b10917dcd024d0b456c7bf959f971
mistral_base_rag,,decision_close_2022_12,2022-12-22,validation,False,0,0,0,f4be07b0f6f6918d4322e3b29638182c90e17319797bd2821a93f37fccc39346
mistral_base_rag,,decision_close_2022_8,2022-08-18,validation,False,0,1,0,2e6991b3b9185be2b4849b38186569c4c6afd26535e6a425a82cf83d512d075e
mistral_base_rag,,decision_close_2022_9,2022-09-22,validation,False,0,1,0,171ae6129f503ddc4bef991958fccb4e7677804e50c95b222796be5c6b5ddfb8
mistral_base_rag,,decision_close_2023_1,2023-01-19,validation,False,0,1,0,cfb2b5caf79d38ae2920395aad1731305d6646546ea1677d023540f01252d904
mistral_base_rag,,decision_close_2023_10,2023-10-26,validation,False,1,1,1,5bd76a070a105075929a92e2dd4a1f9502be3188651546184d038977dd8f74e3
mistral_base_rag,,decision_close_2023_11,2023-11-23,validation,False,1,1,1,aa5638e7d7682ac32c07a188a90bf63a7fbfe076c7ebde7b7f05a456ae01e2f3
mistral_base_rag,,decision_close_2023_12,2023-12-21,validation,False,1,1,1,029c31ab93631351d68f9949e0ef9a33a2464a00ff110b54c9f7b07ca1772b31
mistral_base_rag,,decision_close_2023_2,2023-02-23,validation,False,0,1,0,968a85341164bee81d3b551c0a8b22cdc0a6336834e368d75fc081712d86f2cf
mistral_base_rag,,decision_close_2023_3,2023-03-23,validation,False,0,1,1,993af6a126bc1fca6de2bfca57cd412d8b2116f0bd3fdf14f083b9e07b6cb590
mistral_base_rag,,decision_close_2023_4,2023-04-27,validation,False,0,1,0,962cf2910d2288a8dd80d22904825aebe7f6837be64dcc8f8eb6c3f3799df03f
mistral_base_rag,,decision_close_2023_5,2023-05-25,validation,False,0,1,0,2dbd2176605cb2de9b8bcc11c1008da66248ea8ce54c38cdd81e8cf5e8b5248a
mistral_base_rag,,decision_close_2023_6,2023-06-22,validation,False,1,1,1,9f9cee507d9a6703db99d052cc8c6e043797a8547cf3ec0ac53ac478bd86f6c5
mistral_base_rag,,decision_close_2023_7,2023-07-20,validation,False,1,1,1,b4afa4dd3c9240012014bbbe6c9057aaef9cd3225da1fd1f1845d07c185830ef
mistral_base_rag,,decision_close_2023_8,2023-08-24,validation,False,1,1,1,44ec31f83a2c30c207103d214672677b23931435ce9ba3d62492f843bce1363f
mistral_base_rag,,decision_close_2023_9,2023-09-21,validation,False,0,1,1,d2d352d2008554d82037b491e81cde4fa87091a1b92ac713daa5515d178fd191
mistral_base_rag,,decision_close_2024_1,2024-01-25,validation,False,0,1,1,c5ccfa7bf6ab09921a3d213b66653c6b380f1c62575e99512e86e37e981007ef
mistral_base_rag,,decision_close_2024_10,2024-10-17,test,False,1,0,1,2469434693c475df5ec21993a3499f14db359dcf4cbde67ef39e4d4e4bcfabd7
mistral_base_rag,,decision_close_2024_11,2024-11-21,test,False,1,0,1,0761e52ad9c0a84400c258b3fa51ec704290413300001e80dcf753b4d168a4e4
mistral_base_rag,,decision_close_2024_12,2024-12-26,test,False,1,0,-1,a34644ef0f023ae02050e8145fb086af46bdf0cb3b0d7918b1cd0d74284c010d
mistral_base_rag,,decision_close_2024_2,2024-02-22,test,False,1,1,1,571d14b1d4f2317c6136034a479e0242f65c9a79eb9ab9deeca88fd1e6775e27
mistral_base_rag,,decision_close_2024_3,2024-03-21,test,False,1,0,1,15d9178a92a8b4e93efa6081964bd9fcb709ee1b9529b189a874ff905a45755f
mistral_base_rag,,decision_close_2024_4,2024-04-25,test,False,0,1,1,c82c8d2dc978f0b8166d551c62ebc434107aaca4341cf29dca937b5c43ab151d
mistral_base_rag,,decision_close_2024_5,2024-05-23,test,False,0,1,1,ab254de80bfa47dec0f562451fe6342f91f59dfe727111e5a3893d9b42a5d6d6
mistral_base_rag,,decision_close_2024_6,2024-06-27,test,False,1,1,1,89887ad1d7e09078e090ac2b4351c7235d7e88b1cd4b40cf2022bbf85f30ee69
mistral_base_rag,,decision_close_2024_7,2024-07-23,test,False,0,1,0,a1b5bf853b6f078aaaa9de9a5af415c1153245d33a73f6e8ac3fd2d198b27665
mistral_base_rag,,decision_close_2024_8,2024-08-20,test,False,0,0,1,ff18fcc454c9c6ec73df8ef9f2828eb0e4815eeea3899690231639ba93a403c6
mistral_base_rag,,decision_close_2024_9,2024-09-19,test,False,1,0,1,934ea2cefb1f92e7d7da8779e8dddc388324206577dfc33033d641d127f3b5fd
mistral_base_rag,,decision_close_2025_1,2025-01-23,test,False,1,0,-1,876fccba65ff63641308d6ab34ce544bebba30c0d8bc8f8e91e63e42a54301c6
mistral_base_rag,,decision_close_2025_2,2025-03-06,test,False,1,0,1,4e1292536a1b63cbe1c8a24997c5fda894f60fa2238fd07089ea365ecb49862b
mistral_base_rag,,decision_close_2025_3,2025-03-20,test,False,0,0,1,1ab53b17d8298594cdaf05382c7616b78cd7434e1fdfeeff9fdfe9a47726790b
mistral_base_rag,,decision_close_2025_4,2025-04-17,test,False,1,0,1,89fa69c6a85c0dab9313779614ef99d3a84b824d530a45b536f12d34363fe1a8
mistral_base_rag,,decision_close_2025_5,2025-06-19,test,False,1,0,1,c3fe697fdb6412513aacd061ba0fc52a167d2a1dd223e662c915939256bb3bc1
mistral_base_rag,,decision_close_2025_6,2025-07-24,test,False,1,0,0,209985be0e2e4d9975842c98b442513ec6c973ddd29651f4a30ad74a03f95405
mistral_base_rag,,decision_close_2025_7,2025-09-11,test,False,0,0,1,a8c13a673b9f435b4d17134a9d3163b67ee4c4738ce616a77f9c6f8df5723cbe
mistral_base_rag,,decision_close_2025_8,2025-10-23,test,False,1,0,-1,1acfea34c0c3a2614c595d76b47d094020e9d0544360f9b1da7c05d3bcf5508f
mistral_base_rag,,decision_close_2025_9,2025-12-11,test,False,1,1,1,05fbfba1b09d3dc5458a222e7d9fc1a559d637c3740686901badf536ea0b0a3d
mistral_base_rag,,decision_close_2026_1,2026-01-22,test,False,1,0,0,7be498aa7a082356252ed944c8415eb9c7bf60dd4d7e81f501d98a9f01dff148
mistral_base_rag,,decision_close_2026_2,2026-03-12,test,False,1,1,1,a0287447e47e87ae2f00f165bb21719504dfb7b50538fbaeda16d88049b3e9bc
mistral_base_rag,,decision_close_2026_3,2026-04-22,test,False,1,1,1,9ddb1088e01fc6f7fddb79c852def6e5464c50796f2a78a91596497b1219cc3d
mistral_base_rag,,decision_close_2026_4,2026-06-11,test,False,1,0,1,a6ff672dafebfc14be11f852c6e6191983020cbcc6b37babe4d94d8cce09d1dc
mistral_ft_no_rag,20260916,decision_close_2022_10,2022-10-20,validation,True,1,1,0,5c46936406a39ca310a388610380f2d68f408131f2d0c635ec619768bf0ef9bc
mistral_ft_no_rag,20260916,decision_close_2022_11,2022-11-24,validation,True,1,0,0,5a98fba89b5d400b218d01957250cfe26343e291455a51dc9fc90463994d20c8
mistral_ft_no_rag,20260916,decision_close_2022_12,2022-12-22,validation,True,0,0,0,adbacbf4369fbc05c183e7a9fad02f569975c7216720df5bc47d1139f638c9f6
mistral_ft_no_rag,20260916,decision_close_2022_8,2022-08-18,validation,True,0,0,0,207b556a6f08868823d6a8dfa528df3d440b9ecec5ae859b2c327e31701a7fda
mistral_ft_no_rag,20260916,decision_close_2022_9,2022-09-22,validation,True,0,0,0,8c03930428b8adc85350bc5970e7aa5d3c987fd0a60de2bf47caaea514f1e07e
mistral_ft_no_rag,20260916,decision_close_2023_1,2023-01-19,validation,True,0,0,0,519e2fb63c4c87f979e53519146eeabfa4e1bc1ab6be67df7ed548d2ebbeef9d
mistral_ft_no_rag,20260916,decision_close_2023_10,2023-10-26,validation,True,1,1,1,c003f9e4f81833823fd65ae3517e108c29a3c5cad6e7238d5023dda6cfe65728
mistral_ft_no_rag,20260916,decision_close_2023_11,2023-11-23,validation,True,1,0,1,bdeaf4acab2bfbdfd18aaa3ffaff5cfc6d4479d6dec89eeca570004ca46224fd
mistral_ft_no_rag,20260916,decision_close_2023_12,2023-12-21,validation,True,0,0,0,88b51656988a2859db276afb4f32c53bb11a54ab03bc3de68545f7785a535ca1
mistral_ft_no_rag,20260916,decision_close_2023_2,2023-02-23,validation,True,1,0,0,ea61c4d958c513df1fd4b615c5a054ee2aab2b6fe17dc8b9fb123d352affceab
mistral_ft_no_rag,20260916,decision_close_2023_3,2023-03-23,validation,True,1,1,0,e80e61d6d7c8cde8e8b589c39c06a7bed5e409f971949ec1deaf5368942e82ec
mistral_ft_no_rag,20260916,decision_close_2023_4,2023-04-27,validation,True,1,1,0,b1f1c8d084a163b3044769df22d763ae2eb46851f2acab8c4a2e6efc267c038c
mistral_ft_no_rag,20260916,decision_close_2023_5,2023-05-25,validation,True,1,1,0,4bbc75f11bef3aa4d71712e8bbf6b1e419088b31889da731e7ae851ea347aef8
mistral_ft_no_rag,20260916,decision_close_2023_6,2023-06-22,validation,True,1,1,1,d66216b18ac10e23b21af17e4deefcb28b544ca94b8a7c8b2b2ce453723c0b50
mistral_ft_no_rag,20260916,decision_close_2023_7,2023-07-20,validation,True,1,1,1,09fd4e1104186ad67f2dd55ac435c5b68fcd884604e019f9d45c035bf6ec955d
mistral_ft_no_rag,20260916,decision_close_2023_8,2023-08-24,validation,True,1,1,1,fcb4c93bded1003e16afb2866dd81dad92dc152d875fbb493e373f7ebe133ce5
mistral_ft_no_rag,20260916,decision_close_2023_9,2023-09-21,validation,True,1,1,1,ca9c0779740c6084131537a4c9fcf1ce11c66c3c72ae64aadbb457191cf79fc6
mistral_ft_no_rag,20260916,decision_close_2024_1,2024-01-25,validation,True,1,0,1,a7cb994584673031c26695abc715fd85b3670945ee9bc4498a36a918fd48f882
mistral_ft_no_rag,20260916,decision_close_2024_10,2024-10-17,test,True,0,0,0,b693c698c080314c5b5332273ed38b4b1b4f332132494000760377b3b81c6f95
mistral_ft_no_rag,20260916,decision_close_2024_11,2024-11-21,test,True,-1,0,1,1ecd79dfedd191a23b07228e9b45e57d913a27806c43aaa44c63f405ccc464d8
mistral_ft_no_rag,20260916,decision_close_2024_12,2024-12-26,test,True,-1,0,1,dc4ef8d929f1e8e9503375172f1c35d111b14a43ece934e9a8669688730317fe
mistral_ft_no_rag,20260916,decision_close_2024_2,2024-02-22,test,True,1,0,0,8a4d1366fdeaa643a7ea8f079cc425ad116297609972e803676e80856406c638
mistral_ft_no_rag,20260916,decision_close_2024_3,2024-03-21,test,True,1,1,1,19e9017d47fc3f44dafe95fc8fe61a0a29e07b9353ec93f2a3161f38fce5e569
mistral_ft_no_rag,20260916,decision_close_2024_4,2024-04-25,test,True,1,1,1,d8d1029d6f6cd9ca759fec60cbe6b1baaf0505f701d03c4e7f96b35b02823c7a
mistral_ft_no_rag,20260916,decision_close_2024_5,2024-05-23,test,True,1,0,0,f4d3ec5f1c6b2eb4949704550854c8fd0356ef8add2e12b6e8ce5bf9a7e4a5b0
mistral_ft_no_rag,20260916,decision_close_2024_6,2024-06-27,test,True,1,0,0,545644bd51970079bc8f4588c5b7bb64787ae79f0e8afacc35f33425c25b1873
mistral_ft_no_rag,20260916,decision_close_2024_7,2024-07-23,test,True,0,0,0,e9c5fb35e95807d756fd51325af19e228c01c6b4fbe9bf16ccff24dac11d066e
mistral_ft_no_rag,20260916,decision_close_2024_8,2024-08-20,test,True,0,0,1,22d491618220727f76e5312119dad7ecb6f4bb2793024aa72ad4d844f82834cd
mistral_ft_no_rag,20260916,decision_close_2024_9,2024-09-19,test,True,0,0,0,15093b1cd0a32fcf07ad6702285425ecfb5a53109cfe63f29341a9fbc0fd2472
mistral_ft_no_rag,20260916,decision_close_2025_1,2025-01-23,test,True,1,0,1,b9f3329dca5d07bf03ddbcbb17c7c4b81112b785e47ce78a63c9bd6389e76454
mistral_ft_no_rag,20260916,decision_close_2025_2,2025-03-06,test,True,0,0,1,f8c052df19884d43d0b223dbf1ac307ef2fb9435299b848acbca85ab966c7237
mistral_ft_no_rag,20260916,decision_close_2025_3,2025-03-20,test,True,1,1,1,1eadeb09b70765f63240ffea84f91dc1e8c7c6c11b40ccb65eefa08bd07f68a9
mistral_ft_no_rag,20260916,decision_close_2025_4,2025-04-17,test,True,1,0,1,6f2e1d38bc8526a7ed162a82d46b2f328ee6c8d1a732cc9e0459c8a2456ec7ca
mistral_ft_no_rag,20260916,decision_close_2025_5,2025-06-19,test,True,1,0,1,01155f289eb92e678b161d008c27304df44dcd9e57bf67c6f3fe7c3112661ba1
mistral_ft_no_rag,20260916,decision_close_2025_6,2025-07-24,test,True,0,0,0,9cd0dfc485938fe717c12f96a8102b5a37b7ed9ef9267d56d078aa16a2d291f0
mistral_ft_no_rag,20260916,decision_close_2025_7,2025-09-11,test,True,0,0,0,b8859d43850f7535cb5725c5252564f063e22feafab5737f41dc75e0910273a5
mistral_ft_no_rag,20260916,decision_close_2025_8,2025-10-23,test,True,1,0,1,6ef8adaf41247e6ef4c96783c42424691a10ea729173ccae45b24c74c83bc474
mistral_ft_no_rag,20260916,decision_close_2025_9,2025-12-11,test,True,0,0,0,be8fbf6ef0e04feaab12b355f325881c5078d1f6da7cd9aa77f5c620ee6e1063
mistral_ft_no_rag,20260916,decision_close_2026_1,2026-01-22,test,True,0,0,0,a24ed38bacd0f3a01054bc0398a1c15a68b9787f551281995d238150354e94ff
mistral_ft_no_rag,20260916,decision_close_2026_2,2026-03-12,test,True,1,1,1,abee35d59a5167b595c7f091c32cf8bd275e7d886d9020173accf49701f13e0a
mistral_ft_no_rag,20260916,decision_close_2026_3,2026-04-22,test,True,1,0,1,1ab9cb3e6d75420a359b4bace4c89e968d7829b6c5865373a21b6ea24c0636a8
mistral_ft_no_rag,20260916,decision_close_2026_4,2026-06-11,test,True,1,0,0,e57f299d066b327508cd2278bcf8d4f6f9756866e9839c455d97760d9d533888
mistral_ft_rag,20260916,decision_close_2022_10,2022-10-20,validation,True,1,1,0,10cc9c05269dae7b45d94002a616e8c4c844df8db350eb9f4f31a6a5c27cb39c
mistral_ft_rag,20260916,decision_close_2022_11,2022-11-24,validation,True,1,0,0,1f5148f71897fba87cc5e0b226489019c798e38815f5e4ae63575e4abd47019e
mistral_ft_rag,20260916,decision_close_2022_12,2022-12-22,validation,True,0,0,0,8a0d4691e845424ceecff5be9c17dc8260eff9137f1212ed27efd02bce51070d
mistral_ft_rag,20260916,decision_close_2022_8,2022-08-18,validation,True,1,1,0,18044865718623f45ade27f22f97f54bbad88a0da6a209e2ea07ea01dc4d024f
mistral_ft_rag,20260916,decision_close_2022_9,2022-09-22,validation,True,0,0,0,63c5eddd460f8418621f11a0a670569f9389b94a3e4b907c2777a95924eba3f5
mistral_ft_rag,20260916,decision_close_2023_1,2023-01-19,validation,True,0,0,0,ea957979f02d5fa7da6a644cd48708b65242ea4655252104b424229043c57a11
mistral_ft_rag,20260916,decision_close_2023_10,2023-10-26,validation,True,1,1,1,024c7a51fdf77e523192ca86e0bc740a0c74ed23a5b00174dab76320e204e97d
mistral_ft_rag,20260916,decision_close_2023_11,2023-11-23,validation,True,1,1,1,0330f8f8c54fe84fd67cdaf3189eaee47cd261245fa3b47ebdce5fbaf02e71fa
mistral_ft_rag,20260916,decision_close_2023_12,2023-12-21,validation,True,1,1,1,ba3220546d7635d97a683829307e6068babe85c6e6e29242a8ce08de923ea2ee
mistral_ft_rag,20260916,decision_close_2023_2,2023-02-23,validation,True,0,0,0,c7dd657d9e8083f62780445aef76d440b1c7434565b40e9bbd9a4671d500b730
mistral_ft_rag,20260916,decision_close_2023_3,2023-03-23,validation,True,1,1,0,922b8bdfcb6003edce73813a0928aeba8699e3f5158d49b66ad825f761e89213
mistral_ft_rag,20260916,decision_close_2023_4,2023-04-27,validation,True,1,1,0,6dcd62be4d5048780f4813ff7332fd863d68e94cc279d3db09d77cc3b06208d5
mistral_ft_rag,20260916,decision_close_2023_5,2023-05-25,validation,True,1,1,0,e8eeb2d3f76bf6b22cf0eb2eff1771df86bdbf76ab6ad190cdba9dcabc7319a3
mistral_ft_rag,20260916,decision_close_2023_6,2023-06-22,validation,True,1,1,1,9b432ffdb624b5e14fde0775a03eb6abe920e0b04eeaee3f2762b160ba965098
mistral_ft_rag,20260916,decision_close_2023_7,2023-07-20,validation,True,1,0,1,8c8e96a5c27a64a6de84ba04d7db41a90297b69865cbdb8b1c4d5449d845a65a
mistral_ft_rag,20260916,decision_close_2023_8,2023-08-24,validation,True,1,1,1,022e96e270c3503dce754c4f9b55e9423e1dedb89fd0027db34e38e248b8e52d
mistral_ft_rag,20260916,decision_close_2023_9,2023-09-21,validation,True,1,1,1,be81137f43b654a8ca30d2831d35a5790fdb9cfad69e5f9fc9fba0bb69f2cf67
mistral_ft_rag,20260916,decision_close_2024_1,2024-01-25,validation,True,1,0,0,2c987d98d3bfa80af47aa607e1a808ea2ce28504ba4bc7d1cb65078b67b87ecd
mistral_ft_rag,20260916,decision_close_2024_10,2024-10-17,test,True,1,0,1,0ddecc8ef9d3afe111c61c4dd0bac33f304cff52002a1c51c0b93431b39f4f51
mistral_ft_rag,20260916,decision_close_2024_11,2024-11-21,test,True,-1,0,0,049a5cf223a2321f28144d7d30be49ffb62a41d82f5698613d5e9cece15565eb
mistral_ft_rag,20260916,decision_close_2024_12,2024-12-26,test,True,-1,0,0,aa5d6066aeb2b72971d553f01743936a5a5c2e1162c7bfc6ebbecdd44f2acf80
mistral_ft_rag,20260916,decision_close_2024_2,2024-02-22,test,True,1,1,1,8d52935d4aee89fec7ba755397bc07fbc33afbd6f85e13910ea2301ad1b83f00
mistral_ft_rag,20260916,decision_close_2024_3,2024-03-21,test,True,1,1,1,9b4da916751438b55c294597b4d265ae3d5c3fa3ec5172c0556f8006799c7905
mistral_ft_rag,20260916,decision_close_2024_4,2024-04-25,test,True,1,0,1,1c85ab95f05bb817f00b0b7dff2e91b81d58b2e14764627b44cc09cf51f7ba91
mistral_ft_rag,20260916,decision_close_2024_5,2024-05-23,test,True,0,0,0,201a5624ebc4fc90b4066af31fde7dd70468c4f82060ea4f2545cd2a513d2119
mistral_ft_rag,20260916,decision_close_2024_6,2024-06-27,test,True,1,0,1,cadc0c3d05134612ae26b0b6995a064a0ac49a8bd1b60e9a0611b029e42fa504
mistral_ft_rag,20260916,decision_close_2024_7,2024-07-23,test,True,0,0,0,0c453bef5ac081217e273c0ca709ae70bf7ba3df279decf788c3f1cf94896d4d
mistral_ft_rag,20260916,decision_close_2024_8,2024-08-20,test,True,0,0,1,6441584a273f78e9e4bbefd138721e4bf342cd0f37c891ae393b7f87746b02fa
mistral_ft_rag,20260916,decision_close_2024_9,2024-09-19,test,True,0,0,0,17cd7600c1dd78c2589c0339d78c890ce38b7372e57406b4e67f11ebacc49aff
mistral_ft_rag,20260916,decision_close_2025_1,2025-01-23,test,True,0,0,0,ba48519328021d5396a7845ad173eb3afaee690ed17fb30b4c79bd660dc1e5d9
mistral_ft_rag,20260916,decision_close_2025_2,2025-03-06,test,True,-1,0,0,2038e4293bd492581112d323bf4a5cec99cb43bf09fdfcf8006f5dc6596a4c9f
mistral_ft_rag,20260916,decision_close_2025_3,2025-03-20,test,True,1,0,0,36682c9d528fecbee92efb70bbb39bd093f5c34b3e2c950f3bc17545531c7dd9
mistral_ft_rag,20260916,decision_close_2025_4,2025-04-17,test,True,1,1,1,93fda4657643427b2a79d57ba9ff31d5d5b1bc9a124e3e372ab17c926cca6704
mistral_ft_rag,20260916,decision_close_2025_5,2025-06-19,test,True,1,0,1,c73c4366162b315620fcfd81a26e704276914c3e31ad0fe1ba841308dd0d35bf
mistral_ft_rag,20260916,decision_close_2025_6,2025-07-24,test,True,0,0,0,e07c2ced06a8794ae87fe998b89d53eabfe36002f964ef275fb5f171897090dd
mistral_ft_rag,20260916,decision_close_2025_7,2025-09-11,test,True,0,0,0,bf49ed9777b46ec827690c0d7721616d8a1a5452f8b3d9efbdee70b8185d9efa
mistral_ft_rag,20260916,decision_close_2025_8,2025-10-23,test,True,1,0,0,b44b19d4b952385319f0bfb63ac1c2709beab2662c447ca20fc214245a90958a
mistral_ft_rag,20260916,decision_close_2025_9,2025-12-11,test,True,0,0,0,69b530d0e7eeb2b3ad5c075f34ea029e2b3afb198385bfcd3ad2d4f0be6a12b1
mistral_ft_rag,20260916,decision_close_2026_1,2026-01-22,test,True,-1,0,0,048a123fa1d6b6630b13b9e97c176ef725ad7d91dd96ff66b1f7ee54fa8b70dc
mistral_ft_rag,20260916,decision_close_2026_2,2026-03-12,test,True,1,1,1,981ecbc983e7a56331fdb67ac96ebca74c75b9994672a2f8889dec93dee88c5f
mistral_ft_rag,20260916,decision_close_2026_3,2026-04-22,test,True,1,1,1,85f0e032cc05d20beecc9a31af73286f45efdd6af46d9c3d389a7bcc92c9dece
mistral_ft_rag,20260916,decision_close_2026_4,2026-06-11,test,True,1,0,1,53c616384fdf369dd398b9824edfc77e068f6a6229cf43d1e6fbaabef928e27f
mistral_ft_no_rag,20260917,decision_close_2022_10,2022-10-20,validation,True,1,1,0,7eb3750cd3186a208e3e61cf3db13bc30cab6d3a357c6fff40f0bff0512bc64f
mistral_ft_no_rag,20260917,decision_close_2022_11,2022-11-24,validation,True,0,0,0,a5dc1037929daa3b8bdc1c6bef47a313a7fff286e375b1b75dfa2f49f0927111
mistral_ft_no_rag,20260917,decision_close_2022_12,2022-12-22,validation,True,0,0,0,8b58ca2bd6358a9f94653f30fde3fdf1381ae71d14ddae254cf8de6aa3766a04
mistral_ft_no_rag,20260917,decision_close_2022_8,2022-08-18,validation,True,0,0,0,df09402549ab6d6d74d6ed15db521067578545ca3f79db8a2b55a261fa7b4e76
mistral_ft_no_rag,20260917,decision_close_2022_9,2022-09-22,validation,True,1,1,0,da944a71671ecfc3ad8b3fb94a65d13969a5dd4390b47d42421b4becf7c4e46e
mistral_ft_no_rag,20260917,decision_close_2023_1,2023-01-19,validation,True,0,0,0,1fffa5677de91988e0d13dd5189d6afb37ebf7655fc34dcfeeeab28519e740d6
mistral_ft_no_rag,20260917,decision_close_2023_10,2023-10-26,validation,True,1,1,1,5ad3099a033670d534b9977727bcf5c8e1d826168ce0b8afa13e3c41eaceefe0
mistral_ft_no_rag,20260917,decision_close_2023_11,2023-11-23,validation,True,1,1,1,88c92a0c19e53394f68a0734c7c4a05d3f890e1a3667a284a8130289afc93b40
mistral_ft_no_rag,20260917,decision_close_2023_12,2023-12-21,validation,True,0,0,0,a226d1c56b1310f58fe8250f62d03f943d65233138cab6d8a8994ff6684c9aae
mistral_ft_no_rag,20260917,decision_close_2023_2,2023-02-23,validation,True,1,0,0,03ae38c577c1cb01054db88192c4b93d3d61803b53e9e434a1eb7d70888b8fdd
mistral_ft_no_rag,20260917,decision_close_2023_3,2023-03-23,validation,True,1,1,0,c912230386a90292e6b6935e2d91187eef3d1821aaefaa3b9c7ab234d05d6ba3
mistral_ft_no_rag,20260917,decision_close_2023_4,2023-04-27,validation,True,1,1,0,7423dd98c0ce484fadc516e4f8286e7614a3f8a80009c729d6bb401d839ba2a6
mistral_ft_no_rag,20260917,decision_close_2023_5,2023-05-25,validation,True,1,1,0,1284f102bbed2665bb873b5efe57086ad327875cae67d232fc4236609d170c92
mistral_ft_no_rag,20260917,decision_close_2023_6,2023-06-22,validation,True,1,1,1,aa0502c85387a5857485f540973b8f96b66dd0505c04369597dd8a3d7869f662
mistral_ft_no_rag,20260917,decision_close_2023_7,2023-07-20,validation,True,1,1,1,1c43ae004bb572edaf835793b99d32719434831d3b858d693045d8420911c922
mistral_ft_no_rag,20260917,decision_close_2023_8,2023-08-24,validation,True,1,1,1,96a6f7a3c30267cb2c7168db7cf5c004f2e7892b03d963f4a6b1a67f46111b06
mistral_ft_no_rag,20260917,decision_close_2023_9,2023-09-21,validation,True,1,1,1,5088644340c8f3f011e1b3a26d6dfd76ee0e95eeda363297763fefd6011191d0
mistral_ft_no_rag,20260917,decision_close_2024_1,2024-01-25,validation,True,0,0,1,96dc8cf5de4e8b7708e83df653cc1b947c4edbdefa748b73d7a4e3a1ae92c749
mistral_ft_no_rag,20260917,decision_close_2024_10,2024-10-17,test,True,0,0,0,4c7969341428e33f9c8413b4837d4f7fb908e92745afe21df09ee8495b94e9a2
mistral_ft_no_rag,20260917,decision_close_2024_11,2024-11-21,test,True,-1,0,0,897e4f81a725392cb378cc7e6c5f6c7c151e0304e5deb6c39954f66c6e72f6e2
mistral_ft_no_rag,20260917,decision_close_2024_12,2024-12-26,test,True,-1,0,0,2ad66c47d2f4bd662fd3d47c9a8d7e838df69247521b95a88ee07ba54af3ff31
mistral_ft_no_rag,20260917,decision_close_2024_2,2024-02-22,test,True,1,0,0,cb1375709c5a244f261bf8f4915072aef8117a083ca00860eb64292d47bdfa9c
mistral_ft_no_rag,20260917,decision_close_2024_3,2024-03-21,test,True,1,1,1,d7288f53f4f701589d162de89a1be90857321486302fe4b109c42c8c91009eaf
mistral_ft_no_rag,20260917,decision_close_2024_4,2024-04-25,test,True,1,1,0,4be8cf1b685fb0bbf426c2474d9e4b31a909a7bd25fe10b94f4e600f6d57e18e
mistral_ft_no_rag,20260917,decision_close_2024_5,2024-05-23,test,True,1,0,0,c7b4fefaae40ba780fbfc529709dabd13173762d29d55a5e3340605a9b6fd7ed
mistral_ft_no_rag,20260917,decision_close_2024_6,2024-06-27,test,True,1,0,0,6559f7198378f5248808e4f29d3e8451adb7498f9ffce628b0b4812407599824
mistral_ft_no_rag,20260917,decision_close_2024_7,2024-07-23,test,True,0,0,0,804e7af35e7724379bbfeaa70ee36d8c2fd32ce3c0e44f743a98baa34d646f64
mistral_ft_no_rag,20260917,decision_close_2024_8,2024-08-20,test,True,0,0,0,f30a0d9c8ab26d7886a68a55c4fb11895a890106a8c1bbce02253e0e3cbd0509
mistral_ft_no_rag,20260917,decision_close_2024_9,2024-09-19,test,True,0,0,0,fa7e013e4b79d113a8f03c0b8c0c221f13f938386fec6e3f5453839f497e71e8
mistral_ft_no_rag,20260917,decision_close_2025_1,2025-01-23,test,True,0,0,0,bfcf6d0c2ed6b890173990eb9e9417894a3b341f248d8ea3c6dcc31259086248
mistral_ft_no_rag,20260917,decision_close_2025_2,2025-03-06,test,True,0,0,0,c822c8780095b17d27b654b7b02b099f5f48103d1f92d8dfb43a9a8361d6e7ca
mistral_ft_no_rag,20260917,decision_close_2025_3,2025-03-20,test,True,1,1,1,0d78262eedc0e99f3124470410a8d079537f64efcbb2252420c2a337555c02ab
mistral_ft_no_rag,20260917,decision_close_2025_4,2025-04-17,test,True,1,0,0,76af3ddce0f93d2946b9fc171215b1a9450c5f7bd13117578c70867f98bb6c4e
mistral_ft_no_rag,20260917,decision_close_2025_5,2025-06-19,test,True,1,0,0,5418f123a90214e2a9c72b1e633112231039f053a291260bec82ac93467ecff0
mistral_ft_no_rag,20260917,decision_close_2025_6,2025-07-24,test,True,0,0,0,3a4294cd0ade806042afa2d9c089162c44cd8fe51ebeeca067f6434457ad9eab
mistral_ft_no_rag,20260917,decision_close_2025_7,2025-09-11,test,True,0,0,0,b774df6b840251a33172d087aa1527072a1762aa18c5c49d75084ac8d26a2b34
mistral_ft_no_rag,20260917,decision_close_2025_8,2025-10-23,test,True,1,0,0,65db286d6498bec7e998b06de4a4eeed8093128da2a8852976f86d87f2b49697
mistral_ft_no_rag,20260917,decision_close_2025_9,2025-12-11,test,True,0,0,0,413b4f45a1932dc42b34ff27e64b6055a18683efa7d7c5c30f77eca4369a50c6
mistral_ft_no_rag,20260917,decision_close_2026_1,2026-01-22,test,True,0,0,0,8a71dc07cc6eebfba7fe6852c0ae40f2b1416741f580c305fbae2af20ba3591e
mistral_ft_no_rag,20260917,decision_close_2026_2,2026-03-12,test,True,1,1,1,5e6086b58581b4f023ed8ce640629ba854cb0bb140602502877b0c757c6757e7
mistral_ft_no_rag,20260917,decision_close_2026_3,2026-04-22,test,True,1,1,1,bfd1bdae31bae65c830739c1cff6c42ec7621321f2e35db0caa2efdaa591767b
mistral_ft_no_rag,20260917,decision_close_2026_4,2026-06-11,test,True,0,0,0,2f9531685a771612577f5b4cdd30bf4cc48eee3ee518551d8e141dc314515825
mistral_ft_rag,20260917,decision_close_2022_10,2022-10-20,validation,True,1,1,0,2566938d9d2b4fa359c69d835b8a1c40d02608474094d3fad704481e419c8af3
mistral_ft_rag,20260917,decision_close_2022_11,2022-11-24,validation,True,1,1,0,5d1cf98d388e7eb15778af27ba408ba400811a0969bc420be38da5904801ea32
mistral_ft_rag,20260917,decision_close_2022_12,2022-12-22,validation,True,0,0,0,5da26d66c8ceb328273cb7fafa94b7c4bdad3f283600c7c9b16cc8bc95a36671
mistral_ft_rag,20260917,decision_close_2022_8,2022-08-18,validation,True,1,1,0,eb828f2f60d69b8814f1cace39885651b6c4d3a45e6e6a9a6c796e760f9c19f6
mistral_ft_rag,20260917,decision_close_2022_9,2022-09-22,validation,True,1,1,0,1ed04b40086a21d38078537992c471801c230c89bf667fa4e2aa67e317c31921
mistral_ft_rag,20260917,decision_close_2023_1,2023-01-19,validation,True,1,1,0,bba8993b5a8a040aee509f793e93e5d4cf4accb21d9e879684bc8af802ba0b6c
mistral_ft_rag,20260917,decision_close_2023_10,2023-10-26,validation,True,1,1,1,270679a0913c42fa60501fc111290bd7aff1eb15dd94e405289d4a80685319a1
mistral_ft_rag,20260917,decision_close_2023_11,2023-11-23,validation,True,1,1,1,ba3fec12cabd9bc4e1d3729cebdee9e1133fa802e7aae09e60beb08189c96053
mistral_ft_rag,20260917,decision_close_2023_12,2023-12-21,validation,True,1,1,1,3e68acdaf1aac8ed57469074e3c7285159052b7053f1ac88da9b1aadda238a99
mistral_ft_rag,20260917,decision_close_2023_2,2023-02-23,validation,True,1,1,0,ecbbf7d4b5694986a3cbf97b76262f66339952b9f1c74ee733ffa090ad70b0ad
mistral_ft_rag,20260917,decision_close_2023_3,2023-03-23,validation,True,1,1,0,f0c4407a4d5c029f1ab53c2cb2450d3c53e95cc2b8d7343f7bf8b207061e28d9
mistral_ft_rag,20260917,decision_close_2023_4,2023-04-27,validation,True,1,1,0,f8e605d5a8a580454358abd973f2cd0522a65e7c4ae7738a33001d4749c2444c
mistral_ft_rag,20260917,decision_close_2023_5,2023-05-25,validation,True,1,1,0,54e2f74ab69d19e77e5ea2d8dfe8f9334d5678a2e4f920bb56d3f19533823c5e
mistral_ft_rag,20260917,decision_close_2023_6,2023-06-22,validation,True,1,0,1,e059052cc285fdf444f66d124a0ff3df1587e6d28154c2d706f7e1d5c8f3500b
mistral_ft_rag,20260917,decision_close_2023_7,2023-07-20,validation,True,1,0,1,fc79e45285d880d005e1f2d916b53a8580c604aa057dc1795cc7b50be02a3b30
mistral_ft_rag,20260917,decision_close_2023_8,2023-08-24,validation,True,1,0,1,e2385a946de9c52b1b97fe3b7fe0850885e694e80830df93291b4526da4a03cc
mistral_ft_rag,20260917,decision_close_2023_9,2023-09-21,validation,True,1,1,1,e884d541e6a347ce8fa241786099e920c26a6eceadd5242077f8cfbdb0dfb014
mistral_ft_rag,20260917,decision_close_2024_1,2024-01-25,validation,True,1,1,1,956b8bf929eebdcc9f2488c8603583922aff68c6070cca4da43d94c596a0e5d5
mistral_ft_rag,20260917,decision_close_2024_10,2024-10-17,test,True,1,0,0,2dc8cddb94951c7ab73863d21740e7369ab4fb6167564cab98c23c8c506a375c
mistral_ft_rag,20260917,decision_close_2024_11,2024-11-21,test,True,-1,0,0,42c630eb1bab70237a2688e4da3049f6d9e7fa35da21a2a7ace35d69262435d8
mistral_ft_rag,20260917,decision_close_2024_12,2024-12-26,test,True,-1,0,0,3e3dafee79abf6757944bd8c8a8d617521aae406da72466eaa024507835fe6f2
mistral_ft_rag,20260917,decision_close_2024_2,2024-02-22,test,True,1,0,0,cdc0a1d21be8253431b6f63a85966d94ae45cd4585bbbad433cc1bfa871ea511
mistral_ft_rag,20260917,decision_close_2024_3,2024-03-21,test,True,1,1,1,2c1ba0094bfb5a72c86069cd4200193abe6612df8da5078e1a8b07df9a5f7941
mistral_ft_rag,20260917,decision_close_2024_4,2024-04-25,test,True,1,0,0,37cef6d4ad804ab3dd7ef5f3ba7a772353559579820bd7ea62899fdb384c2949
mistral_ft_rag,20260917,decision_close_2024_5,2024-05-23,test,True,0,0,0,51e31333fcd3a8f1c145bea53b2a22d1e6ff02d162b8a43e7336be6ceb57fac0
mistral_ft_rag,20260917,decision_close_2024_6,2024-06-27,test,True,1,0,0,2705926d4863e9627513797edd0f8bd0c854aced5ab9fe3adafdb49ddb2ecdcb
mistral_ft_rag,20260917,decision_close_2024_7,2024-07-23,test,True,0,0,0,162349cc69ecda0c4a04a717f7e131d56121a438e9be747cecb4e082a2001f7c
mistral_ft_rag,20260917,decision_close_2024_8,2024-08-20,test,True,0,0,0,6cd5247a61e2575f714c9e6f37a0dd540380daab09d068bdfbb4071c7ebb2f6e
mistral_ft_rag,20260917,decision_close_2024_9,2024-09-19,test,True,0,0,0,6e9896a84584fa01861f97d09ee05bb5dd402b251daa7e3794767a9c63f7b2ad
mistral_ft_rag,20260917,decision_close_2025_1,2025-01-23,test,True,1,0,0,26859a2a13812b27e9a1bd4c0f1bc0d3cf8a9c97e916d9530c5ce6765fb43b7b
mistral_ft_rag,20260917,decision_close_2025_2,2025-03-06,test,True,0,0,0,f7b7d60956950d03ea2a2033cdfe0b9f0c33825a600ba76d3b95ae06ad029ca9
mistral_ft_rag,20260917,decision_close_2025_3,2025-03-20,test,True,1,1,1,6b176fdacf8516a7a0c658229ed83278531d165a58c0bb405bf34b8511b4ef5a
mistral_ft_rag,20260917,decision_close_2025_4,2025-04-17,test,True,1,0,1,e72a059982d41aca30990b7cbe7b2e4ef300b47d6bc861d98577242815ef0a36
mistral_ft_rag,20260917,decision_close_2025_5,2025-06-19,test,True,1,0,0,e7ad1162ab7a36afef31abee8dcb472aa9b7844ad47e092e9f06801d7e02067b
mistral_ft_rag,20260917,decision_close_2025_6,2025-07-24,test,True,-1,0,0,950b2543077ec673adda4b58cf313d1c05dac520de0ddd0cc2d2aaf69b82da20
mistral_ft_rag,20260917,decision_close_2025_7,2025-09-11,test,True,0,0,0,0de62db2e65d0f88e9fcf59df8030bc56d2f02b44bb2cb6ea9369d783fe3cdec
mistral_ft_rag,20260917,decision_close_2025_8,2025-10-23,test,True,-1,0,0,7c2dc7473e1e0a6dc4f4e6b06ca136e3422baacc6f1eade5244ca3f00d0427ce
mistral_ft_rag,20260917,decision_close_2025_9,2025-12-11,test,True,0,0,0,14c4741116b2d17380232b9a3a8c6ab2a82550ccc7ffdaa81f3953ffd74937c5
mistral_ft_rag,20260917,decision_close_2026_1,2026-01-22,test,True,-1,0,0,0047a74269ee6172e9368f72c4d006317dd0915cce59eba25208bafe083d4aba
mistral_ft_rag,20260917,decision_close_2026_2,2026-03-12,test,True,1,1,1,8e2910dd0110571f8efbe9fe826f056345f415f824b3007d6e01e6405ea1839b
mistral_ft_rag,20260917,decision_close_2026_3,2026-04-22,test,True,1,1,1,d54b54f90c6f282931a1e91f9fe694c6c84ad916214fc598eddde3f64b24da12
mistral_ft_rag,20260917,decision_close_2026_4,2026-06-11,test,True,1,0,1,ad406788e6540903c6a173163a95a08224f1b617105c3c1bb06995fcc340bfb5
mistral_ft_no_rag,20260918,decision_close_2022_10,2022-10-20,validation,True,1,1,0,5c85c00ddad12a86b63097699d4a3666f4fbbca9a553f3142f249c7e96fd8c73
mistral_ft_no_rag,20260918,decision_close_2022_11,2022-11-24,validation,True,1,1,0,80236e03e20e4538d7d211705b7e71325d5304a5c939df21a74c06e6c0c87339
mistral_ft_no_rag,20260918,decision_close_2022_12,2022-12-22,validation,True,0,0,0,df3254bd42025068510a247c342f337cf137f36651d6867bbe676d5533fef0e3
mistral_ft_no_rag,20260918,decision_close_2022_8,2022-08-18,validation,True,1,1,0,4b01e6dcecf5f86104b119536d3f417369cd8d83c434f7baf8ffa46b618854d0
mistral_ft_no_rag,20260918,decision_close_2022_9,2022-09-22,validation,True,1,1,0,d189da014525b0e5e0d298d45199527192c83170458dbde6da23160237aaa755
mistral_ft_no_rag,20260918,decision_close_2023_1,2023-01-19,validation,True,1,0,0,500abb51ec3aec013a4404759a15b83c9e6aba9474c234e9e267ed1de4b28cdb
mistral_ft_no_rag,20260918,decision_close_2023_10,2023-10-26,validation,True,1,1,1,9341d3302ad25e9e072d50add6458f0d44dc916ebe2a559a32d7ad05361bca68
mistral_ft_no_rag,20260918,decision_close_2023_11,2023-11-23,validation,True,1,0,1,2d870dbf3e4af5a015aa6c35615f9bc6a2c55ccc1a65ac5159b2084eea0370d7
mistral_ft_no_rag,20260918,decision_close_2023_12,2023-12-21,validation,True,0,0,0,6bc3466b05da50da9a0522690ac9dc72d46ba022682a7cfcfc392816e9ca8169
mistral_ft_no_rag,20260918,decision_close_2023_2,2023-02-23,validation,True,1,0,0,8ac3d0a92eef5363b933571c862d994cca6ef45e426f238e9f3c94836e2be2f8
mistral_ft_no_rag,20260918,decision_close_2023_3,2023-03-23,validation,True,1,1,0,72b96f438d58126f178cf83240b51b728f9bde49168a294b7528789d19fcf277
mistral_ft_no_rag,20260918,decision_close_2023_4,2023-04-27,validation,True,1,1,0,42496ff019fffcf1aa0f65d819881eb4326c10b9139a30477ab1b3b1cec093bb
mistral_ft_no_rag,20260918,decision_close_2023_5,2023-05-25,validation,True,1,1,0,49d356645de592aa76d51d275bbc1873f825e74c16288003c09d429ac1dd2905
mistral_ft_no_rag,20260918,decision_close_2023_6,2023-06-22,validation,True,1,1,1,f59e69854c9f2675adb23d42c9d24d1928436758f9fe3fb4655ed73fe127876d
mistral_ft_no_rag,20260918,decision_close_2023_7,2023-07-20,validation,True,1,1,1,dc012c4122fe7eebb7b49a61bcb3c0affa1273c446c7fc6db504fb4fdd0ee817
mistral_ft_no_rag,20260918,decision_close_2023_8,2023-08-24,validation,True,1,1,1,ef88b4ae8aa2b9af32abf92128a57acf743c05f4038aeae6228094c313224a36
mistral_ft_no_rag,20260918,decision_close_2023_9,2023-09-21,validation,True,1,1,1,2d063e6143440b366e15194dd1462dee3bddbc8abc21f70f7a32a8083ea38666
mistral_ft_no_rag,20260918,decision_close_2024_1,2024-01-25,validation,True,1,0,1,eca8b0a21b66949f3bc7c3b25777dde9b690d82dc007b9a5f59c0fd52e79baaa
mistral_ft_no_rag,20260918,decision_close_2024_10,2024-10-17,test,True,0,0,0,d540da8e20f14c7b04c9dc979b58e91bfc6bdb070d1404cc72ac62547597b15c
mistral_ft_no_rag,20260918,decision_close_2024_11,2024-11-21,test,True,-1,0,0,928d803dbc3fc6d12434aa37f7b1921d70cce2866fff9accb92eb7262fc1f70b
mistral_ft_no_rag,20260918,decision_close_2024_12,2024-12-26,test,True,-1,0,0,5c692d26df6d98de8f7c50ff04ac59f3db637a5173d0083d7106f7494ea13af8
mistral_ft_no_rag,20260918,decision_close_2024_2,2024-02-22,test,True,1,0,0,b3e418eb6190f95a912c7f11faf1af4ef1528b508b154e9ac3583bab1d24b193
mistral_ft_no_rag,20260918,decision_close_2024_3,2024-03-21,test,True,1,0,1,2bd35afb7bfdb526b94a6fae126a7a8d198b6c4b3d2e35a731e60337f34fe5f1
mistral_ft_no_rag,20260918,decision_close_2024_4,2024-04-25,test,True,1,1,0,daa55c87c4410e84766f8e1fe2e958909011a50f3d039ebc8e05cac18fb41b53
mistral_ft_no_rag,20260918,decision_close_2024_5,2024-05-23,test,True,1,0,0,8e0ed95af645826b4d163258bdfbeb4acb00cddc5559302dcde93c04aff18141
mistral_ft_no_rag,20260918,decision_close_2024_6,2024-06-27,test,True,1,0,0,f9ae77afe1298343b24725818fd6a84dae75a0197b43446be18c846f60af1532
mistral_ft_no_rag,20260918,decision_close_2024_7,2024-07-23,test,True,1,0,0,540044178371bf54af84169b5cd092be42df3f8f5ae4722a48e62b78f09e137f
mistral_ft_no_rag,20260918,decision_close_2024_8,2024-08-20,test,True,0,0,0,48ea70f417965931839b2d9afd9c7639e9c88790a5d150e389181d95133f2fdc
mistral_ft_no_rag,20260918,decision_close_2024_9,2024-09-19,test,True,0,0,0,1d09d72bccb7fbfb1241192d3dc80057aaa49bb85799aea61e0eee7e9a793789
mistral_ft_no_rag,20260918,decision_close_2025_1,2025-01-23,test,True,0,0,0,a7bebd10310fcb9deed73b7cd404bc8902eda5b8f40a97ae4378fdbbec7bfa7b
mistral_ft_no_rag,20260918,decision_close_2025_2,2025-03-06,test,True,0,0,0,6f730b606421bfb363af5c4862daac39f29ea881c2f682762f76b7168fa84f47
mistral_ft_no_rag,20260918,decision_close_2025_3,2025-03-20,test,True,1,0,1,fafddbbe1655b93809ca4e404686b0a0542a5b8afa8656fff24df793c18a12b5
mistral_ft_no_rag,20260918,decision_close_2025_4,2025-04-17,test,True,1,0,1,f333c54fca1b093e9e44bfe1b9f68df5f414eaf6e22ea102a94d4d270f9cfb96
mistral_ft_no_rag,20260918,decision_close_2025_5,2025-06-19,test,True,1,0,1,44254378e9c326466caf82cb3097f33d706b25095a548b19d39b35373a2a13e3
mistral_ft_no_rag,20260918,decision_close_2025_6,2025-07-24,test,True,0,0,0,6cb8ec2dfab08f2cb667930ad46f591e56064f07cabfbe7380f77ed6193d5080
mistral_ft_no_rag,20260918,decision_close_2025_7,2025-09-11,test,True,0,0,0,8c7072a1df07d41269fc25ffb73cd4c32507e11064908e6eb1344a52f97876c5
mistral_ft_no_rag,20260918,decision_close_2025_8,2025-10-23,test,True,1,0,0,74568bfb3f69c89f1cc4db3a890ce419229f3ea22326788b089f526059f40579
mistral_ft_no_rag,20260918,decision_close_2025_9,2025-12-11,test,True,0,0,0,70189a8bba97dbb525b282dadd727d1bfa1c40babc1bd4fe32b18cbad181fe36
mistral_ft_no_rag,20260918,decision_close_2026_1,2026-01-22,test,True,0,0,0,11f8014b859ed49860be0dde540337044223f5ae35abdaaa3c23cc8a738c5ab2
mistral_ft_no_rag,20260918,decision_close_2026_2,2026-03-12,test,True,0,0,0,6cc7c446cda1e80a60b5248bb6b70fd50c3d79876ee74a536d5d7e5d02223d22
mistral_ft_no_rag,20260918,decision_close_2026_3,2026-04-22,test,True,1,0,0,a80db1e1561187f8caa32b4175adc32124f110553d5e1843c2df72a63ddaf528
mistral_ft_no_rag,20260918,decision_close_2026_4,2026-06-11,test,True,1,-1,0,6995e100647d689d8a047876695f5ca96b2285f8a7d66d7414415c6995648695
mistral_ft_rag,20260918,decision_close_2022_10,2022-10-20,validation,True,1,1,0,fe31266abfbe1e64bb9248eeff5a82910e752d902f9d3a1a574314c41aa23a26
mistral_ft_rag,20260918,decision_close_2022_11,2022-11-24,validation,True,1,1,0,cec8083389d132cd080ee6d4497a3ba9c05b93899d433611ae0cfe925d93ea43
mistral_ft_rag,20260918,decision_close_2022_12,2022-12-22,validation,True,0,0,0,1314aa0faa9398adbe7ee01b4250a37d5260f97e6ea94ac75212ae65b2e56b0f
mistral_ft_rag,20260918,decision_close_2022_8,2022-08-18,validation,True,1,1,0,41b106d4a38623800adc58aa0ca8e0aae2518fe3a04890573ec6bc5649c565db
mistral_ft_rag,20260918,decision_close_2022_9,2022-09-22,validation,True,1,1,0,5471f63ca391384ddbaf99c108adaff1e47acc41f089e71fec6463dcf683a9dc
mistral_ft_rag,20260918,decision_close_2023_1,2023-01-19,validation,True,1,1,0,d720bd3587ebdea2bd3dee7b0d30ca79ff38ce0220cab66c21aea1231226d5ad
mistral_ft_rag,20260918,decision_close_2023_10,2023-10-26,validation,True,1,1,1,9037be1983727c4d7213a4b5159c5c4bd87675c38040ed0c7f92b537f43fbbf5
mistral_ft_rag,20260918,decision_close_2023_11,2023-11-23,validation,True,1,1,1,b41e4ba63f8f0c2a302d563f2341cbd9d462b2dbeb00a8f3baa1737cdb0797de
mistral_ft_rag,20260918,decision_close_2023_12,2023-12-21,validation,True,1,0,1,56c0c2728727acb28fccbcdd47d83997b7468ef2bf4a58a32ea1c0eeb04242cd
mistral_ft_rag,20260918,decision_close_2023_2,2023-02-23,validation,True,-1,0,0,f8d5a29c9e88f0f3cd5ad8ba0d070054090337704663987fd9f0d41dd4da93aa
mistral_ft_rag,20260918,decision_close_2023_3,2023-03-23,validation,True,1,1,0,ca0a91a3da8781b2a829484a3fc6508336a0934496fb9ad0fcd88d175b51b4e5
mistral_ft_rag,20260918,decision_close_2023_4,2023-04-27,validation,True,1,1,0,d1cb505e5cedb1810e7af352446bee3da862395e7bd2dc1da2a8b2ef69f1d97d
mistral_ft_rag,20260918,decision_close_2023_5,2023-05-25,validation,True,1,1,0,dc8de83dab3e638288155b20e6f5bc128f4ca5561b156b7ccc1388bfa3f0ac24
mistral_ft_rag,20260918,decision_close_2023_6,2023-06-22,validation,True,1,0,1,ed5cdad2fffc99b417c5a14f2ee83e9ebc21ce4ceb76a79dc5ccea68ab495867
mistral_ft_rag,20260918,decision_close_2023_7,2023-07-20,validation,True,1,0,1,e7abeb61fb5eca1f3b5e6e0860bf7c04189b0d8bbe7635cec938cc23860afb96
mistral_ft_rag,20260918,decision_close_2023_8,2023-08-24,validation,True,1,0,1,91f4dfa917d5fda8efb30a1b9d58bfe27c9458eba74b49d9153c598981eaac2e
mistral_ft_rag,20260918,decision_close_2023_9,2023-09-21,validation,True,1,1,1,91892339d560a55f8ccd53186f62edf934fc6127f6d8d90dffe8447a8c528252
mistral_ft_rag,20260918,decision_close_2024_1,2024-01-25,validation,True,0,0,0,432c99495e4b7edc4d562207c30cdfe0c87277c116cc0da613c852d580b43725
mistral_ft_rag,20260918,decision_close_2024_10,2024-10-17,test,True,0,0,0,b2bee4b0cce402d53f4fc3df83721b09dae7144a91c47dc697edb388e1debbe9
mistral_ft_rag,20260918,decision_close_2024_11,2024-11-21,test,True,-1,0,0,862a10a124e73ea4a1916e5c05547617cbf214aee248d904dc001c87fa2fb118
mistral_ft_rag,20260918,decision_close_2024_12,2024-12-26,test,True,-1,0,0,efb60aa5d8f2281590f4b1fe7b90d845bc8eb73d9086a7058763dbb839ffdae3
mistral_ft_rag,20260918,decision_close_2024_2,2024-02-22,test,True,1,0,0,f40df8b215a8bdc32012bfa01dd8a49787200b6bf583fd6a5f400db2b002b707
mistral_ft_rag,20260918,decision_close_2024_3,2024-03-21,test,True,1,1,1,ff813b89c16df43250c64b923b94b87d5d0c2a103101bc97d0d00297215d6f76
mistral_ft_rag,20260918,decision_close_2024_4,2024-04-25,test,True,1,0,0,834d63d5c4bcd329eab1605ed66b65afb441f99c008b676e1c8d38b63c901b8f
mistral_ft_rag,20260918,decision_close_2024_5,2024-05-23,test,True,0,0,0,15dbff26054980dfe5e5e95391c418eeb0011efe55f0f4841511afcb9529bb1f
mistral_ft_rag,20260918,decision_close_2024_6,2024-06-27,test,True,1,0,0,071c72eedfab15d74ba41d1963b9ebae3df25b2c566f184ac46142cc94f8b2b9
mistral_ft_rag,20260918,decision_close_2024_7,2024-07-23,test,True,0,0,0,58d72508c0c9690f0fd6fcd32a5a235775a8f47fbd9ab91f42b1c1a9cbfc1630
mistral_ft_rag,20260918,decision_close_2024_8,2024-08-20,test,True,0,0,0,757202cd7a4e90e4e971b322dc31a6a7a15d29aecb0b97f00aeea5592a1ffda1
mistral_ft_rag,20260918,decision_close_2024_9,2024-09-19,test,True,0,0,0,dd176e87b3acc43b537cb0b90ea91f930184436c576825fe739b08d74513ae2c
mistral_ft_rag,20260918,decision_close_2025_1,2025-01-23,test,True,-1,0,0,ca2a4cc94a099d3e4a9c14a46959b57117501875fc63931eed416db780501ad7
mistral_ft_rag,20260918,decision_close_2025_2,2025-03-06,test,True,-1,0,0,3a40d271d3dcfe987bdcc0a0af5da0841101785906acc71cbf424a5e55898266
mistral_ft_rag,20260918,decision_close_2025_3,2025-03-20,test,True,1,0,1,7e1e572964ef7978ab5892420ba5274d5a867a5b08fbf2d9f4aa851f48a35f2b
mistral_ft_rag,20260918,decision_close_2025_4,2025-04-17,test,True,1,0,1,24a67c7bac4bdafb9f227c97a1ac9a2e1f3a22dc9b199f3aec0d68ad3c00476f
mistral_ft_rag,20260918,decision_close_2025_5,2025-06-19,test,True,1,0,1,a58288b00b7d6f9e3ed6afba532d3673d0f897e49b88c3ba17e922f070876e0c
mistral_ft_rag,20260918,decision_close_2025_6,2025-07-24,test,True,-1,0,0,01bb398459f2ebd8c189f9108911ba3ed14172da3eec437b1247562b23ad226d
mistral_ft_rag,20260918,decision_close_2025_7,2025-09-11,test,True,0,0,0,4db256a754efb6053fb90d65e3ba1b328a389e1273ac817efa1cec2c8916694f
mistral_ft_rag,20260918,decision_close_2025_8,2025-10-23,test,True,0,0,0,da1ae481ae999338ce9d58e75f80ce886063f8f1239410628cc5c393622c207c
mistral_ft_rag,20260918,decision_close_2025_9,2025-12-11,test,True,0,0,0,203e394d39334efd953a380c9fdcb063e16b5e3f0da393001f10a7a2d92a534d
mistral_ft_rag,20260918,decision_close_2026_1,2026-01-22,test,True,0,0,0,461fd3ee09712c29ccfcf1d76edfcbc3596239f71ce24da6c550c3119f15eed6
mistral_ft_rag,20260918,decision_close_2026_2,2026-03-12,test,True,1,0,1,463a464736c48f00fe738a0cf8755076a3ef03acbca1243a7fba3e2674528a32
mistral_ft_rag,20260918,decision_close_2026_3,2026-04-22,test,True,1,0,1,fb7d05c5fa20bbcad56a5d9a3199113ff0bb05e735c092b5b969e6d03e2f98c5
mistral_ft_rag,20260918,decision_close_2026_4,2026-06-11,test,True,1,0,1,636afff4da0ee4042c33e9bc70793a542740f5993f090ede8daace66fbb44cfc
qwen_base_no_rag,,decision_close_2022_10,2022-10-20,validation,False,0,-1,-1,109e224db1b59984252e6252b8a1416ac7f5ef21b36be6b48ae17ac44e9c64f2
qwen_base_no_rag,,decision_close_2022_11,2022-11-24,validation,False,0,-1,0,6c0f189d320cb3c3265636b8b985e2e541bd32acdbbbe4dbacec18abdc30e8ac
qwen_base_no_rag,,decision_close_2022_12,2022-12-22,validation,False,0,-1,0,76406aeb05d4018875c45d5d55c3a66d627a7655f16c68173262cb98a684174c
qwen_base_no_rag,,decision_close_2022_8,2022-08-18,validation,False,1,1,-1,2dcb7cb08499b14d5cf991342eed37fe19008e3066a464de792a9d00967e02b0
qwen_base_no_rag,,decision_close_2022_9,2022-09-22,validation,False,0,-1,0,47a1e0c0cec844409d869ea4c9cc3e4e581d55f914926f9276d76cce1b22c491
qwen_base_no_rag,,decision_close_2023_1,2023-01-19,validation,False,0,0,0,bac8a0c2acd83e87cc787aa1b145f3786cae4bc15a9ec2ab18874a7b510982b1
qwen_base_no_rag,,decision_close_2023_10,2023-10-26,validation,False,1,1,1,89ce2434ab12a23e0cad0d1ec3b3cf234aa01f60523af8e6a1180d8c288ae343
qwen_base_no_rag,,decision_close_2023_11,2023-11-23,validation,False,0,0,-1,7389e4b66323c45071270e4ae0687b4bf6af84a75b7624cd6c074ab51950bcb6
qwen_base_no_rag,,decision_close_2023_12,2023-12-21,validation,False,0,0,-1,6ef586fef46ae1155b7cd14b6933fe611da9a89700b065567b73a4fabe2465ad
qwen_base_no_rag,,decision_close_2023_2,2023-02-23,validation,False,1,1,-1,e252d48f4728576b512229d107580eee37aafface9f9dbbc3a2b8ddab060ec51
qwen_base_no_rag,,decision_close_2023_3,2023-03-23,validation,False,0,0,0,d11242d49ad96ec4d80659d98e45ac0af9c201fc4b4def47adef8193c7ea9e87
qwen_base_no_rag,,decision_close_2023_4,2023-04-27,validation,False,0,0,0,8d9059c0c0b48f2bbc1af7d655822fb9ca4789da460d7b3d99a0f491511b49db
qwen_base_no_rag,,decision_close_2023_5,2023-05-25,validation,False,1,1,0,5a91312e61e0281ca2ecbb0e1ff5b8919f6ba8dae2c495e6b08fc060a1585464
qwen_base_no_rag,,decision_close_2023_6,2023-06-22,validation,False,1,1,-1,ce71166ac227a8b48e836f35cac16e0cc3bee59a7888555d327a9842f8708b06
qwen_base_no_rag,,decision_close_2023_7,2023-07-20,validation,False,1,1,1,d2e2570af453264229f497ba9f64aec2c77034f41344dd7e3467ae4d0b2b01c7
qwen_base_no_rag,,decision_close_2023_8,2023-08-24,validation,False,1,1,1,d40f39a2645c3fcfb8a0d8c4443c72562feb910bfbe92de58ba37c60c3a6bab1
qwen_base_no_rag,,decision_close_2023_9,2023-09-21,validation,False,1,1,1,4479cd3dd431cfc1ea3976ae24b4fb62e6eb7b0f9fec0c862f5cef45c99e47b7
qwen_base_no_rag,,decision_close_2024_1,2024-01-25,validation,False,0,0,1,9b5f7691bdc07e18a9cf4bda0dd1d75d3c25726973076e31f1ae18ddcd0b18f2
qwen_base_no_rag,,decision_close_2024_10,2024-10-17,test,False,0,0,-1,013ab4f6b1c883a1c42f62bfe6946a4863ba18d2941f6c8de1f80f1969fdbd61
qwen_base_no_rag,,decision_close_2024_11,2024-11-21,test,False,0,0,0,8695223a154776c4e1ef63298162b25ccc4b9a5df8219e59a9d4fe2ad59b4c57
qwen_base_no_rag,,decision_close_2024_12,2024-12-26,test,False,0,0,1,0116ecd5e620bceeb99239593f5bb1f880f19635b4ff0236e84a3f88416c59af
qwen_base_no_rag,,decision_close_2024_2,2024-02-22,test,False,0,0,-1,b7282dd6f33371ee5e48024014615f128b0eb7da958ee529313cf092f5658d6a
qwen_base_no_rag,,decision_close_2024_3,2024-03-21,test,False,1,0,1,be1f4a05a7cb909f1ccb0de3e017c7b5a7449af66e7d26ba2ebc0123b0acae25
qwen_base_no_rag,,decision_close_2024_4,2024-04-25,test,False,0,0,0,95718305f3ac7bdb6f8f96faaa043f99188ecf5bf184ac4e9528dc9cab713f68
qwen_base_no_rag,,decision_close_2024_5,2024-05-23,test,False,1,0,-1,1e5cbc9c5c951dad62e146b2a37ac32c7ac68615e4e6eed85b3accc42a432783
qwen_base_no_rag,,decision_close_2024_6,2024-06-27,test,False,0,0,0,fb6fe01f4810f3447e20753b6da268d5036c7f7e160729c50b8fbbaae57ede01
qwen_base_no_rag,,decision_close_2024_7,2024-07-23,test,False,0,0,0,9eec733d04279bac6607db8f8e1b6bbaf0488c15f65b45b4ec11f3a4787cab74
qwen_base_no_rag,,decision_close_2024_8,2024-08-20,test,False,0,0,-1,079bd7a99f5b12785e7315bb8be35e91ffc478a1c21c8b018b62f0c8d96a448f
qwen_base_no_rag,,decision_close_2024_9,2024-09-19,test,False,0,0,0,498f4982509fd05acab55a6559e796758c48791a955d2daea19ffa511970c45e
qwen_base_no_rag,,decision_close_2025_1,2025-01-23,test,False,0,0,-1,20184c1e05024341f0126cd6cfd5747641233a1443d90972ceb3ffc3d4daa5ad
qwen_base_no_rag,,decision_close_2025_2,2025-03-06,test,False,0,0,-1,5b756c332502716848882c257c4ead125c07ed0bf9fe35f9f490d70badf5d7b4
qwen_base_no_rag,,decision_close_2025_3,2025-03-20,test,False,1,0,-1,0c6e78351094233f4f905e889e0ae2c3520e8fde60312110d094f2958e6a8abe
qwen_base_no_rag,,decision_close_2025_4,2025-04-17,test,False,1,1,1,c84cd0d09f62ca0d30206b383a486bc70a1773531d540755c96f823dc55861c7
qwen_base_no_rag,,decision_close_2025_5,2025-06-19,test,False,1,0,-1,598c1e499a9a67d06fe9a1e118f4a36ea6b0ab0e786f9e9f3625c959f9699cd9
qwen_base_no_rag,,decision_close_2025_6,2025-07-24,test,False,0,0,-1,912834fbab77558c4fa7df90fc99eddc33f749a14115c6bf196639fdab8c9792
qwen_base_no_rag,,decision_close_2025_7,2025-09-11,test,False,0,-1,-1,7bc064279af6d9e5142875147c6082771203b9214c800c5814dcd4d5f8fd8d1e
qwen_base_no_rag,,decision_close_2025_8,2025-10-23,test,False,1,0,-1,eeb1bdd8f2d48195a9f3640b199eb834a6cd24dfd313057d3b32d3f5b102a71d
qwen_base_no_rag,,decision_close_2025_9,2025-12-11,test,False,0,0,-1,33bfa2d3f04193fbcf12e6f361d0ae0e4c7bef1698e4b2bba198996e000a82e0
qwen_base_no_rag,,decision_close_2026_1,2026-01-22,test,False,0,0,-1,81cd41b2399565cf51d2be571a21c72e48ef35dd2cda8821701cccfdc02e34cb
qwen_base_no_rag,,decision_close_2026_2,2026-03-12,test,False,1,0,-1,337004094d2d74728e8db6b40e543a70428592e99899eaff5d8ec7e52bad5601
qwen_base_no_rag,,decision_close_2026_3,2026-04-22,test,False,0,0,0,5adbaa47ea0fc2faac88f0b1b2e4c496d219018e45c55e292cf6be27649e6a37
qwen_base_no_rag,,decision_close_2026_4,2026-06-11,test,False,0,-1,0,607b8ba686cf82632023bcd3d3cd679ac5c34169aeb7e5532f6309a5fac4b21b
qwen_base_rag,,decision_close_2022_10,2022-10-20,validation,False,0,-1,-1,8abcbbb5df9113b58835418e9c8c2d379454316b0f34128875cf3cd5c58caaae
qwen_base_rag,,decision_close_2022_11,2022-11-24,validation,False,0,-1,0,656d5398b4effbbd2608823db1510d4d22269f5b9372a4ad518e3891ceeeeaf2
qwen_base_rag,,decision_close_2022_12,2022-12-22,validation,False,0,-1,0,283a9bad2ac9c1edcc9a07b2037b950b52ac428bb7491e41abe6e5bb62baba99
qwen_base_rag,,decision_close_2022_8,2022-08-18,validation,False,0,1,-1,6e070b10e71ea54b71c97af75d8057fe46ecdccfccb982db35fe01a437bfec72
qwen_base_rag,,decision_close_2022_9,2022-09-22,validation,False,0,-1,1,5319c0333135d96cce553fb83b5d1f9cde93546edc824f6b9294a83da99e4607
qwen_base_rag,,decision_close_2023_1,2023-01-19,validation,False,1,0,0,42a63586dd83952a65a6caa5559bf8ac960d8fe7943fca5a67e90bec1f0c3045
qwen_base_rag,,decision_close_2023_10,2023-10-26,validation,False,1,1,1,21c3d5bb6aeb7c525ac84b266012dc1dd7d597d232666317deb204c19e724d69
qwen_base_rag,,decision_close_2023_11,2023-11-23,validation,False,1,0,-1,648f71ec572093bfea39e03c6054136e7560650f12e195c7760ca1a4b32003f3
qwen_base_rag,,decision_close_2023_12,2023-12-21,validation,False,1,1,-1,7966dc5a8a901275a489fcad3a1836061974259e4147df0c0aff5b87cf1e52e0
qwen_base_rag,,decision_close_2023_2,2023-02-23,validation,False,0,1,-1,186d6c2c616fd6adcba402e4147d9d52d9d30d97020c4ca2bfb7f5f8fa2a468f
qwen_base_rag,,decision_close_2023_3,2023-03-23,validation,False,0,0,0,f6f6d13adbdee8fa8b93582155cd614df05aa05bfec87a580fa1f59f0cadbcbc
qwen_base_rag,,decision_close_2023_4,2023-04-27,validation,False,0,0,0,244555bd3e12b2855f7bca43d8b3c0f8c57a7bda628d7f977cee867fcc38c16a
qwen_base_rag,,decision_close_2023_5,2023-05-25,validation,False,0,1,0,423125e162f466757b7855338a7a879dfd6bee91b92fb627bdd034a7bd5aa8a5
qwen_base_rag,,decision_close_2023_6,2023-06-22,validation,False,1,1,1,f011375a63521250a53e453275cd4e5ec6b9aabb4ed99f86df81d1c227ba87f2
qwen_base_rag,,decision_close_2023_7,2023-07-20,validation,False,1,1,1,0936d7de2a112a64fbb10034a70ae2f8e2e2be60f55361b95a15abe8afa4b224
qwen_base_rag,,decision_close_2023_8,2023-08-24,validation,False,1,1,1,b41220846ef90a7b0b0ac3336ae2e7b5ac5f20ecbb7b98fb14d99ba17efe9706
qwen_base_rag,,decision_close_2023_9,2023-09-21,validation,False,1,1,1,703671d7fd6fa13cb6a5a301e1b3a33e5df0f8ca5d3d4868ecc5d17173a0265d
qwen_base_rag,,decision_close_2024_1,2024-01-25,validation,False,0,0,-1,19235e33be8c0e0383b1f24768360aad0de3cb94f0af092a5bd5165ed746684f
qwen_base_rag,,decision_close_2024_10,2024-10-17,test,False,1,-1,0,94ebdc3be3ea1fc7fc74fb70c9fcd3b79dc22caabc7d647454d8689e9d7623d7
qwen_base_rag,,decision_close_2024_11,2024-11-21,test,False,1,-1,1,d841a05432f7e79a85683d9c0153406df2474ddcd73be12263c738f0e70b434d
qwen_base_rag,,decision_close_2024_12,2024-12-26,test,False,1,-1,-1,ac7fd224be80ae80917d91d5015baf4c8a8a8d86557cc04cc74541c640d41c4f
qwen_base_rag,,decision_close_2024_2,2024-02-22,test,False,1,0,-1,232c19356be521966c8902783b0c53a66eca7132fa02e3eccc2005d778714b10
qwen_base_rag,,decision_close_2024_3,2024-03-21,test,False,1,-1,1,44f8460afa543403147374adcfecef3c0d6289d6aafa72b0373d50646df366a5
qwen_base_rag,,decision_close_2024_4,2024-04-25,test,False,1,1,-1,e428976dc8d449770439ceee3c9bd6b689b37c18166bb26233b5cad31fd498b2
qwen_base_rag,,decision_close_2024_5,2024-05-23,test,False,1,0,-1,46cb4ba438f2996c5653212ca8276392be4f53e4bf4bf990c3f32c73153d6b5d
qwen_base_rag,,decision_close_2024_6,2024-06-27,test,False,1,0,-1,25e3a598e09e024a9ee508f1fb9b96dd72c47997f54061d125520c4b276931f4
qwen_base_rag,,decision_close_2024_7,2024-07-23,test,False,1,1,-1,64066868f7f42fa4e354c383cc9c1a1bf0fdc3dc408b0eadc8ef6f6b17b1bf24
qwen_base_rag,,decision_close_2024_8,2024-08-20,test,False,0,-1,-1,28018e67365286ee4ad0dddaf81893350c506cfc8e8cab5da461240648211747
qwen_base_rag,,decision_close_2024_9,2024-09-19,test,False,1,-1,0,60c3956f3b0b417e9fba8e162a2a1855f4bb399f9c39e57e5c5238b60a9ec43b
qwen_base_rag,,decision_close_2025_1,2025-01-23,test,False,1,-1,-1,ba0f0e7285b237f1049058f7f7da23acec2bca8c6e89bf64b86e18293e22fe73
qwen_base_rag,,decision_close_2025_2,2025-03-06,test,False,1,0,-1,2dd7a80f0f5097cb8da9a3b57b1b137d5570ceb5b5d9ba297e9719c372d2ac44
qwen_base_rag,,decision_close_2025_3,2025-03-20,test,False,1,1,-1,da348659ecb1f7ad40a1354352423154e73cfc05fae1c535c7563c819c301752
qwen_base_rag,,decision_close_2025_4,2025-04-17,test,False,1,-1,1,6dde56741da4309adee65d3923db09832f5fe72712f3cd0212ed52ce6a691f0c
qwen_base_rag,,decision_close_2025_5,2025-06-19,test,False,1,-1,-1,28ecd130a886be3ad734410234215873e829cd2872da123364468402ce960447
qwen_base_rag,,decision_close_2025_6,2025-07-24,test,False,1,1,-1,ea9cf2905e762ca3d68bff4587ce792b0dd145acd9c85b7b667aa780ccd1205a
qwen_base_rag,,decision_close_2025_7,2025-09-11,test,False,1,-1,-1,df4b10ac87a2696dbf7d65fcf8fba806b9e75286df1310a4e8d195abb0caeb66
qwen_base_rag,,decision_close_2025_8,2025-10-23,test,False,1,-1,-1,69db7710cf97d3fdf8ea1ec6f58f450d6371d2e86fd3ed365e0dcee74a92d021
qwen_base_rag,,decision_close_2025_9,2025-12-11,test,False,0,-1,-1,e4dd7585ec7b01036bf8b1b601310514b1c6878e0af41acd9bb9fb20c8805571
qwen_base_rag,,decision_close_2026_1,2026-01-22,test,False,1,1,-1,50684e3de4a4acb856fd8fb3845e2c0dafd8c8db631185a2de6c8c754ff8787b
qwen_base_rag,,decision_close_2026_2,2026-03-12,test,False,1,-1,0,d79fefb72e383d18b7e0fd5889b8789961efddf3655453c9996ad84231433629
qwen_base_rag,,decision_close_2026_3,2026-04-22,test,False,1,-1,1,ef02cd6bd9bfe18298dfdd935604499caeb501d5549bb53f88fbf2a495f5bada
qwen_base_rag,,decision_close_2026_4,2026-06-11,test,False,1,-1,0,8cdfbfb9759384bf58833023c9d0ecfbf744e42d2a143ce37a41d3ba2eff66bc
qwen_ft_no_rag,20260916,decision_close_2022_10,2022-10-20,validation,True,0,0,0,533715ed09ca1bddd8fb2fde4a83e129b2733f2ac4e549b488de4110354e6bb2
qwen_ft_no_rag,20260916,decision_close_2022_11,2022-11-24,validation,True,0,0,0,9e7fcbd8a87fef7f2202298f95e66282186d4c6483f686c30bccc34aed1eb858
qwen_ft_no_rag,20260916,decision_close_2022_12,2022-12-22,validation,True,0,0,0,62bdcd955db9da956785c195b8b36d390da078834963230ee990239c32ae1e47
qwen_ft_no_rag,20260916,decision_close_2022_8,2022-08-18,validation,True,1,1,0,049357728a82c79bafc06f86a3a36215b55e2b6972b94021a0a163dfe6198721
qwen_ft_no_rag,20260916,decision_close_2022_9,2022-09-22,validation,True,0,0,0,7450fad3ea1435881103f997b84dbf464e38a28c570252a1db06253c1029ec08
qwen_ft_no_rag,20260916,decision_close_2023_1,2023-01-19,validation,True,0,0,0,2141d6b8e8f19ba39c14ea4dd9130553dfaaa7b9bfe2f8ab1fa8f9763b3ee02b
qwen_ft_no_rag,20260916,decision_close_2023_10,2023-10-26,validation,True,1,1,1,099dbe92e5a97015628f80b1cb5c44cd0c550b31041d88f3a6e1bc646e4ad77e
qwen_ft_no_rag,20260916,decision_close_2023_11,2023-11-23,validation,True,0,0,1,713d73d430820accbe4365a72a68f229cffb4652c4eeda4afa09cfcc6678d4f2
qwen_ft_no_rag,20260916,decision_close_2023_12,2023-12-21,validation,True,-1,1,0,7e493333813db28730987a647f81b1959303b1d2d86d30044d8de3ed321c1bff
qwen_ft_no_rag,20260916,decision_close_2023_2,2023-02-23,validation,True,0,1,0,3fa8c9e990b6e2c5aaa475b8c25096d74561c30ead6787e456d0037ee4a44757
qwen_ft_no_rag,20260916,decision_close_2023_3,2023-03-23,validation,True,0,0,0,af09d2b4ba37580032e4f821b6bf1fcef540697063130f5df794898fd1605d05
qwen_ft_no_rag,20260916,decision_close_2023_4,2023-04-27,validation,True,0,0,0,96d9145ad0eaf486a4ec237d505f683af4318475c9225a8d77c2c4941f2ee9ec
qwen_ft_no_rag,20260916,decision_close_2023_5,2023-05-25,validation,True,0,1,0,ad471e4e759b44e60b74efd99cb7b00ee2558035ead57ae5ced76b6b9b7283ca
qwen_ft_no_rag,20260916,decision_close_2023_6,2023-06-22,validation,True,1,1,1,d80cc1f470f52742e4754915e88b7d9e8b71abbf977e8ecfb8baf838df6c78e0
qwen_ft_no_rag,20260916,decision_close_2023_7,2023-07-20,validation,True,1,1,1,3797afcc4841e4b72123d808ebe06edff05b0e0f9a6155369850bc2de9763e7f
qwen_ft_no_rag,20260916,decision_close_2023_8,2023-08-24,validation,True,1,1,1,268c136adfc7efbc118772412588c0276a45fe2e9698a0047681a85cc2639989
qwen_ft_no_rag,20260916,decision_close_2023_9,2023-09-21,validation,True,1,1,1,e0374cec476c7d1604e98d802f5d214ee80c52fa676579060bff2e7bde18c49a
qwen_ft_no_rag,20260916,decision_close_2024_1,2024-01-25,validation,True,0,0,1,e70adc4ff6baee68d8f893dddc513e281097cd8c23171f73d5525089b37dec71
qwen_ft_no_rag,20260916,decision_close_2024_10,2024-10-17,test,True,0,0,0,2c93bebf84869a2dbdc89a15b59f09e79918a5fa03288252a4aa606b52dee581
qwen_ft_no_rag,20260916,decision_close_2024_11,2024-11-21,test,True,0,0,1,3d8931ac1a0f04605c4446862a90f2f50a4f2e10cb29feb6907bbf41dcb326e3
qwen_ft_no_rag,20260916,decision_close_2024_12,2024-12-26,test,True,-1,0,1,af57b99f6fb9c7ada32188d95c0506a41128286d3d77821835019c779d67229d
qwen_ft_no_rag,20260916,decision_close_2024_2,2024-02-22,test,True,0,0,1,d567ae69916ae9ea177260820bb9d98c089d92150a70956bc4ba8e9fa00c289e
qwen_ft_no_rag,20260916,decision_close_2024_3,2024-03-21,test,True,1,1,1,12f2f5824e00eb75062fac9b8bbf9f168a8a46672137e449ae4c73fa1f0c709a
qwen_ft_no_rag,20260916,decision_close_2024_4,2024-04-25,test,True,1,0,1,52558a82e0c3759ac2d9322713dceb93ffc0102fbaa82cbc4ac151cab976fce9
qwen_ft_no_rag,20260916,decision_close_2024_5,2024-05-23,test,True,0,0,0,9d5e49b4917c5525596df23cd73779164e97f31a80a012a3c00fff1d2cf2cc9a
qwen_ft_no_rag,20260916,decision_close_2024_6,2024-06-27,test,True,0,0,1,008e57c7dfea52add7de51da4157a3634b87f58cce4119d2b6bedfcd4ccaa3d9
qwen_ft_no_rag,20260916,decision_close_2024_7,2024-07-23,test,True,0,0,0,eee87238b5093868f7a89c18f17318aebb259ef8caf77db0552eb2e8c76340b8
qwen_ft_no_rag,20260916,decision_close_2024_8,2024-08-20,test,True,0,0,0,983357bc015341293c834510c7b93563d401be406ba78dc173ae5f5c48fd84d6
qwen_ft_no_rag,20260916,decision_close_2024_9,2024-09-19,test,True,0,0,0,1866b79c894aa2b428333b52c3a2a8899121eea360bf11803744405135289245
qwen_ft_no_rag,20260916,decision_close_2025_1,2025-01-23,test,True,0,0,1,eb4c13171275896a977dbfe3850a2f9742ed598253672bdef373c125e1206ea7
qwen_ft_no_rag,20260916,decision_close_2025_2,2025-03-06,test,True,0,0,1,7e766ea6a3e9604585ba65e21d845ff2020e59e1848f5931d3ae0d82a77f69ab
qwen_ft_no_rag,20260916,decision_close_2025_3,2025-03-20,test,True,1,0,1,2279bae61a0ed28f1de2a5a4892b7e9ff9988499fafae9229ab888b928268aef
qwen_ft_no_rag,20260916,decision_close_2025_4,2025-04-17,test,True,0,0,1,e3a0c84bfb45b3ca2e1ec161f8ccf8071e37de004a3c9807656337cb52fb7665
qwen_ft_no_rag,20260916,decision_close_2025_5,2025-06-19,test,True,-1,0,1,c12f1ed8738d532e46ac53864f786eaeada33607ac04abfd58bf3bce1ad629ed
qwen_ft_no_rag,20260916,decision_close_2025_6,2025-07-24,test,True,0,0,1,ec6206495e6b08d325b1958cc08074b2239ec32a51ecf9068e214fdbcfd6bb60
qwen_ft_no_rag,20260916,decision_close_2025_7,2025-09-11,test,True,0,-1,1,f124b4bb3c4324a85fae460d78b1c3fec4f26d85cdbffc94bf876d787113f134
qwen_ft_no_rag,20260916,decision_close_2025_8,2025-10-23,test,True,1,0,1,60e5fc41ce0ecf059e2e141befbc37c628d066aa488f54beab1a93e9982fcc78
qwen_ft_no_rag,20260916,decision_close_2025_9,2025-12-11,test,True,0,0,1,c20af5b7c948bad6f8b6cb4285da77b09af90b18dba22ee39a4a0d680432a66d
qwen_ft_no_rag,20260916,decision_close_2026_1,2026-01-22,test,True,0,0,1,b7bd28d5315f6ce23bdbc2681e8d411acaf0adf5aa24f9b631d9f3fdd0951a4e
qwen_ft_no_rag,20260916,decision_close_2026_2,2026-03-12,test,True,0,0,0,a0d1459c6680e8d9d6298f67dcfc164527f66f4bf87a281cb4b95c7dc4ad5b4a
qwen_ft_no_rag,20260916,decision_close_2026_3,2026-04-22,test,True,0,0,0,71e025de8084813cd751879a6fd809b5117f5f41fe7df3fb500b0131977e53d4
qwen_ft_no_rag,20260916,decision_close_2026_4,2026-06-11,test,True,0,0,0,c786a42f6e4043d08e65fa945b922fd8ba31f0286a51c2bfa2c595ab8d98529c
qwen_ft_rag,20260916,decision_close_2022_10,2022-10-20,validation,True,0,0,0,d8b6af92ebfa5b977114884ce8341013e1ac5b8eb7b63850900a8ca3da0e88fb
qwen_ft_rag,20260916,decision_close_2022_11,2022-11-24,validation,True,0,0,0,2bb8b891c61517780ead6ee0c173e389820555f2ce6b0edd4dbd5cbf37985870
qwen_ft_rag,20260916,decision_close_2022_12,2022-12-22,validation,True,0,0,0,3282b997f27687d393ca65c09f48503ca4b2ca80a6ea8711d0e809e31244ea78
qwen_ft_rag,20260916,decision_close_2022_8,2022-08-18,validation,True,1,1,1,219e938491617ef507e0167d51963048ccbf557496fb7d3fffb6cbcb8afd6b5c
qwen_ft_rag,20260916,decision_close_2022_9,2022-09-22,validation,True,1,1,1,de4b8560f5d033d53bc51ab455c8cc214a291215597bade42888aab47e25be99
qwen_ft_rag,20260916,decision_close_2023_1,2023-01-19,validation,True,0,0,0,cb80db67698bb9ac92e0d2e892bf2bb02e4f4b910a175f32d843c883a608b213
qwen_ft_rag,20260916,decision_close_2023_10,2023-10-26,validation,True,1,1,1,56d8507991bce6ec09f374d5c18a7210d44b4039c491443403550aa3e095c126
qwen_ft_rag,20260916,decision_close_2023_11,2023-11-23,validation,True,0,1,0,528764d8caca70b5e29092f721d30607b14538936090d627088a57c32eb3856e
qwen_ft_rag,20260916,decision_close_2023_12,2023-12-21,validation,True,0,1,0,03c083580ecba67f41b14114f516c52cee39fb2a87abf5b37e56a387d3941544
qwen_ft_rag,20260916,decision_close_2023_2,2023-02-23,validation,True,0,1,0,a1d4dfda43851bcdf6353be640d434e2bff75b39de73b7b58b9b6e6f98a2d8ae
qwen_ft_rag,20260916,decision_close_2023_3,2023-03-23,validation,True,0,1,0,3283b15ec3d618ddc4b1dacc58d087cbf943e43574c7d73e930fff1a60419f4f
qwen_ft_rag,20260916,decision_close_2023_4,2023-04-27,validation,True,0,1,0,ddcdde4592400839e5698e91348730773139a3300b1b2768351a501e44a52f8a
qwen_ft_rag,20260916,decision_close_2023_5,2023-05-25,validation,True,0,1,0,1299d896ed7569da916a77abea6b2627b505d8f539d2ad92fe45b589a97dd2b7
qwen_ft_rag,20260916,decision_close_2023_6,2023-06-22,validation,True,1,1,1,f413c1607d50b75ae4c8eac718944944aa40dc531cb320c536451026e40e5524
qwen_ft_rag,20260916,decision_close_2023_7,2023-07-20,validation,True,1,1,1,72a785a78f9fc0e8d3fc8357d6675336169ae288344c4f1159e184252085dc10
qwen_ft_rag,20260916,decision_close_2023_8,2023-08-24,validation,True,1,1,1,4b88adc954137f3a273ce3076aa0f74574e51347b2db8c1c21f1a967766053e2
qwen_ft_rag,20260916,decision_close_2023_9,2023-09-21,validation,True,1,1,1,928b0687836060e3ce39861f1e747b5d390d2dc0dc7044553ad0ed715e91448a
qwen_ft_rag,20260916,decision_close_2024_1,2024-01-25,validation,True,0,0,0,b6feeac27929521c498fdac59425d0f53b57681551cb3bff4099ff5d56c3a0ca
qwen_ft_rag,20260916,decision_close_2024_10,2024-10-17,test,True,0,0,0,13c3dac599918884140feadb912cb2963e5be86acad902abb929891f171053fa
qwen_ft_rag,20260916,decision_close_2024_11,2024-11-21,test,True,0,0,1,48b32718a15adc137608e6f114411aacad7ad85ae2d2a5478c27151d8c20c77e
qwen_ft_rag,20260916,decision_close_2024_12,2024-12-26,test,True,0,0,1,b94270662ebd49790972887896582a196a71552ea40b15f7907c4911e8c74595
qwen_ft_rag,20260916,decision_close_2024_2,2024-02-22,test,True,1,1,0,2596e34b0f7647281955ca9e87fdb29bdb9ec13dd4e48125931b78dfcf77d049
qwen_ft_rag,20260916,decision_close_2024_3,2024-03-21,test,True,1,1,1,9773927b4d6eca6557b57cfd7e92db96e67edf1f510f5a9deced7ef38c86e446
qwen_ft_rag,20260916,decision_close_2024_4,2024-04-25,test,True,1,1,1,b6388d0de8ceee842111f6cf38cf80007ae8bc3536ae8d52ed87d98a840c4ba5
qwen_ft_rag,20260916,decision_close_2024_5,2024-05-23,test,True,1,0,0,4029a2f3ef7e1ad756e3702fa89f67c224dde25c19eea08228eaea0d78a46e15
qwen_ft_rag,20260916,decision_close_2024_6,2024-06-27,test,True,1,0,1,7b24d381dbacbcb945dddb88cd36cb4abb6fe52e94433baee4058bad4907f3ce
qwen_ft_rag,20260916,decision_close_2024_7,2024-07-23,test,True,1,0,1,702244e9abd1aa04be9923395fbee381d45fae03652cec28b0e00fb718ed1ba8
qwen_ft_rag,20260916,decision_close_2024_8,2024-08-20,test,True,0,0,0,ec59564793afdf4c825a99fbb6c8d702c33b0ca65e417a249c0f4e73eadfc69c
qwen_ft_rag,20260916,decision_close_2024_9,2024-09-19,test,True,0,0,0,f728ca3669469f8788b61dc6f4905171cd0ed89bbd3c2f8dafec5e55f8c4e4b2
qwen_ft_rag,20260916,decision_close_2025_1,2025-01-23,test,True,1,1,1,ef613736025ff57c8501e87415b03d33e3c93d6e738944635aa35611f1e99e3e
qwen_ft_rag,20260916,decision_close_2025_2,2025-03-06,test,True,0,0,1,edebc0c1e611407388bdce2d3828338e35036d77d3de4ab66c581c047b9eb14b
qwen_ft_rag,20260916,decision_close_2025_3,2025-03-20,test,True,1,1,1,35e535578cf90feab1b894f1eef1eac089447adcb65eea303adedf2df4f81910
qwen_ft_rag,20260916,decision_close_2025_4,2025-04-17,test,True,1,1,1,14940ab42c8630720c1bfb2de34acde020b984410a09555af571f117e9633d3f
qwen_ft_rag,20260916,decision_close_2025_5,2025-06-19,test,True,-1,0,1,5be5157fa627919c78cac460393e4ceae7a1929687caacdb57de134b7c3acf59
qwen_ft_rag,20260916,decision_close_2025_6,2025-07-24,test,True,1,1,1,c06f311df4d37aad84517240bd53c719f214793c7b69705d764addd75882e188
qwen_ft_rag,20260916,decision_close_2025_7,2025-09-11,test,True,0,0,1,1b28aaef85f1e6a7d55997d476cd8c4cf31e146d80bc150260d364706f7bbed9
qwen_ft_rag,20260916,decision_close_2025_8,2025-10-23,test,True,1,0,1,72b1057caa716fb530fb6864cc2d57021f2cfedbb1ef2cad9c1edb3922c03b7d
qwen_ft_rag,20260916,decision_close_2025_9,2025-12-11,test,True,0,0,1,92c2978d8db30ee24b0f470cd72d2e8dde64d937acef3a1c1ea3278eb8411848
qwen_ft_rag,20260916,decision_close_2026_1,2026-01-22,test,True,1,1,1,44783f4aaca4ea1cd9d80a24013e5b549f4cd6e311f1282ec836de06337da33a
qwen_ft_rag,20260916,decision_close_2026_2,2026-03-12,test,True,1,1,1,731fc4df512ab9d25010defd0b2d2bee71d18a94e22373a0389139fd143b231b
qwen_ft_rag,20260916,decision_close_2026_3,2026-04-22,test,True,1,0,1,38b9ee7d313995a725fd822e4a425eda1ea2d649ed564bdb981bdd9321c77fc6
qwen_ft_rag,20260916,decision_close_2026_4,2026-06-11,test,True,1,0,1,e1b0a624c4665e2f688f21bc83277951e9eb15fa8d6222e3d6414b854e92a931
qwen_ft_no_rag,20260917,decision_close_2022_10,2022-10-20,validation,True,1,1,0,8c2775f83e394deebaddaef2f7db7e4d8e31983cfa1ea5139d511484bd83a12d
qwen_ft_no_rag,20260917,decision_close_2022_11,2022-11-24,validation,True,0,0,0,bab373498c59a1dbd5e63e2ea2049e0adbf272194af8cc2eb34d42b09f51f125
qwen_ft_no_rag,20260917,decision_close_2022_12,2022-12-22,validation,True,0,0,0,abce5a0212991fca1d1e012d9f3adc9626029126130a984e1a7cfd8286357c5f
qwen_ft_no_rag,20260917,decision_close_2022_8,2022-08-18,validation,True,1,1,0,7b6a7f225b65c4d584646cf504eebbe9aeb67ec60df9098582e44ae40d7efba5
qwen_ft_no_rag,20260917,decision_close_2022_9,2022-09-22,validation,True,0,0,0,b215a888b1e7ddf8e2123b558c1ae26f5ee4403a93677322233210b4405a6cf1
qwen_ft_no_rag,20260917,decision_close_2023_1,2023-01-19,validation,True,0,0,0,edeeaae9dc826e35f7617cc92c3ab6b70653f590bf64f29155458e42c4508aa5
qwen_ft_no_rag,20260917,decision_close_2023_10,2023-10-26,validation,True,1,1,1,05d574aca619888bbb38a71864c511cff1528e3aa1aa39348bc996a2bd3bb97b
qwen_ft_no_rag,20260917,decision_close_2023_11,2023-11-23,validation,True,0,0,1,a904e0f70d4d3c8e5e26d24b2765f718b16da510e3b9370c50419443fdd4914d
qwen_ft_no_rag,20260917,decision_close_2023_12,2023-12-21,validation,True,0,1,0,5b8d7e90e797e0c91e4bbf7fd82f09037e8b5163c5cc3085a35a5862eabc005d
qwen_ft_no_rag,20260917,decision_close_2023_2,2023-02-23,validation,True,0,1,0,cc041bd993f65afb021142c6906496d2895eb3d9ffdd3372c915507fbaa0d7fb
qwen_ft_no_rag,20260917,decision_close_2023_3,2023-03-23,validation,True,0,1,0,25f1036e2a6208f3d470c4620444302d5dc1260834b84397b73ad5ce1c14f3d5
qwen_ft_no_rag,20260917,decision_close_2023_4,2023-04-27,validation,True,0,1,0,aa2412690e65c3f918fb3bec5ed7bb1ca551c2b0c23f2b08fe151a6ad3f1a2fb
qwen_ft_no_rag,20260917,decision_close_2023_5,2023-05-25,validation,True,0,1,0,01cc2fb9f4da51a8dcbeb6183de91f192086057f90df858a204964dfeb2b6f81
qwen_ft_no_rag,20260917,decision_close_2023_6,2023-06-22,validation,True,1,1,1,39e929c0e5f72453b3380dfd5cd1d897aafbf1fcf698344ba89c65c06c3708da
qwen_ft_no_rag,20260917,decision_close_2023_7,2023-07-20,validation,True,1,1,1,cd47cfbddfa529a43980943b4fa951ccf5e81f9051b225a84ad3eb65f7c1fbe3
qwen_ft_no_rag,20260917,decision_close_2023_8,2023-08-24,validation,True,1,1,1,dcd76bec3ff9b015ed7d409739b94fc871fa908f1e08f55e43147b640feaeb2e
qwen_ft_no_rag,20260917,decision_close_2023_9,2023-09-21,validation,True,1,1,1,30e4195d6c0d15e7e060dd060ac5200141f9a19af24f9965dcc6620b37590156
qwen_ft_no_rag,20260917,decision_close_2024_1,2024-01-25,validation,True,0,0,1,983f7b0b85caaa4de224f7ecd9eff630f36d374ade2a740166ba876577f04288
qwen_ft_no_rag,20260917,decision_close_2024_10,2024-10-17,test,True,0,0,0,f8a9b56def7cbfd1c6407bfc1f780897e7343d37629ffac087a54a738854b696
qwen_ft_no_rag,20260917,decision_close_2024_11,2024-11-21,test,True,0,0,1,a78aeea9194674edf7cd193709106944f0ba8b512827e634a996af45d51d2ba6
qwen_ft_no_rag,20260917,decision_close_2024_12,2024-12-26,test,True,-1,0,1,b86ac6422aecb9505ab35819626ebbb00a82310fb33c8d80ee56730da5389722
qwen_ft_no_rag,20260917,decision_close_2024_2,2024-02-22,test,True,0,0,1,465103fdce74acc90fbad5b36e6770620eb32b424187c669180f31812cfdc9af
qwen_ft_no_rag,20260917,decision_close_2024_3,2024-03-21,test,True,1,1,1,a387706871fe3e2cef561f424b1f816c65bde428866e849ef6cbcc6722c7a679
qwen_ft_no_rag,20260917,decision_close_2024_4,2024-04-25,test,True,1,0,1,366edcde3208f0235e7582441e31a5c9abec40837de3382ffbced4e9f3ef6816
qwen_ft_no_rag,20260917,decision_close_2024_5,2024-05-23,test,True,0,0,0,903f68d61d636466ab94ce73b352a963f529a677cb04cfa104373d227eb14de8
qwen_ft_no_rag,20260917,decision_close_2024_6,2024-06-27,test,True,0,0,1,a164f96bd7bec9a201a99644a98efeb86acb0b4746f8fe45938d70534908e6b3
qwen_ft_no_rag,20260917,decision_close_2024_7,2024-07-23,test,True,0,0,0,362a3121c231ab5f59b07324fa349e47483a766331929bbc9c847a8d42d3f71b
qwen_ft_no_rag,20260917,decision_close_2024_8,2024-08-20,test,True,0,0,0,9e09193f5df2e6bad9bfd35243b4a42468e8be207301383268e144f663742580
qwen_ft_no_rag,20260917,decision_close_2024_9,2024-09-19,test,True,0,0,0,b4731cb3d47b940003542dcc449752ebe04311a40d4763d82dbc76bba99122a8
qwen_ft_no_rag,20260917,decision_close_2025_1,2025-01-23,test,True,0,0,1,8205ab3f55876eb67c2c2cfb26e55ec1202ea0554f06f29219b2d82bbf2f2062
qwen_ft_no_rag,20260917,decision_close_2025_2,2025-03-06,test,True,0,0,1,ea9269b95f80ef56da30f4959f3cdef01c36b5d16bbe9fa5eb9164aaf0fad850
qwen_ft_no_rag,20260917,decision_close_2025_3,2025-03-20,test,True,1,0,1,3131ec0f2e978d423b7c98604c790d0a907a0035d6d99337b1e77718c4bce714
qwen_ft_no_rag,20260917,decision_close_2025_4,2025-04-17,test,True,0,0,1,b3bf37ee3d340b81243674da940de90b733799a9535866bddc5c6e4ae8ca83b3
qwen_ft_no_rag,20260917,decision_close_2025_5,2025-06-19,test,True,-1,0,1,b1f58c0e832be5637b306ebd69a374ae0866f5223f2522ab44754977cb54a2db
qwen_ft_no_rag,20260917,decision_close_2025_6,2025-07-24,test,True,0,0,1,6ad21acc513c49c39ce54993f232d4f49b59c815aac0f6b46c6a68d2d9379af4
qwen_ft_no_rag,20260917,decision_close_2025_7,2025-09-11,test,True,0,0,1,c6f934f9ac2210be36aae30bc0ac2f635081a91cf0fd7419bc43366dd2897ec8
qwen_ft_no_rag,20260917,decision_close_2025_8,2025-10-23,test,True,1,0,1,dae6e6f444ad4fada945fbe326920236b73f8c77db229d6945ac559e4839d1ed
qwen_ft_no_rag,20260917,decision_close_2025_9,2025-12-11,test,True,0,0,1,8653ce729f2a4e9a678b0571a7c4f53263a5b4e2567a91195507781ef36eb177
qwen_ft_no_rag,20260917,decision_close_2026_1,2026-01-22,test,True,0,0,1,10404c2e7f33b2bff3fd36494c1d303d6c52f7f6cf48bdb36d51998615aa7ce9
qwen_ft_no_rag,20260917,decision_close_2026_2,2026-03-12,test,True,0,0,0,5f12c5a04cb1768e6033796763d41682198d951dc2f3e3b60092254a6b64aad0
qwen_ft_no_rag,20260917,decision_close_2026_3,2026-04-22,test,True,0,0,0,06a4dab15dc2660a9367f7112d203f607191b8097929d95ae51f51a412a7e870
qwen_ft_no_rag,20260917,decision_close_2026_4,2026-06-11,test,True,0,0,0,adc8b7ca83b38a94a66f28ab0a56e2d615eaabaaccbf6295965963673d65367a
qwen_ft_rag,20260917,decision_close_2022_10,2022-10-20,validation,True,0,0,0,b1a29833b5985d28562b04ac12f9fb56ce14253fe96a0766579ef40c19e9546a
qwen_ft_rag,20260917,decision_close_2022_11,2022-11-24,validation,True,0,0,0,20c286bbf4653ea323fd5136da663b3038e133de3ebb110733fa3b99b957f964
qwen_ft_rag,20260917,decision_close_2022_12,2022-12-22,validation,True,0,0,0,38b1fbdb56546b57caceae387c5e2e47cb86264c39f89b9d3175c804977cc2ae
qwen_ft_rag,20260917,decision_close_2022_8,2022-08-18,validation,True,1,1,1,e89dd641961c3a1a2b1b624e3d43485d7feb43aa39aa6bb774cef66980a05b21
qwen_ft_rag,20260917,decision_close_2022_9,2022-09-22,validation,True,1,1,1,eae44369b862028874c0e45ba6a89ba5deeab03ffcd1779c915bd9f235c8a3ba
qwen_ft_rag,20260917,decision_close_2023_1,2023-01-19,validation,True,0,0,0,ff8ef825a8adf3c19db798f01ddac9813067a6d8d08f9f328f4fcdf7ea031376
qwen_ft_rag,20260917,decision_close_2023_10,2023-10-26,validation,True,1,1,1,96c3dad004ab931398f30968b2d70bc27e69fe2953749c39d3b62b2fae44fac0
qwen_ft_rag,20260917,decision_close_2023_11,2023-11-23,validation,True,0,1,0,9b089744435644dc3007c2cc14d151e384df2301c56a4656be5a8311d18d797a
qwen_ft_rag,20260917,decision_close_2023_12,2023-12-21,validation,True,0,1,0,950ada3f1b616e85975e6489531dff26ff0e64080becee691f81349869b219fe
qwen_ft_rag,20260917,decision_close_2023_2,2023-02-23,validation,True,0,1,0,8ac539754095e9fcec93c5f55936adb61378c4e75add0318871a0ca59a9cba2e
qwen_ft_rag,20260917,decision_close_2023_3,2023-03-23,validation,True,0,1,0,e45a2be88ea3a063b8e532b06226781a876a84976511b31feaffcc9e16fe899e
qwen_ft_rag,20260917,decision_close_2023_4,2023-04-27,validation,True,0,1,0,7e5effa9bf9f1b838abe1efd2bf4da8c793b48ca4f77518e43550fab7fb4ad95
qwen_ft_rag,20260917,decision_close_2023_5,2023-05-25,validation,True,0,1,0,8420fe52c9c8d8b6f9795ff33de28be9b26c6bfb92e969a7431f333706b54f48
qwen_ft_rag,20260917,decision_close_2023_6,2023-06-22,validation,True,1,1,1,746179a3b9d3ed4819e9744504bb220b870f9d1b5bfb2883af89db8592954961
qwen_ft_rag,20260917,decision_close_2023_7,2023-07-20,validation,True,1,1,1,6a467feedb2f65be5b3c38970c8c92fb92167f93a0630f4e2c04573b578a898c
qwen_ft_rag,20260917,decision_close_2023_8,2023-08-24,validation,True,1,1,1,b6e737cfe311cdae9e773248091eb907766f8f146c7b7157883a6baa36b14841
qwen_ft_rag,20260917,decision_close_2023_9,2023-09-21,validation,True,1,1,1,fa13b6d2c68c473d923bb28f19fd5ee6cb64bdd2d8c88c6362b30937f9234036
qwen_ft_rag,20260917,decision_close_2024_1,2024-01-25,validation,True,0,0,0,c2580936b7e8c460add620916acb4a460b99c50623c418630bd0d19dfbd6e278
qwen_ft_rag,20260917,decision_close_2024_10,2024-10-17,test,True,0,0,0,e45ddab891c01a039248e4eeefc689c79f2d1c6f0a7ec9e64ab1b79ba39627d3
qwen_ft_rag,20260917,decision_close_2024_11,2024-11-21,test,True,0,0,1,9f4cc4e127ba674ba0accdefd83d61f60c8b93f60810d604274fc693449bbab8
qwen_ft_rag,20260917,decision_close_2024_12,2024-12-26,test,True,0,0,1,0a44c13d25b4acf106a828b1fdd019ea9d4f1bec0219fa17d5287b7acd7ef1fa
qwen_ft_rag,20260917,decision_close_2024_2,2024-02-22,test,True,1,1,0,3acd5899f9064030f362be7c8d45531a685dcd2fe37b693d0d444d7bcbdb5422
qwen_ft_rag,20260917,decision_close_2024_3,2024-03-21,test,True,1,1,1,ce069ec076f6530e58a221ea93d98da62ba8982fab80f54f61145032a4328727
qwen_ft_rag,20260917,decision_close_2024_4,2024-04-25,test,True,1,1,1,3211463aafc169df9e97038d23d2e4249285f815ec759cf1c26fde6f044c70f9
qwen_ft_rag,20260917,decision_close_2024_5,2024-05-23,test,True,1,0,1,003c04b53c0c2ab604dfe8b350e4f26e2104cec0083406409a7e5b80ec8551ee
qwen_ft_rag,20260917,decision_close_2024_6,2024-06-27,test,True,1,0,1,800f4493c2cce9ff05d26e5979bee3b344302e4e6af97881151cd065319d2dea
qwen_ft_rag,20260917,decision_close_2024_7,2024-07-23,test,True,1,1,1,c745a18d2b65b114ca61b2b076725fd3a26587cc3134e476a2d9b2054bab9643
qwen_ft_rag,20260917,decision_close_2024_8,2024-08-20,test,True,0,0,0,7fb397bfb691e55db6fcfe32ff8c8c1c5440097f035d6ee21aeca85d613c6a8a
qwen_ft_rag,20260917,decision_close_2024_9,2024-09-19,test,True,0,0,0,3aecbf6fc263c4ce2ba520cb0428579819c1aa19d20fa9b4a1784f01d688f77f
qwen_ft_rag,20260917,decision_close_2025_1,2025-01-23,test,True,1,1,1,a81853f08f077a1c579fa451babb633b5f094572aac381ef543e866951874d5a
qwen_ft_rag,20260917,decision_close_2025_2,2025-03-06,test,True,0,0,1,ae31ccb60d028c34e38bdc7c5300843aaa6ae7a3f12c810f96aa32a804e0be98
qwen_ft_rag,20260917,decision_close_2025_3,2025-03-20,test,True,1,1,1,f50a3182811b8c93f0e2a90063bd2685d929a852d3d76d776b7f12e366c3f53a
qwen_ft_rag,20260917,decision_close_2025_4,2025-04-17,test,True,1,1,1,7c42c11f5b87d3837d342ba719d8d915a8c3137b265ad1c158d96aa41e3da42e
qwen_ft_rag,20260917,decision_close_2025_5,2025-06-19,test,True,0,0,1,b43e00d1f55cea492b0f0a892144cfa4e944608a669a391621c3c20ea793b385
qwen_ft_rag,20260917,decision_close_2025_6,2025-07-24,test,True,1,1,1,5c3120d8f17b2bcf6bd98284cd2c107496c90f7ad9d7aab5d58f71dab639abda
qwen_ft_rag,20260917,decision_close_2025_7,2025-09-11,test,True,0,0,1,19ec85a0eaebbf2861cd7088ebd00d39510f79be9c0277d1cd58da73548751bd
qwen_ft_rag,20260917,decision_close_2025_8,2025-10-23,test,True,1,0,1,d89c9499625a16a5e8cc99b19514383f3468d856a4e957e132f72574c24b9252
qwen_ft_rag,20260917,decision_close_2025_9,2025-12-11,test,True,0,0,1,510999397bbd209a9e74ff6298d802597ae4e5413e8195b9171e5a09373eb3ab
qwen_ft_rag,20260917,decision_close_2026_1,2026-01-22,test,True,1,1,1,b2229af638104ff240b5818d935777dcaa0b87e79ebb2ffadd881fc9d8ee78e5
qwen_ft_rag,20260917,decision_close_2026_2,2026-03-12,test,True,1,1,1,e2f0b8ee0445b3f57edf74f16411d01fdb8925a0849d2d23756ddcdab84bef21
qwen_ft_rag,20260917,decision_close_2026_3,2026-04-22,test,True,1,0,1,93089bb32f50db9e487345fcc443ed32aaa722f40def03ba2d018360c837b396
qwen_ft_rag,20260917,decision_close_2026_4,2026-06-11,test,True,1,0,1,bc38d88af63f148e2e950d30c265900abf8b3ae7e3311eeef05fe218292b77be
qwen_ft_no_rag,20260918,decision_close_2022_10,2022-10-20,validation,True,1,1,1,810cd7546ed6f3a9853ea0df7024b5729f48993dc5776d58bc2b6497433e03a9
qwen_ft_no_rag,20260918,decision_close_2022_11,2022-11-24,validation,True,0,0,0,8c95670c5e0a9cf569ce3339f98943303296e297673c63c03fe0920415225441
qwen_ft_no_rag,20260918,decision_close_2022_12,2022-12-22,validation,True,0,0,0,28571e07a6472213624366ba45952c96a09a0d47741f52376cfcf1a0b6e496fd
qwen_ft_no_rag,20260918,decision_close_2022_8,2022-08-18,validation,True,1,1,0,13c6113733a9489f56a3449876b40470aa7f969a366bc8dfe7bef4f070d5f7d7
qwen_ft_no_rag,20260918,decision_close_2022_9,2022-09-22,validation,True,1,1,0,ac5b9dcca8b52c6c98f868bf45f6bb34cf8a0503357829ae257b54b456fbee4c
qwen_ft_no_rag,20260918,decision_close_2023_1,2023-01-19,validation,True,0,0,0,8b19602e5f76eb56931f868d534eb4bd0404fc7b9e7b4459c1047e91d9c27e1b
qwen_ft_no_rag,20260918,decision_close_2023_10,2023-10-26,validation,True,1,1,1,6f1285fe74d8094010050a244d516b0fa978fbfb8a1d869edbf8720992cb528c
qwen_ft_no_rag,20260918,decision_close_2023_11,2023-11-23,validation,True,0,0,1,9249ee41d69b59dbc576eb8df9562be8c4a587e08e770214ea55d15c37284c60
qwen_ft_no_rag,20260918,decision_close_2023_12,2023-12-21,validation,True,-1,1,0,553cf074de9d3cc1dc3b0afd913882a2178ae6e2ca5b3f54aa426285d825ce3f
qwen_ft_no_rag,20260918,decision_close_2023_2,2023-02-23,validation,True,1,1,0,e1dc0bc7af1aa91b0249ff6db0d3eba8b8b4de4bedc22d86e65602b5c58db967
qwen_ft_no_rag,20260918,decision_close_2023_3,2023-03-23,validation,True,0,1,0,4d34a0c42ff9a1e72bd1165b58b69088c6b9ea5febb8cc7f3c271fac3c68ac14
qwen_ft_no_rag,20260918,decision_close_2023_4,2023-04-27,validation,True,0,1,0,a4de331e83cff37db3f4912f62569be6566bdf590d9a88764147c0bf1bb24b41
qwen_ft_no_rag,20260918,decision_close_2023_5,2023-05-25,validation,True,0,1,0,948cb41c6bf337ddf6381aedbfba200fd879257f33988242938f3d9d71e3c615
qwen_ft_no_rag,20260918,decision_close_2023_6,2023-06-22,validation,True,1,1,1,b98ec8ebfbfd5391cab6a2b05e11d4b21f5c536e9986e26ec94c548a536ce029
qwen_ft_no_rag,20260918,decision_close_2023_7,2023-07-20,validation,True,1,1,1,bcf0a327a26f93ce3832bdac0e71d6b95461de331549d4fcfa863f290ed44adb
qwen_ft_no_rag,20260918,decision_close_2023_8,2023-08-24,validation,True,1,1,1,57783623b3cca254c526971013aacfc665f7bf6fbaea39f796b67c56207aa64d
qwen_ft_no_rag,20260918,decision_close_2023_9,2023-09-21,validation,True,1,1,1,23858ac7c7483cc5642de77d6887599e48c6799e671c2cc3a7eca9dc61a157e2
qwen_ft_no_rag,20260918,decision_close_2024_1,2024-01-25,validation,True,0,0,1,a777c6d9b9b732381a9b6cd565c5b98dc0f01777c8a0be1157fb8f27066a9961
qwen_ft_no_rag,20260918,decision_close_2024_10,2024-10-17,test,True,0,0,0,77eca01079d28e15d1594058cb77521047a94f7cf1e2e42e9e770756cada5dbb
qwen_ft_no_rag,20260918,decision_close_2024_11,2024-11-21,test,True,0,0,1,3ea96d326d63f0b6b9484676ad52b3e185e5524ba8c8452a1af2a586ca6d3fae
qwen_ft_no_rag,20260918,decision_close_2024_12,2024-12-26,test,True,-1,0,1,c9ddf488f07983c7492642895afe498cafcfafd336b9f6bd212213a1aa8c4506
qwen_ft_no_rag,20260918,decision_close_2024_2,2024-02-22,test,True,0,0,1,92f22c124236b30065bea3880a2941fba7e28fdb7e9023e3ebbf6f32e4df72ba
qwen_ft_no_rag,20260918,decision_close_2024_3,2024-03-21,test,True,1,1,1,c2882b1bc2fcd71644dab85c03b40cf49015111b4a39ede794f5d06e01cf8c41
qwen_ft_no_rag,20260918,decision_close_2024_4,2024-04-25,test,True,1,0,1,abf26c90be4cb0dacdb6a5831aa1c8424eaa1b632ab2f214fda4b5d5bdd99146
qwen_ft_no_rag,20260918,decision_close_2024_5,2024-05-23,test,True,1,0,1,3391e6c2bd6e672c0cb6f86f598c3aa1953a88807febcbfa2285502293350cc3
qwen_ft_no_rag,20260918,decision_close_2024_6,2024-06-27,test,True,0,0,1,2708fb9925d63221175cf7fa69b5c04f968db026e70b3cf10ce58a57d2b3d35a
qwen_ft_no_rag,20260918,decision_close_2024_7,2024-07-23,test,True,0,0,0,dacae1db809b33c6dd5fb0164db9c70f6a75bdfd2fbe5c43a9db1f4a0f6684b4
qwen_ft_no_rag,20260918,decision_close_2024_8,2024-08-20,test,True,0,0,0,faede7b52cb6399810a9da587c4b4327e7a928824cce1007cee82289d1bb6528
qwen_ft_no_rag,20260918,decision_close_2024_9,2024-09-19,test,True,0,0,0,50c4e44388063017c0868689f0556937b818214d909a9af407f86ca3e5af619a
qwen_ft_no_rag,20260918,decision_close_2025_1,2025-01-23,test,True,0,0,1,0c2d5f9380ababbd625c112f096b82ba8317d1dfa23e456d277d811b3c95117f
qwen_ft_no_rag,20260918,decision_close_2025_2,2025-03-06,test,True,0,0,1,ec5b0dbc3138db234435ee16cb6272435f5929c3aae3ec13ec3a8dab8343435b
qwen_ft_no_rag,20260918,decision_close_2025_3,2025-03-20,test,True,1,1,1,2d5a1fc20e7b8152c03cc69ed708234181ce5ee00b3eb8685b65455dc4a2f850
qwen_ft_no_rag,20260918,decision_close_2025_4,2025-04-17,test,True,1,1,1,1b051712614cfe2a214ed9826d25e06dde4ed1091e991fa222f4b42fb9f18ba9
qwen_ft_no_rag,20260918,decision_close_2025_5,2025-06-19,test,True,-1,0,1,ff335146ea980b26bb6361999777893225497b3cf6e3a7e474621f974ea4ed2c
qwen_ft_no_rag,20260918,decision_close_2025_6,2025-07-24,test,True,0,0,1,5d1042a1b07f83354277a7333c958217892ec030359d1ff845a32143a7549c2c
qwen_ft_no_rag,20260918,decision_close_2025_7,2025-09-11,test,True,0,0,1,5c834cdf56ec77545a14d17dc2366a2bceb9a6588deff850e647bfcceb881cb3
qwen_ft_no_rag,20260918,decision_close_2025_8,2025-10-23,test,True,1,0,1,e476d6e62a3ae7c0945fc1138fda8ca6d46509bd1f37f154b1d8ccbc523205b0
qwen_ft_no_rag,20260918,decision_close_2025_9,2025-12-11,test,True,0,0,1,b8392dca4c5270c4ad83d5c2a4a8b3b912f6ec2a9bd87829d2a9f0b2a365d51e
qwen_ft_no_rag,20260918,decision_close_2026_1,2026-01-22,test,True,0,0,1,41694bf86cf94b7dd08a96b7dcaf6b8af3dcae4b424567e40e4d6743bba09a8e
qwen_ft_no_rag,20260918,decision_close_2026_2,2026-03-12,test,True,1,0,1,867bffa3e93398d319c9e2640d0bbac5df8bf21eddf36ea359430c271f2152d6
qwen_ft_no_rag,20260918,decision_close_2026_3,2026-04-22,test,True,0,0,0,8bf7017ee46831475caa88cade85680e9ba78a67911c39a367102c139221b5fb
qwen_ft_no_rag,20260918,decision_close_2026_4,2026-06-11,test,True,0,0,0,bf5b100b93f11225903904fe3165f5ff4d7d780a5d4b557661723dce5606eb86
qwen_ft_rag,20260918,decision_close_2022_10,2022-10-20,validation,True,0,0,0,5fa32eaea509738bc40a32a826c176ded8fab5d43d7e38b0175ca8d9704475b2
qwen_ft_rag,20260918,decision_close_2022_11,2022-11-24,validation,True,0,1,0,044f2ecce36021383a952d73cc5f9bc7210ce1fd0523d849e1e7c672524eadc3
qwen_ft_rag,20260918,decision_close_2022_12,2022-12-22,validation,True,0,0,0,6b9884533be89be08be9cfbae8132e87f0af02fde2f136d0186bdee581ef78f6
qwen_ft_rag,20260918,decision_close_2022_8,2022-08-18,validation,True,1,1,1,878204f93ff52d285f0076de318cbdaa56e0eb80ef068c1082d5290e86bf74cb
qwen_ft_rag,20260918,decision_close_2022_9,2022-09-22,validation,True,1,1,1,9c2e5aa8e56524c2d2c061a060ff5c8bb1ea058ef1ecac9a7b697fda838a42b2
qwen_ft_rag,20260918,decision_close_2023_1,2023-01-19,validation,True,1,0,0,867c933e397860e5863ba054ebf499ad5509bbe3f81864fde13aea38c3d8af16
qwen_ft_rag,20260918,decision_close_2023_10,2023-10-26,validation,True,1,1,1,008c235230a5a30c23a1b133deb3ab0bd86e532d006911789d9d1797e18bf3a8
qwen_ft_rag,20260918,decision_close_2023_11,2023-11-23,validation,True,0,1,0,6d7e1b2abe6e1478bfd08472fbc13ec93be3641ad0931b845e979df7998fb856
qwen_ft_rag,20260918,decision_close_2023_12,2023-12-21,validation,True,0,1,0,ae8e1c1429f50e963cab9e01964994a03d72edf83eb6dd77ca311e0c729b2d1d
qwen_ft_rag,20260918,decision_close_2023_2,2023-02-23,validation,True,0,1,0,c581ab263788b81b263086b3120cceab29253d7a1b90492747c45bce95099c21
qwen_ft_rag,20260918,decision_close_2023_3,2023-03-23,validation,True,0,1,0,4d0101c8cf3ae88c28e8ae3b84d61efc073e09304151a3668dec3d2d9e77be56
qwen_ft_rag,20260918,decision_close_2023_4,2023-04-27,validation,True,0,1,0,8eeacc234237ac7f6d94ccb8b04d26c9c15bc9010eb9c71ac1df02c3c671f91a
qwen_ft_rag,20260918,decision_close_2023_5,2023-05-25,validation,True,0,1,0,bc3e71fc637fd0fb2134e042f1d573092abdc688407834e5d242c710c8cdd80a
qwen_ft_rag,20260918,decision_close_2023_6,2023-06-22,validation,True,1,1,1,d3430a21cfd2d7990b3d68da0524160cdf61edb77233c6150a2554700d6f462b
qwen_ft_rag,20260918,decision_close_2023_7,2023-07-20,validation,True,1,1,1,33258b989f4ca6362921dfdef7047bc561177e0b183f572675f9a68007c75fed
qwen_ft_rag,20260918,decision_close_2023_8,2023-08-24,validation,True,1,1,1,dcb66891fdd2483d73f39d689c645e24beceab5b6af28aaa12693660fd203267
qwen_ft_rag,20260918,decision_close_2023_9,2023-09-21,validation,True,1,1,1,4d1bf49c1e17b80806141da7a7b1e8e3458579b98fbb1f869b5f2235f67853e8
qwen_ft_rag,20260918,decision_close_2024_1,2024-01-25,validation,True,0,0,0,1169e9b20de16ee3a2b8a825288a95a715f4e790ae732579c257987de0cb214c
qwen_ft_rag,20260918,decision_close_2024_10,2024-10-17,test,True,0,0,0,fdb1d3d1bb69a748ab178cbcced7fc9e7450ac4f59e00a9aba9c35411fde3ff6
qwen_ft_rag,20260918,decision_close_2024_11,2024-11-21,test,True,0,0,1,5cfca4c838664bec04a10de9f41dfac48b8ab33283622949adbf16130e52cb9e
qwen_ft_rag,20260918,decision_close_2024_12,2024-12-26,test,True,0,1,0,f804c2bd69e73908c74cbdddf4b46565a3b7f1037339ed7b07352495c39ee2aa
qwen_ft_rag,20260918,decision_close_2024_2,2024-02-22,test,True,1,1,0,e51e0cc8056620bf172cb3f4462456b781e36d9e5ddb6438ecf711588639637e
qwen_ft_rag,20260918,decision_close_2024_3,2024-03-21,test,True,1,1,1,de138ef7cf84c2f2eb2a73d002ad61f77cbc9b56d74a31f6fdb9674166f34201
qwen_ft_rag,20260918,decision_close_2024_4,2024-04-25,test,True,1,1,1,dba5f1c51c050c4afb0d1f3cadea5b92a86ef952262a24225d42f491909d15d0
qwen_ft_rag,20260918,decision_close_2024_5,2024-05-23,test,True,1,0,1,fb3868d69ae6af374215e502aada74bdf6d8dfbf63340ce3f9dec6b2bb10fb99
qwen_ft_rag,20260918,decision_close_2024_6,2024-06-27,test,True,1,0,1,5c4d9cdb00bd3bdd7d1b851150bf653a5afbe9a64d8e64dfc6d9d5f9c3d40eeb
qwen_ft_rag,20260918,decision_close_2024_7,2024-07-23,test,True,1,1,1,21133d53eb87ee3b06aa6b6ee33fb53ed32eae42e3cf96b6af1667da852d4a47
qwen_ft_rag,20260918,decision_close_2024_8,2024-08-20,test,True,0,0,0,e1d1d997e3044ecada33a56a3322068b66f2d3481ae68d51fa807084be3af8d4
qwen_ft_rag,20260918,decision_close_2024_9,2024-09-19,test,True,0,0,0,f3006138e963c721eb7d8b5fa159442843365138c7ec54ca4c30659d368f61c1
qwen_ft_rag,20260918,decision_close_2025_1,2025-01-23,test,True,1,1,1,bc0ddb6d208122ffbadc4f9fb7766336923ca98c531038a5c4bb7e899f572e0d
qwen_ft_rag,20260918,decision_close_2025_2,2025-03-06,test,True,0,0,1,ba0e5a4038b65829e4fd3d54acd09ab05f1df6487d101f53acd2687c9d4e9447
qwen_ft_rag,20260918,decision_close_2025_3,2025-03-20,test,True,1,1,1,aa46dfb6a03a1be3a9a215d1c764c44e4893cea1db242828b3db0e567df58fd0
qwen_ft_rag,20260918,decision_close_2025_4,2025-04-17,test,True,1,1,1,7946cfb248685172dddccc3ea9d7b1c2c6a0be2dc0bb35ed8aa71c83a0ed4060
qwen_ft_rag,20260918,decision_close_2025_5,2025-06-19,test,True,-1,0,1,ebf6e4598d5a089f5685ad14ae2f48c9d7b55de0d362ae6e79f0c5642bcbc2b8
qwen_ft_rag,20260918,decision_close_2025_6,2025-07-24,test,True,1,1,1,39116276eb73847a0233b51791eef2da5781a2d30e5e9eb336e9c60044dcc362
qwen_ft_rag,20260918,decision_close_2025_7,2025-09-11,test,True,1,0,1,095a93fdf4ba0312373d34b28dc10afbb3e9ebb9b7c3818666483e915b209e2d
qwen_ft_rag,20260918,decision_close_2025_8,2025-10-23,test,True,1,0,1,88a67feae41e4c0a22185aae604a2a6aed6010772b9bfec40c3fe04fb128f95a
qwen_ft_rag,20260918,decision_close_2025_9,2025-12-11,test,True,0,0,1,8e27c70c236dc751e0b20eea527827e3525d1866c1856f41be6d4c74d04e0080
qwen_ft_rag,20260918,decision_close_2026_1,2026-01-22,test,True,1,1,1,df8ad681996b36ae66928b95394e2d0ac6bae321a0f7fd195d5f18844a02ca82
qwen_ft_rag,20260918,decision_close_2026_2,2026-03-12,test,True,1,1,1,df73f35b31d26290e0b7ce74c5de7b235d1b99cc40e1e78c2af0c81d318c94a6
qwen_ft_rag,20260918,decision_close_2026_3,2026-04-22,test,True,1,0,1,4624c8992b32f16d39fc27f4000525ae0e0798a567cd90a279a2666533de978c
qwen_ft_rag,20260918,decision_close_2026_4,2026-06-11,test,True,1,0,1,e3c0ab0a9ae59371da0c60ec2a7bdfc5299f89870c5e5dc72d0655eb1faf56b0