index,origin_id,origin_date,split,item_id,inflation_pressure_score,inflation_pressure_evidence,inflation_pressure_zero_reason,inflation_pressure_note,demand_pressure_score,demand_pressure_evidence,demand_pressure_zero_reason,demand_pressure_note,forward_policy_bias_score,forward_policy_bias_evidence,forward_policy_bias_zero_reason,forward_policy_bias_note
0,decision_close_2015_1,2015-01-20,train,T-90085e34e963,-1,"Para politikasındaki sıkı duruş ve alınan makroihtiyati önlemler enflasyonu, özellikle enerji ve gıda dışı (çekirdek) enflasyon göstergelerini ve enflasyon beklentilerini olumlu yönde etkilemektedir. Ayrıca, başta petrol olmak üzere düşen emtia fiyatları enflasyondaki düşüş sürecini desteklemektedir.",,,0,Dış talep zayıf seyrini korurken iç talep büyümeye ılımlı düzeyde katkı vermektedir.,mixed_balanced,,0,"Enflasyon beklentileri, fiyatlama davranışları ve enflasyonu etkileyen diğer unsurlar yakından izlenecek ve enflasyon görünümünde belirgin bir iyileşme sağlanana kadar getiri eğrisini yataya yakın tutmak suretiyle para politikasındaki sıkı duruş sürdürülecektir.",maintain_only,
1,decision_close_2015_2,2015-02-24,train,T-0be1b1234c09,-1,"Uygulanan temkinli para ve maliye politikaları ile alınan makroihtiyati önlemler enflasyonu, özellikle enerji ve gıda dışı (çekirdek) enflasyon göstergelerini ve enflasyon beklentilerini olumlu yönde etkilemektedir. Kurul, çekirdek enflasyondaki düşüşün devam edeceğini öngörmektedir.",,,0,Dış talep zayıf seyrini korurken iç talep büyümeye ılımlı düzeyde katkı vermektedir,mixed_balanced,,0,Önümüzdeki dönemde para politikası kararları enflasyon görünümündeki iyileşmenin hızına bağlı olacaktır.,maintain_only,
2,decision_close_2015_3,2015-03-17,train,T-be4c13d6c53b,0,"Uygulanan temkinli para ve maliye politikaları ile alınan makroihtiyati önlemler enflasyonu, özellikle enerji ve gıda dışı (çekirdek) enflasyon göstergelerini olumlu yönde etkilemektedir. Öte yandan küresel piyasalardaki belirsizlikler ve gıda fiyatlarındaki artışlar para politikasındaki temkinli yaklaşımın sürdürülmesini gerektirmektedir.",mixed_balanced,,0,Sıkı para politikası duruşunun ve alınan makroihtiyati önlemlerin etkisiyle kredi büyüme hızları makul düzeylerde seyretmektedir.,mixed_balanced,,0,"Enflasyon beklentileri, fiyatlama davranışları ve enflasyonu etkileyen diğer unsurlar yakından izlenecek ve enflasyon görünümünde belirgin bir iyileşme sağlanana kadar getiri eğrisini yataya yakın tutmak suretiyle para politikasındaki temkinli duruş sürdürülecektir.",maintain_only,
3,decision_close_2015_4,2015-04-22,train,T-3952f62c8ea0,0,"Uygulanan temkinli para ve maliye politikaları ile alınan makroihtiyati önlemler enflasyonu, özellikle enerji ve gıda dışı (çekirdek) enflasyon göstergelerini olumlu yönde etkilemektedir. Öte yandan küresel piyasalardaki belirsizlikler ve gıda fiyatlarındaki artışlar para politikasındaki temkinli yaklaşımın sürdürülmesini gerektirmektedir.",mixed_balanced,,0,Dış talep zayıf seyrini korurken iç talep büyümeye ılımlı düzeyde katkı vermektedir.,mixed_balanced,,0,"Enflasyon beklentileri, fiyatlama davranışları ve enflasyonu etkileyen diğer unsurlar yakından izlenecek ve enflasyon görünümünde belirgin bir iyileşme sağlanana kadar getiri eğrisini yataya yakın tutmak suretiyle para politikasındaki temkinli duruş sürdürülecektir.",mixed_balanced,
4,decision_close_2015_5,2015-05-20,train,T-5b6c2cc98ae3,0,"Uygulanan temkinli para ve maliye politikaları ile alınan makroihtiyati önlemler enflasyonu, özellikle enerji ve gıda dışı (çekirdek) enflasyon göstergelerini olumlu yönde etkilemeye devam etmektedir. Ancak döviz kurlarında son dönemde yaşanan oynaklıklar, Enflasyon Raporunda belirtildiği gibi, çekirdek enflasyondaki iyileşmeyi sınırlandırmıştır.",mixed_balanced,,0,Dış talep zayıf seyrini korurken iç talep büyümeye ılımlı düzeyde katkı vermektedir.,mixed_balanced,,0,"Enflasyon beklentileri, fiyatlama davranışları ve enflasyonu etkileyen diğer unsurlar yakından izlenecek ve enflasyon görünümünde belirgin bir iyileşme sağlanana kadar getiri eğrisini yataya yakın tutmak suretiyle para politikasındaki temkinli duruş sürdürülecektir.",maintain_only,
5,decision_close_2015_6,2015-06-23,train,T-441b8e7506fd,0,"Gıda fiyatlarında beklenen kısmi düzeltmenin katkısıyla kısa vadede enflasyonun düşeceği öngörülmektedir. Bununla birlikte, son dönemde yaşanan döviz kuru hareketleri çekirdek enflasyon eğilimindeki iyileşmeyi geciktirmiştir.",mixed_balanced,,0,Dış talep zayıf seyrini korurken iç talep büyümeye ılımlı düzeyde katkı vermektedir.,mixed_balanced,,0,"Enflasyon beklentileri, fiyatlama davranışları ve enflasyonu etkileyen diğer unsurlar yakından izlenecek ve enflasyon görünümünde belirgin bir iyileşme sağlanana kadar getiri eğrisini yataya yakın tutmak suretiyle para politikasındaki temkinli duruş sürdürülecektir.",maintain_only,
6,decision_close_2015_7,2015-07-23,train,T-94e0a602da55,0,"Gıda ve enerji fiyatlarındaki gelişmeler kısa vadede enflasyonu olumlu etkilemektedir. Bununla birlikte, döviz kuru hareketleri çekirdek enflasyon eğilimindeki iyileşmeyi geciktirmektedir.",mixed_balanced,,0,Dış talep zayıf seyrini korurken iç talep büyümeye ılımlı düzeyde katkı vermektedir.,mixed_balanced,,0,"Enflasyon beklentileri, fiyatlama davranışları ve enflasyonu etkileyen diğer unsurlar yakından izlenecek ve enflasyon görünümünde belirgin bir iyileşme sağlanana kadar getiri eğrisini yataya yakın tutmak suretiyle para politikasındaki temkinli duruş sürdürülecektir.",maintain_only,
7,decision_close_2015_8,2015-08-18,train,T-233a127d3a94,0,"İşlenmiş gıda ve enerji fiyatlarındaki gelişmeler kısa vadede enflasyonu olumlu etkilemektedir. Bununla birlikte, döviz kuru hareketleri çekirdek enflasyon eğilimindeki iyileşmeyi geciktirmektedir.",mixed_balanced,,0,Dış talep zayıf seyrini korurken iç talep büyümeye ılımlı düzeyde katkı vermektedir.,mixed_balanced,,0,"Önümüzdeki dönemde para politikası kararları enflasyon görünümündeki iyileşmenin hızına bağlı olacaktır. Enflasyon beklentileri, fiyatlama davranışları ve enflasyonu etkileyen diğer unsurlar yakından izlenecek ve enflasyon görünümünde belirgin bir iyileşme sağlanana kadar getiri eğrisini yataya yakın tutmak suretiyle para politikasındaki temkinli duruş sürdürülecektir.",maintain_only,
8,decision_close_2015_9,2015-09-22,train,T-164f2f8df8b2,0,"Enerji fiyatlarındaki gelişmeler enflasyonu olumlu yönde etkilemeye devam etmektedir. Bununla birlikte, döviz kuru hareketleri çekirdek enflasyon eğilimindeki iyileşmeyi geciktirmektedir.",mixed_balanced,,0,Yılın ilk yarısında dış talep zayıf seyrini korurken iç talep büyümeye ılımlı düzeyde katkı vermiştir.,mixed_balanced,,0,"Enflasyon beklentileri, fiyatlama davranışları ve enflasyonu etkileyen diğer unsurlar yakından izlenecek ve enflasyon görünümünde belirgin bir iyileşme sağlanana kadar getiri eğrisini yataya yakın tutmak suretiyle para politikasındaki temkinli duruş sürdürülecektir.",maintain_only,
9,decision_close_2015_10,2015-10-21,train,T-14cf8ada2f4e,0,"Enerji fiyatlarındaki gelişmeler enflasyonu olumlu yönde etkilemeye devam etmektedir. Bununla birlikte, döviz kuru hareketleri çekirdek enflasyon eğilimindeki iyileşmeyi geciktirmektedir.",mixed_balanced,,0,Yılın ilk yarısında dış talep zayıf seyrini korurken iç talep büyümeye ılımlı düzeyde katkı vermiştir,mixed_balanced,,0,"Enflasyon beklentileri, fiyatlama davranışları ve enflasyonu etkileyen diğer unsurlardaki gelişmeler dikkate alınarak para politikasındaki sıkı duruş sürdürülecektir.",maintain_only,
10,decision_close_2015_11,2015-11-24,train,T-2a87bae57ada,0,"Enerji fiyatlarındaki gelişmeler enflasyonu olumlu yönde etkilemeye devam etmektedir. Bununla birlikte, birikimli döviz kuru hareketleri çekirdek enflasyon eğilimindeki iyileşmeyi geciktirmektedir.",mixed_balanced,,0,Dış ticaret hadlerindeki olumlu gelişmeler ve tüketici kredilerinin ılımlı seyri cari dengedeki iyileşmeyi desteklemektedir. Avrupa Birliği ülkelerinin talebindeki artışın da katkısıyla büyüme kompozisyonu net ihracat lehine değişmektedir.,mixed_balanced,,0,"Enflasyon beklentileri, fiyatlama davranışları ve enflasyonu etkileyen diğer unsurlardaki gelişmeler dikkate alınarak para politikasındaki sıkı duruş sürdürülecektir.",maintain_only,
11,decision_close_2015_12,2015-12-22,train,T-96ac4f4519ff,0,"Enerji fiyatlarındaki gelişmeler enflasyonu olumlu yönde etkilemeye devam etmektedir. Bununla birlikte, birikimli döviz kuru hareketleri çekirdek enflasyon eğilimindeki iyileşmeyi geciktirmektedir.",mixed_balanced,,0,Sıkı para politikası duruşunun ve alınan makroihtiyati önlemlerin etkisiyle yıllık kredi büyüme hızları makul düzeylerde seyretmektedir. Dış ticaret hadlerindeki olumlu gelişmeler ve tüketici kredilerinin ılımlı seyri cari dengedeki iyileşmeyi desteklemektedir. Avrupa Birliği ülkelerinin talebindeki artışın da katkısıyla büyüme kompozisyonu net ihracat lehine değişmektedir.,mixed_balanced,,-1,"Kurul, küresel para politikalarındaki normalleşmenin başlaması ile birlikte oynaklıklarda gözlenen düşüşün kalıcı olması halinde önümüzdeki toplantıdan itibaren para politikasındaki sadeleşme adımlarına başlanabileceğini değerlendirmiştir.",,
12,decision_close_2016_1,2016-01-19,train,T-6b0945a3dd66,0,"Enerji fiyatlarındaki gelişmeler enflasyonu olumlu yönde etkilemeye devam etmektedir. Bununla birlikte, artan maliyet unsurları çekirdek enflasyon eğilimindeki iyileşmeyi sınırlamaktadır",mixed_balanced,,0,Dış ticaret hadlerindeki olumlu gelişmeler ve tüketici kredilerinin ılımlı seyri cari dengedeki iyileşmeyi desteklemektedir. Artan jeopolitik risklere karşın Avrupa Birliği ülkelerinin talebindeki artışın ihracat üzerindeki olumlu etkisi sürmektedir.,mixed_balanced,,0,"Enflasyon beklentileri, fiyatlama davranışları ve enflasyonu etkileyen diğer unsurlardaki gelişmeler dikkate alınarak para politikasındaki sıkı duruş sürdürülecektir.",maintain_only,
13,decision_close_2016_2,2016-02-23,train,T-86944fe5f34d,0,"Enerji fiyatlarındaki gelişmeler enflasyonu olumlu yönde etkilemeye devam etmektedir. Bununla birlikte, artan maliyet unsurları çekirdek enflasyon eğilimindeki iyileşmeyi sınırlamaktadır.",mixed_balanced,,0,Dış ticaret hadlerindeki olumlu gelişmeler ve tüketici kredilerinin ılımlı seyri cari dengedeki iyileşmeyi desteklemektedir. Artan jeopolitik risklere karşın Avrupa Birliği ülkelerinin talebindeki artışın ihracat üzerindeki olumlu etkisi güçlenerek sürmektedir.,mixed_balanced,,0,"Enflasyon beklentileri, fiyatlama davranışları ve enflasyonu etkileyen diğer unsurlardaki gelişmeler dikkate alınarak para politikasındaki sıkı duruş sürdürülecektir.",maintain_only,
14,decision_close_2016_3,2016-03-24,train,T-4ccb23c78f43,0,"Bununla birlikte, çekirdek enflasyon eğilimindeki iyileşmenin sınırlı olması likidite politikasındaki sıkı duruşun korunmasını gerektirmektedir.",mixed_balanced,,0,Dış ticaret hadlerindeki olumlu gelişmeler ve tüketici kredilerinin ılımlı seyri cari dengedeki iyileşmeyi desteklemektedir.,mixed_balanced,,0,"Bununla birlikte, çekirdek enflasyon eğilimindeki iyileşmenin sınırlı olması likidite politikasındaki sıkı duruşun korunmasını gerektirmektedir.",maintain_only,
15,decision_close_2016_4,2016-04-20,train,T-6e31f016fff6,0,"Enflasyon yakın dönemde belirgin bir düşüş sergilemiştir. Temelde işlenmemiş gıda kaynaklı gerçekleşen bu düşüşün kısa vadede devam edeceği öngörülmektedir. Bununla birlikte, çekirdek enflasyon eğilimindeki iyileşmenin sınırlı olması likidite politikasındaki sıkı duruşun korunmasını gerektirmektedir.",mixed_balanced,,0,Dış ticaret hadlerindeki olumlu gelişmeler ve tüketici kredilerinin ılımlı seyri cari dengedeki iyileşmeyi desteklemektedir. Artan jeopolitik risklere karşın Avrupa Birliği ülkelerinin talebindeki artışın ihracat üzerindeki olumlu etkisi güçlenerek sürmektedir. Açıklanan veriler ile öncü göstergeler iktisadi faaliyetin ılımlı ve istikrarlı büyüme eğilimini koruduğunu göstermektedir.,mixed_balanced,,0,"Enflasyon beklentileri, fiyatlama davranışları ve enflasyonu etkileyen diğer unsurlardaki gelişmeler dikkate alınarak para politikasındaki sıkı duruş sürdürülecektir.",maintain_only,
16,decision_close_2016_5,2016-05-24,train,T-d73e863a9217,0,"Son dönemde enflasyonda, temelde işlenmemiş gıda fiyatları kaynaklı olarak, belirgin bir düşüş gözlenmektedir. Bununla birlikte, çekirdek enflasyon eğilimindeki iyileşmenin sınırlı olması likidite politikasındaki sıkı duruşun korunmasını gerektirmektedir.",mixed_balanced,,0,Sıkı para politikası duruşunun ve alınan makroihtiyati önlemlerin etkisiyle yıllık kredi büyüme hızları makul düzeylerde seyretmektedir.,mixed_balanced,,0,"Enflasyon beklentileri, fiyatlama davranışları ve enflasyonu etkileyen diğer unsurlardaki gelişmeler dikkate alınarak para politikasındaki sıkı duruş sürdürülecektir.",mixed_balanced,
17,decision_close_2016_6,2016-06-21,train,T-735cbb49abe8,0,"Son aylarda işlenmemiş gıda fiyatlarının olumlu seyri ve çekirdek enflasyon eğilimindeki iyileşmeye bağlı olarak enflasyonda belirgin bir düşüş gözlenmiştir. Bununla birlikte, hizmet enflasyonundaki ve birim işgücü maliyetlerindeki gelişmeler likidite politikasındaki sıkı duruşun korunmasını gerektirmektedir.",mixed_balanced,,1,"İç talep büyümeye pozitif katkı verirken, Avrupa Birliği ülkelerinin talebindeki artışın ihracat üzerindeki olumlu etkisi sürmektedir. Bu çerçevede, iktisadi faaliyet ılımlı ve istikrarlı büyüme eğilimini korumaktadır.",,,0,"Enflasyon beklentileri, fiyatlama davranışları ve enflasyonu etkileyen diğer unsurlardaki gelişmeler dikkate alınarak para politikasındaki sıkı duruş sürdürülecektir.",maintain_only,
18,decision_close_2016_7,2016-07-19,train,T-4fd7fe4db0fd,0,Çekirdek enflasyonun ise kademeli düşüşünü sürdürmesi beklenmektedir.,mixed_balanced,,1,iktisadi faaliyet ılımlı ve istikrarlı büyüme eğilimini korumaktadır,,,0,para politikasındaki sıkı duruş sürdürülecektir.,maintain_only,
19,decision_close_2016_8,2016-08-23,train,T-ee8c927aeb4a,0,"Son aylarda belirgin artışlar gösteren işlenmemiş gıda fiyatlarının kısa vadede aşağı yönlü düzeltme yapabileceği öngörülmektedir. Çekirdek enflasyonun ise kademeli düşüşünü sürdürmesi beklenmektedir. Bununla birlikte, enflasyon görünümüne dair gelişmeler likidite politikasındaki sıkı duruşun korunmasını gerektirmektedir.",mixed_balanced,,0,Sıkı para politikası duruşunun ve alınan makroihtiyati önlemlerin etkisiyle yıllık kredi büyüme hızları makul düzeylerde seyretmektedir.,mixed_balanced,,0,"Bu doğrultuda Kurul, para politikası etkinliğine sağladığı katkı da dikkate alınarak, sadeleşme yönünde ölçülü ve temkinli bir adım atılmasına karar vermiştir.",maintain_only,
20,decision_close_2016_9,2016-09-22,train,T-8f80a6396781,0,"Toplam talepteki yavaşlama çekirdek enflasyondaki kademeli düşüşü desteklerken gıda fiyatlarındaki aşağı yönlü seyrin de etkisiyle kısa vadede enflasyonda düşüş öngörülmektedir. Bununla birlikte, akaryakıt ürünlerindeki vergi ayarlaması ve diğer maliyet unsurlarındaki gelişmeler enflasyondaki iyileşmeyi sınırlamakta ve para politikasındaki temkinli duruşun korunmasını gerektirmektedir.",mixed_balanced,,-1,Son dönemde açıklanan veriler ve yılın üçüncü çeyreğine dair göstergeler iktisadi faaliyetin ivme kaybettiğine işaret etmektedir. Mevcut durumda genel finansal koşulların sıkı olduğu değerlendirilmektedir.,,,0,"Bununla birlikte, akaryakıt ürünlerindeki vergi ayarlaması ve diğer maliyet unsurlarındaki gelişmeler enflasyondaki iyileşmeyi sınırlamakta ve para politikasındaki temkinli duruşun korunmasını gerektirmektedir.",maintain_only,
21,decision_close_2016_10,2016-10-20,train,T-4bd5975271de,0,"Toplam talepteki yavaşlama çekirdek enflasyondaki kademeli düşüşü desteklemektedir. Bununla birlikte, döviz kuru ve diğer maliyet unsurlarındaki gelişmeler enflasyon görünümündeki iyileşmeyi sınırlamakta ve para politikasındaki temkinli duruşun korunmasını gerektirmektedir.",mixed_balanced,,0,Son dönemde açıklanan veriler ve yılın üçüncü çeyreğine dair göstergeler iktisadi faaliyetin ivme kaybettiğine işaret etmektedir,mixed_balanced,,0,"Bu değerlendirmeler çerçevesinde Kurul, faiz oranlarının sabit tutulmasına karar vermiştir. Kurul, para politikasında sadeleşme sürecindeki bir sonraki adımın yönü ve zamanlamasının verilere göre şekilleneceğini belirtmiştir.",maintain_only,
22,decision_close_2016_11,2016-11-24,train,T-2d365c46b422,0,"Toplam talepteki yavaşlama enflasyondaki düşüşü desteklemektedir. Bununla birlikte, yakın dönemde küresel belirsizliklerdeki artış ve yüksek oynaklıklara bağlı olarak yaşanan döviz kuru hareketleri enflasyon görünümüne dair yukarı yönlü risk oluşturmaktadır.",mixed_balanced,,-1,Son dönemde açıklanan veriler yılın üçüncü çeyreğinde iktisadi faaliyette ivme kaybına işaret etmektedir.,,,0,"Önümüzdeki dönemde para politikası kararları enflasyon görünümüne bağlı olacaktır. Enflasyon beklentileri, fiyatlama davranışları ve enflasyonu etkileyen diğer unsurlardaki gelişmeler yakından izlenerek para politikasındaki temkinli duruş sürdürülecektir.",maintain_only,
23,decision_close_2016_12,2016-12-20,train,T-5d26d9910634,0,"Yakın dönemde küresel belirsizliklerdeki artışa bağlı olarak yaşanan döviz kuru hareketleri ve petrol fiyatlarındaki yükseliş enflasyon görünümüne dair yukarı yönlü risk oluşturmaktadır. Öte yandan, toplam talep gelişmeleri bu etkileri sınırlamaktadır.",mixed_balanced,,0,Son dönemde açıklanan veriler iktisadi faaliyetin yılın üçüncü çeyreğinde ivme kaybettikten sonra dördüncü çeyrekte kısmi bir toparlanma sergilediğine işaret etmektedir.,mixed_balanced,,0,"Enflasyon beklentileri, fiyatlama davranışları ve enflasyonu etkileyen diğer unsurlardaki gelişmeler yakından izlenerek para politikasındaki temkinli duruş sürdürülecektir.",maintain_only,
24,decision_close_2017_1,2017-01-24,train,T-ab4ebfebc8fb,1,"Bununla birlikte, son Kurul toplantısından bu yana döviz kurlarında gözlenen aşırı hareketlilik enflasyon görünümüne dair yukarı yönlü riskleri artırmıştır. Döviz kuru gelişmelerinin gecikmeli etkisi ve işlenmemiş gıda fiyatlarındaki oynaklık nedeniyle kısa vadede enflasyondaki belirgin yükselişin devam edebileceği öngörülmektedir.",,,-1,İç talep göreli olarak daha zayıf seyrederken Avrupa Birliği ülkelerinin talebindeki artışın ihracat üzerindeki olumlu etkisi sürmektedir.,,,1,"Bu çerçevede Kurul, enflasyon görünümündeki bozulmayı sınırlamak amacıyla parasal sıkılaştırmanın güçlendirilmesine karar vermiştir.",,
25,decision_close_2017_2,2017-03-16,train,T-508daa632a3d,1,Son aylarda yaşanan maliyet yönlü gelişmeler ve gıda fiyatlarındaki oynaklık enflasyonun hızlı bir yükseliş göstermesine neden olmuştur. Döviz kuru hareketlerinin gecikmeli yansımaları ve işlenmemiş gıda fiyatlarındaki baz etkisi nedeniyle kısa vadede enflasyondaki belirgin yükselişin devam edebileceği öngörülmektedir.,,,0,İç talep göreli olarak daha zayıf seyrederken Avrupa Birliği ülkelerinin talebindeki artışın ihracat üzerindeki olumlu etkisi sürmektedir,mixed_balanced,,1,"Enflasyon görünümünde belirgin bir iyileşme sağlanana kadar para politikasındaki sıkı duruş sürdürülecektir. Enflasyon beklentileri, fiyatlama davranışları ve enflasyonu etkileyen diğer unsurlardaki gelişmeler yakından izlenerek ihtiyaç duyulması halinde ilave parasal sıkılaştırma yapılabilecektir.",,
26,decision_close_2017_3,2017-04-26,train,T-d5e55671ac7f,1,Son aylarda yaşanan maliyet yönlü gelişmeler ve gıda fiyatlarındaki oynaklık enflasyonun hızlı bir yükseliş göstermesine neden olmuştur. Yakın dönemde risk iştahında gözlenen artış maliyet kaynaklı baskıları bir miktar sınırlasa da enflasyonun bulunduğu yüksek seviyeler fiyatlama davranışlarına dair risk oluşturmaktadır.,,,0,Son dönemde açıklanan veriler iktisadi faaliyetin kademeli bir toparlanma sergilediğine işaret etmektedir. İç talepte kısmi bir iyileşme gözlenirken Avrupa Birliği ülkelerinin talebindeki artışın ihracat üzerindeki olumlu etkisi sürmektedir.,mixed_balanced,,1,"Bu çerçevede Kurul, enflasyon görünümündeki bozulmayı sınırlamak amacıyla parasal sıkılaştırmanın güçlendirilmesine karar vermiştir.",,
27,decision_close_2017_4,2017-06-15,train,T-dd27cef055f3,1,"Son aylarda yaşanan maliyet yönlü gelişmeler ve gıda fiyatlarında beklenen kısmi düzeltmenin sınırlayıcı etkisine rağmen, enflasyonun bulunduğu yüksek seviyeler fiyatlama davranışlarına dair risk oluşturmaktadır.",,,1,Son dönemde açıklanan veriler iktisadi faaliyetteki toparlanmanın güçlendiğine işaret etmektedir,,,1,Enflasyon görünümünde belirgin bir iyileşme sağlanana kadar para politikasındaki sıkı duruş sürdürülecektir.,,
28,decision_close_2017_5,2017-07-27,train,T-283058ca0098,1,"Son aylarda yaşanan maliyet yönlü gelişmeler ve gıda fiyatlarında beklenen kısmi düzeltmenin sınırlayıcı etkisine rağmen, enflasyonun bulunduğu yüksek seviyeler fiyatlama davranışlarına dair risk oluşturmaktadır.",,,1,İç talepte iyileşme gözlenirken Avrupa Birliği ülkelerinin talebindeki artışın ihracat üzerindeki olumlu etkisi sürmektedir. Alınan destekleyici teşvik ve tedbirlerin katkısıyla iktisadi faaliyet gücünü korumaktadır.,,,1,"Enflasyon beklentileri, fiyatlama davranışları ve enflasyonu etkileyen diğer unsurlardaki gelişmeler yakından izlenerek ihtiyaç duyulması halinde ilave parasal sıkılaştırma yapılabilecektir.",,
29,decision_close_2017_6,2017-09-14,train,T-3bf93e323e2b,1,Enflasyonun bulunduğu yüksek seviyeler ve çekirdek enflasyon göstergelerine ilişkin gelişmeler fiyatlama davranışlarına dair risk oluşturmaktadır.,,,1,Son dönemde açıklanan veriler iktisadi faaliyetteki toparlanmanın güç kazandığına işaret etmektedir. İç talepteki iyileşme devam ederken Avrupa Birliği ülkelerinin talebindeki artışın ihracat üzerindeki olumlu etkisi sürmektedir.,,,1,"Enflasyon beklentileri, fiyatlama davranışları ve enflasyonu etkileyen diğer unsurlardaki gelişmeler yakından izlenerek ihtiyaç duyulması halinde ilave parasal sıkılaştırma yapılabilecektir.",,
30,decision_close_2017_7,2017-10-26,train,T-a4dc7fc0e0aa,1,Enflasyonun bulunduğu yüksek seviyeler ve çekirdek enflasyon görünümüne ilişkin gelişmeler fiyatlama davranışlarına dair risk oluşturmaya devam etmektedir.,,,1,Son dönemde açıklanan veriler iktisadi faaliyetin güçlü seyrettiğine işaret etmektedir. İç talepteki iyileşme devam ederken Avrupa Birliği ülkelerinin talebindeki artışın ihracat üzerindeki olumlu etkisi sürmektedir.,,,1,"Enflasyon görünümünde belirgin bir iyileşme ve hedeflerle uyum sağlanana kadar para politikasındaki sıkı duruş kararlılıkla sürdürülecektir. Enflasyon beklentileri, fiyatlama davranışları ve enflasyonu etkileyen diğer unsurlardaki gelişmeler yakından izlenerek ihtiyaç duyulması halinde ilave parasal sıkılaştırma yapılabilecektir.",,
31,decision_close_2017_8,2017-12-14,train,T-7efb3d973631,1,Enflasyonun bulunduğu yüksek seviyeler ve yakın dönemde yaşanan maliyet gelişmeleri beklentiler ve fiyatlama davranışlarına dair riskleri artırmıştır.,,,1,2017 yılı genelinde toplam talep güçlü bir seyir izlerken kredilerde hızlı bir artış gözlenmiştir. Son dönemde açıklanan veriler iktisadi faaliyetin gücünü koruduğuna işaret etmektedir. İç talepteki iyileşme devam ederken dış talepteki artışın ihracat üzerindeki olumlu etkisi sürmektedir.,,,1,Enflasyon görünümünde belirgin bir iyileşme ve hedeflerle uyum sağlanana kadar para politikasındaki sıkı duruş kararlılıkla sürdürülecektir.,,
32,decision_close_2018_1,2018-01-18,train,T-05cd39e13715,1,Enflasyon ve enflasyon beklentilerinin bulunduğu yüksek seviyeler fiyatlama davranışları üzerinde risk oluşturmaya devam etmektedir,,,1,Son dönemde açıklanan veriler iktisadi faaliyetin gücünü koruduğuna işaret etmektedir. İç talep büyümeye devam ederken dış talepteki artışın ihracat üzerindeki olumlu etkisi sürmektedir,,,1,"Enflasyon beklentileri, fiyatlama davranışları ve enflasyonu etkileyen diğer unsurlardaki gelişmeler yakından izlenerek ihtiyaç duyulması halinde ilave parasal sıkılaştırma yapılabilecektir.",,
33,decision_close_2018_2,2018-03-07,train,T-290663070e1a,1,Enflasyon ve enflasyon beklentilerinin bulunduğu yüksek seviyeler fiyatlama davranışları üzerinde risk oluşturmaya devam etmektedir. Ana eğilime ilişkin göstergeler katılık sergilerken çekirdek enflasyonun yüksek seyrettiği gözlenmektedir.,,,1,Son dönemde açıklanan veriler iktisadi faaliyetin gücünü koruduğuna işaret etmektedir. İç talep büyümeye devam ederken dış talepteki artışın ihracat üzerindeki olumlu etkisi sürmektedir.,,,1,"Enflasyon beklentileri, fiyatlama davranışları ve enflasyonu etkileyen diğer unsurlardaki gelişmeler yakından izlenerek ihtiyaç duyulması halinde ilave parasal sıkılaştırma yapılabilecektir.",,
34,decision_close_2018_3,2018-04-25,train,T-abeee1fbc317,1,Enflasyon ve enflasyon beklentilerinin bulunduğu yüksek seviyeler fiyatlama davranışları üzerinde risk oluşturmaya devam etmektedir. İthalat fiyatlarındaki yükseliş söz konusu riskleri artırmıştır.,,,1,Son dönemde açıklanan veriler iktisadi faaliyetin gücünü koruduğuna işaret etmektedir. İç talep büyümeye devam ederken dış talepteki artışın ihracat üzerindeki olumlu etkisi sürmektedir.,,,1,"Bu çerçevede Kurul, fiyat istikrarını desteklemek amacıyla ölçülü bir parasal sıkılaştırma yapılmasına karar vermiştir.",,
35,decision_close_2018_4,2018-05-23,train,T-4774281786ef,1,Yakın dönemde piyasalarda gözlenen sağlıksız fiyat oluşumları ve enflasyon beklentilerinde süregelen yükseliş genel fiyatlama davranışlarına dair riskleri artırmıştır,,,U,,,"Bu politika metninde iç veya dış talep koşullarına, iktisadi faaliyete, tüketim eğilimlerine ya da büyüme dinamiklerine ilişkin herhangi bir değerlendirmeye yer verilmemiştir",0,Enflasyon görünümünde belirgin bir iyileşme sağlanana kadar para politikasındaki sıkı duruş kararlılıkla sürdürülecektir.,maintain_only,
36,decision_close_2018_5,2018-06-07,train,T-a4e2489dc824,1,"Enflasyondaki yükselişte temelde maliyet yönlü gelişmeler etkili olmaktadır. Bununla birlikte, fiyat artışlarının alt kalemler bazında genele yayılan bir nitelik gösterdiği dikkat çekmektedir. Talep koşullarındaki ılımlı görünüme rağmen enflasyon ve enflasyon beklentilerinin bulunduğu yüksek seviyeler fiyatlama davranışları üzerinde risk oluşturmaya devam etmektedir.",,,0,Son dönemde açıklanan veriler iktisadi faaliyette dengelenme eğilimine işaret etmektedir. Dış talep gücünü korurken iç talep daha ılımlı seyretmektedir.,mixed_balanced,,1,"Bu çerçevede Kurul, fiyat istikrarını desteklemek amacıyla parasal sıkılaştırmanın güçlendirilmesine karar vermiştir.",,
37,decision_close_2018_6,2018-07-24,train,T-50df5989c094,1,"Yakın dönemde maliyet yönlü gelişmeler ve gıda fiyatlarındaki oynaklık enflasyon üzerinde etkili olmuştur. Öte yandan, fiyat artışlarının alt kalemler bazında genele yayılan bir nitelik gösterdiği dikkat çekmektedir.",,,0,Son dönemde açıklanan veriler iktisadi faaliyette dengelenme eğiliminin belirginleştiğine işaret etmektedir. Dış talep gücünü korumakla birlikte iç talebe dair yavaşlama sinyalleri artmaktadır.,mixed_balanced,,1,"Enflasyon beklentileri, fiyatlama davranışları, para politikası kararlarının gecikmeli etkileri, maliye politikasının dengelenme sürecine vereceği katkı ve enflasyonu etkileyen diğer unsurlardaki gelişmeler yakından izlenerek ihtiyaç duyulması halinde ilave parasal sıkılaştırma yapılabilecektir.",,
38,decision_close_2018_7,2018-09-13,train,T-63f7aaa9c3a7,1,Yakın dönemde enflasyon görünümüne ilişkin gelişmeler fiyat istikrarı açısından önemli risklere işaret etmiştir. Döviz kurundaki hareketlerin de etkisiyle fiyat artışlarının alt kalemler bazında genele yayılan bir nitelik gösterdiği dikkat çekmektedir. İç talep koşullarındaki zayıflamaya rağmen fiyatlama davranışlarında gözlenen bozulma enflasyon görünümüne dair yukarı yönlü risk oluşturmaya devam etmektedir.,,,0,Son dönemde açıklanan veriler iktisadi faaliyette dengelenme eğiliminin belirginleştiğine işaret etmektedir. Dış talep gücünü korumakla birlikte iç talepteki yavaşlama hızlanmaktadır.,mixed_balanced,,1,gelişmeler yakından izlenerek ihtiyaç duyulması halinde ilave parasal sıkılaştırma yapılabilecektir.,,
39,decision_close_2018_8,2018-10-25,train,T-91bd17bd87f0,1,Yakın dönemde enflasyon görünümüne ilişkin gelişmeler fiyat istikrarı açısından önemli risklere işaret etmiştir. Döviz kurundaki hareketlerin de etkisiyle fiyat artışlarının alt kalemler bazında genele yayılan bir nitelik gösterdiği dikkat çekmektedir.,,,-1,Dış talep gücünü korumakla birlikte finansal koşullardaki sıkılaşmanın da etkisiyle iktisadi faaliyetteki yavaşlama devam etmektedir.,,,1,Enflasyon görünümünde belirgin bir iyileşme sağlanana kadar para politikasındaki sıkı duruş kararlılıkla sürdürülecektir.,,
40,decision_close_2018_9,2018-12-13,train,T-42564a7776a4,0,İthal girdi maliyetleri ve iç talep gelişmelerine bağlı olarak enflasyon görünümünde bir miktar iyileşme gözlenmekle birlikte fiyat istikrarına yönelik riskler devam etmektedir.,mixed_balanced,,0,Dış talep gücünü korumakla birlikte finansal koşullardaki sıkılaşmanın da etkisiyle iktisadi faaliyetteki yavaşlama devam etmektedir.,mixed_balanced,,1,enflasyonu etkileyen diğer unsurlardaki gelişmeler yakından izlenerek ihtiyaç duyulması halinde ilave parasal sıkılaştırma yapılabilecektir.,,
41,decision_close_2019_1,2019-01-16,train,T-2075a7ce5c93,0,İthal girdi maliyetleri ve iç talep gelişmelerine bağlı olarak enflasyon görünümünde bir miktar iyileşme gözlenmekle birlikte fiyat istikrarına yönelik riskler devam etmektedir.,mixed_balanced,,0,Dış talep gücünü korurken finansal koşullardaki sıkılığın da etkisiyle iktisadi faaliyetteki yavaşlama devam etmektedir,mixed_balanced,,1,enflasyonu etkileyen diğer unsurlardaki gelişmeler yakından izlenerek ihtiyaç duyulması halinde ilave parasal sıkılaştırma yapılabilecektir.,,
42,decision_close_2019_2,2019-03-06,train,T-d7323dbdabae,1,"İthal girdi maliyetleri ve iç talep gelişmelerine bağlı olarak enflasyon göstergelerinde bir miktar iyileşme gözlenmektedir. Bununla birlikte, fiyat istikrarına yönelik riskler devam etmektedir.",,,-1,Son dönemde açıklanan veriler ekonomideki dengelenme eğiliminin belirginleştiğini göstermektedir. Dış talep nispeten gücünü korurken finansal koşullardaki sıkılığın da etkisiyle iktisadi faaliyet yavaş bir seyir izlemektedir.,,,1,"Bu çerçevede Kurul, enflasyon görünümünde belirgin bir iyileşme sağlanana kadar sıkı parasal duruşun korunmasına karar vermiştir.",,
43,decision_close_2019_3,2019-04-25,train,T-3388d55b1f33,0,"İç talep gelişmelerine bağlı olarak enflasyon göstergelerinde bir miktar iyileşme gözlenmektedir. Bununla birlikte, gıda fiyatları ve ithal girdi maliyetlerindeki artışlar ile enflasyon beklentilerindeki yüksek seyir fiyat istikrarına yönelik risklerin devam ettiğini göstermektedir.",mixed_balanced,,0,Dış talep nispeten gücünü korurken finansal koşullardaki sıkılığın da etkisiyle iktisadi faaliyet yavaş bir seyir izlemektedir.,mixed_balanced,,0,"Bu çerçevede Kurul, enflasyon görünümünde belirgin bir iyileşme sağlanana kadar sıkı parasal duruşun korunmasına karar vermiştir.",maintain_only,
44,decision_close_2019_4,2019-06-12,train,T-267d04ee3dfa,-1,İç talep gelişmeleri ve parasal sıkılaştırmanın etkileri enflasyondaki düşüşü desteklemektedir.,,,0,Dış talep nispeten gücünü korurken finansal koşullardaki sıkılığın da etkisiyle iktisadi faaliyet yavaş bir seyir izlemektedir.,mixed_balanced,,0,fiyatlama davranışlarına dair riskleri sınırlamak ve enflasyonun düşüş sürecini hızlandırmak amacıyla sıkı parasal duruşun korunmasına karar vermiştir.,maintain_only,
45,decision_close_2019_5,2019-07-25,train,T-3f633ee112d4,-1,Enflasyon görünümündeki iyileşme devam etmektedir. Yılın ikinci çeyreğinde enflasyon işlenmemiş gıda ve enerji fiyatlarındaki yavaşlamanın da katkısıyla belirgin bir düşüş sergilemiştir.,,,-1,İç talep gelişmeleri ve parasal sıkılaştırmanın etkileri enflasyondaki düşüşü desteklemektedir.,,,0,"flasyondaki düşüşün hedeflenen patika ile uyumlu şekilde gerçekleşmesi için para politikasındaki temkinli duruşun sürdürülmesi gerekmektedir. Bu çerçevede, parasal sıkılığın düzeyi ana eğilime dair göstergeler dikkate alınarak enflasyondaki düşüşün sürekliliğini sağlayacak şekilde belirlenecektir.",maintain_only,
46,decision_close_2019_6,2019-09-12,train,T-259f7f395d9a,-1,"Bu gelişmelere bağlı olarak, güncel tahminler yılsonu itibarıyla enflasyonun Temmuz Enflasyon Raporu’nda verilen öngörülerin bir miktar altında kalabileceğine işaret etmektedir.",,,-1,Türk lirasındaki istikrarlı seyrin yanı sıra enflasyon beklentilerindeki iyileşme ve ılımlı iç talep koşulları çekirdek enflasyon göstergelerindeki düşüşte belirleyici olmuştur,,,0,"Gelinen noktada, mevcut para politikası duruşunun hedeflenen dezenflasyon patikasıyla büyük ölçüde uyumlu olduğu değerlendirilmektedir.",maintain_only,
47,decision_close_2019_7,2019-10-24,train,T-6dd16ca5b18d,-1,Enflasyon görünümündeki iyileşme devam etmektedir.,,,-1,Türk lirasındaki istikrarlı seyrin yanı sıra enflasyon beklentilerindeki iyileşme ve ılımlı iç talep koşulları çekirdek enflasyon göstergelerindeki düşüşte belirleyici olmuştur,,,0,"Gelinen noktada, mevcut para politikası duruşunun hedeflenen dezenflasyon patikasıyla büyük ölçüde uyumlu olduğu değerlendirilmektedir.",maintain_only,
48,decision_close_2019_8,2019-12-12,train,T-49b6c6099e4f,-1,"Enflasyon görünümündeki iyileşme devam etmekte, enflasyon beklentilerinde genele yayılan bir düzelme gözlenmektedir.",,,-1,yatırımlar zayıf seyrini sürdürmektedir. Rekabet gücündeki gelişmelerin olumlu etkisi sürerken küresel büyüme görünümündeki zayıflama dış talebi kısmen yavaşlatmaktadır.,,,0,"Gelinen noktada, mevcut para politikası duruşunun hedeflenen dezenflasyon patikasıyla uyumlu olduğu değerlendirilmektedir.",maintain_only,
49,decision_close_2020_1,2020-01-16,train,T-b1a553c70cef,-1,"Enflasyon görünümündeki iyileşme devam etmekte, enflasyon beklentilerindeki genele yayılan düzelme sürmektedir.",,,0,Son döneme ilişkin veriler iktisadi faaliyetteki toparlanma eğiliminin devam ettiğini göstermektedir. İktisadi faaliyetin sektörel yayılımındaki iyileşme devam etmekle birlikte yatırımlar zayıf seyrini sürdürmektedir.,mixed_balanced,,0,"Gelinen noktada, mevcut para politikası duruşunun hedeflenen dezenflasyon patikasıyla uyumunu koruduğu değerlendirilmektedir.",maintain_only,
50,decision_close_2020_2,2020-02-19,train,T-9be7c80a4189,-1,"Enflasyon beklentileri, iç talep koşulları ve üretici fiyatlarındaki gelişmelere bağlı olarak çekirdek enflasyon göstergelerinin eğilimleri ılımlı seyretmektedir. Enflasyon başta olmak üzere makroekonomik göstergelerdeki iyileşme ülke risk primindeki düşüşü desteklemekte ve maliyet unsurları üzerindeki baskıların sınırlanmasına katkıda bulunmaktadır",,,0,Son döneme ilişkin veriler iktisadi faaliyetteki toparlanma eğiliminin devam ettiğini göstermektedir. İktisadi faaliyetin sektörel yayılımındaki iyileşme devam etmekte; yatırımlarda ve istihdamda toparlanma sinyalleri alınmakla birlikte zayıf seyir sürmektedir. Rekabet gücündeki gelişmelerin olumlu etkisi sürerken küresel büyüme görünümündeki zayıflama dış talebi kısmen yavaşlatmaktadır.,mixed_balanced,,0,"Bu çerçevede Kurul, enflasyon görünümünü etkileyen tüm unsurları dikkate alarak, politika faizinde daha ölçülü bir indirim yapılmasına karar vermiştir. Gelinen noktada, mevcut para politikası duruşunun hedeflenen dezenflasyon patikasıyla uyumunu koruduğu değerlendirilmektedir.",maintain_only,
51,decision_close_2020_3,2020-03-17,train,T-836d3f13d01d,-1,"Küresel gelişmeler paralelinde Türk lirasında gözlenen değer kaybına karşın, başta ham petrol ve metal fiyatları olmak üzere uluslararası emtia fiyatlarındaki keskin düşüş enflasyon görünümünü olumlu etkilemektedir.",,,-1,"Ayrıca, küresel ticaret hacmindeki zayıflama ve seyahat kısıtlamaları gibi önlemlere bağlı olarak toplam talep koşullarının enflasyonu sınırlayıcı etkisinin bir miktar arttığı değerlendirilmektedir.",,,0,"Enflasyondaki düşüşün hedeflenen patika ile uyumlu şekilde gerçekleşmesi için para politikasındaki temkinli duruşun sürdürülmesi gerekmektedir. Bu çerçevede, parasal duruş ana eğilime dair göstergeler dikkate alınarak enflasyondaki düşüşün sürekliliğini sağlayacak şekilde belirlenecektir.",maintain_only,
52,decision_close_2020_4,2020-04-22,train,T-0b3591b0dbcd,1,"Küresel gelişmeler paralelinde Türk lirasında gözlenen değer kaybına karşın, başta ham petrol ve metal fiyatları olmak üzere uluslararası emtia fiyatlarındaki keskin düşüşün devamı enflasyon görünümünü olumlu etkilemektedir.",,,-1,"iktisadi faaliyet, koronavirüs salgınının dış ticaret, turizm ve iç talep üzerindeki etkilerine bağlı olarak Mart ayı ortalarından itibaren zayıflamaya başlamıştır.",,,0,"Enflasyondaki düşüşün hedeflenen patika ile uyumlu şekilde gerçekleşmesi için para politikasındaki temkinli duruşun sürdürülmesi gerekmektedir. Bu çerçevede, parasal duruş ana eğilime dair göstergeler dikkate alınarak enflasyondaki düşüşün sürekliliğini sağlayacak şekilde belirlenecektir.",unclear_direction,
53,decision_close_2020_5,2020-05-21,train,T-c1d1a008f026,-1,Enflasyon beklentileri ve iç talep koşullarındaki gelişmelere bağlı olarak çekirdek enflasyon göstergelerinin eğilimleri ılımlı seyretmektedir.,,,-1,"Ocak ve Şubat aylarında finansal koşullardaki iyileşmenin de katkısıyla güçlü bir eğilim sergileyen iktisadi faaliyet, koronavirüs salgınının dış ticaret, turizm ve iç talep üzerindeki etkilerine bağlı olarak Mart ayı ortalarından itibaren zayıflamaya başlamıştır.",,,0,"Bu çerçevede Kurul, enflasyon görünümünü etkileyen tüm unsurları dikkate alarak, politika faizinde ölçülü bir indirim yapılmasına karar vermiştir. Mevcut para politikası duruşu altında enflasyon görünümünün yıl sonu tahminiyle uyumlu olduğu değerlendirilmektedir.",maintain_only,
54,decision_close_2020_6,2020-06-25,train,T-1e7902e869d0,0,"Toplam talep koşullarının sınırlayıcı etkisine karşın, salgına bağlı birim maliyet artışlarının yansımalarıyla çekirdek enflasyon göstergelerinin eğilimlerinde bir miktar yükseliş gözlenmektedir. Uluslararası emtia fiyatları tüketici enflasyonunu sınırlamaya devam ederken, gıda enflasyonu dönemsel ve salgına bağlı etkiler nedeniyle artmıştır.",mixed_balanced,,-1,Toplam talep koşullarının sınırlayıcı etkisine karşın,,,0,"Enflasyondaki düşüşün hedeflenen patika ile uyumlu şekilde gerçekleşmesi için para politikasındaki temkinli duruşun sürdürülmesi gerekmektedir. Bu çerçevede, parasal duruş ana eğilime dair göstergeler dikkate alınarak enflasyondaki düşüşün sürekliliğini sağlayacak şekilde belirlenecektir.",maintain_only,
55,decision_close_2020_7,2020-07-23,train,T-f4ff3ba408b9,0,"Toplam talep koşullarının sınırlayıcı etkisine karşın, salgına bağlı birim maliyet artışlarının yansımalarıyla çekirdek enflasyon göstergelerinin eğilimlerinde yükseliş gözlenmektedir.",mixed_balanced,,-1,"Toplam talep koşullarının sınırlayıcı etkisine karşın, salgına bağlı birim maliyet artışlarının yansımalarıyla çekirdek enflasyon göstergelerinin eğilimlerinde yükseliş gözlenmektedir.",,,0,"Bu çerçevede Kurul, enflasyon görünümünü etkileyen tüm unsurları dikkate alarak, politika faizinin sabit tutulmasına karar vermiştir.",maintain_only,
56,decision_close_2020_8,2020-08-20,train,T-06a401f8f074,1,Salgına bağlı birim maliyet artışlarına ilave olarak döviz kuru ve kredilerde yaşanan gelişmeler talep yönlü dezenflasyonist etkileri sınırlamakta ve çekirdek enflasyon göstergelerinin eğilimlerinde yükseliş gözlenmektedir.,,,1,Ertelenmiş talebe ve salgın tedbirleri kapsamında uygulanan likidite ve kredi politikalarına bağlı olarak ithalatta gözlenen canlanmanın,,,0,Bu çerçevede Kurul politika faizinin sabit tutulmasıyla birlikte likidite tedbirlerinin sürdürülmesine karar vermiştir.,maintain_only,
57,decision_close_2020_9,2020-09-24,train,T-809f8839524b,1,"Ancak, güçlü kredi ivmesiyle ekonomide sağlanan hızlı toparlanma ve finansal piyasalarda yaşanan gelişmeler neticesinde enflasyon öngörülenden daha yüksek bir seyir izlemiştir.",,,1,İktisadi faaliyette kademeli normalleşme adımları ve güçlü kredi ivmesinin desteğiyle üçüncü çeyrekte belirgin bir toparlanma gözlenmektedir.,,,1,Enflasyon beklentilerinin kontrol altına alınması ve enflasyon görünümüne yönelik risklerin sınırlanması amacıyla Ağustos ayından itibaren atılan sıkılaştırma adımlarının güçlendirilmesi gerektiği değerlendirilmiştir.,,
58,decision_close_2020_10,2020-10-22,train,T-8da83b8dbdf1,1,Güçlü kredi ivmesiyle ekonomide sağlanan hızlı toparlanma ve finansal piyasalarda yaşanan gelişmeler neticesinde enflasyon öngörülenden daha yüksek bir seyir izlemiştir,,,0,İktisadi faaliyetteki toparlanma devam etmektedir. Son dönemde atılan politika adımlarıyla birlikte ticari ve bireysel kredilerdeki normalleşme eğilimi belirginleşmiştir. Salgın tedbirleri kapsamında uygulanan destekleyici politikaların kademeli olarak geri alınmasıyla ithalatta öngörülen dengelenmenin başladığı görülmektedir.,mixed_balanced,,0,"Bu doğrultuda Kurul, politika faizinin sabit tutulmasıyla birlikte, likidite yönetimindeki esnekliğin arttırılmasına ve enflasyon görünümünde belirgin bir iyileşme sağlanana kadar likidite tedbirlerinin sürdürülmesine karar vermiştir",maintain_only,
59,decision_close_2020_11,2020-11-19,train,T-b2a782b4e598,1,"Türk lirasındaki değer kaybının gecikmeli etkileri, uluslararası gıda fiyatlarındaki yükseliş ve enflasyon beklentilerindeki bozulma enflasyon görünümünü olumsuz etkilemektedir.",,,1,İktisadi faaliyette toparlanma devam etmektedir.,,,0,"Bu doğrultuda Kurul, enflasyon görünümüne dair risklerin bertaraf edilmesi, enflasyon beklentilerinin kontrol altına alınması ve dezenflasyon sürecinin en kısa sürede yeniden tesisi için, net ve güçlü bir parasal sıkılaştırma yapılmasına karar vermiştir.",maintain_only,
60,decision_close_2020_12,2020-12-24,train,T-bac28679b38c,1,"İç talep koşulları, döviz kuru başta olmak üzere birikimli maliyet etkileri, uluslararası gıda ve diğer emtia fiyatlarındaki yükseliş ve enflasyon beklentilerindeki bozulma, fiyatlama davranışları ve enflasyon görünümünü olumsuz etkilemeye devam etmektedir.",,,1,Milli gelir verileri ve son çeyreğe ilişkin göstergeler iktisadi faaliyette güçlü bir seyre işaret etmektedir.,,,0,"Önümüzdeki dönemde parasal duruşun sıkılığı, enflasyonu etkileyen tüm unsurlar dikkate alınarak, enflasyonda kalıcı düşüşe ve fiyat istikrarına işaret eden güçlü göstergeler oluşana kadar kararlılıkla sürdürülecektir.",maintain_only,
61,decision_close_2021_1,2021-01-21,train,T-caf3781b00da,1,"ç talep koşulları, döviz kuru başta olmak üzere birikimli maliyet etkileri, uluslararası gıda ve diğer emtia fiyatlarındaki yükseliş ve enflasyon beklentilerindeki yüksek seviyeler, fiyatlama davranışları ve enflasyon görünümünü olumsuz etkilemeye devam etmektedir.",,,1,Salgın döneminde sağlanan yüksek kredi büyümesinin birikimli etkileriyle güç kazanan iç talebin cari işlemler dengesi üzerindeki olumsuz etkisi devam etmektedir.,,,1,"Bu doğrultuda Kurul, 2021 yılsonu tahmin hedefini dikkate alarak, enflasyonda kalıcı düşüşe ve fiyat istikrarına işaret eden güçlü göstergeler oluşana kadar sıkı para politikası duruşunun kararlılıkla uzun bir müddet sürdürülmesine karar vermiştir",,
62,decision_close_2021_2,2021-02-18,train,T-912b4c05d64e,1,"İç talep koşulları, döviz kuru başta olmak üzere birikimli maliyet etkileri, uluslararası gıda ve diğer emtia fiyatlarındaki yükseliş ve enflasyon beklentilerindeki yüksek seviyeler, fiyatlama davranışları ve enflasyon görünümünü olumsuz etkilemeye devam etmektedir.",,,0,Salgın döneminde sağlanan yüksek kredi büyümesinin birikimli etkileriyle güç kazanan iç talebin cari işlemler dengesi üzerindeki olumsuz etkisi devam etmektedir.,mixed_balanced,,1,"Bu doğrultuda, 2021 yılsonu tahmin hedefi dikkate alınarak, enflasyonda kalıcı düşüşe ve fiyat istikrarına işaret eden güçlü göstergeler oluşana kadar, sıkı para politikası duruşu kararlılıkla uzun bir müddet sürdürülecektir.",,
63,decision_close_2021_3,2021-03-18,train,T-5b174b6a3e4c,1,"İç talep koşulları, döviz kuru başta olmak üzere birikimli maliyet etkileri, uluslararası gıda ve diğer emtia fiyatlarındaki yükseliş ve enflasyon beklentilerindeki yüksek seviyeler, fiyatlama davranışları ve enflasyon görünümünü olumsuz etkilemeye devam etmektedir.",,,1,Salgın döneminde sağlanan yüksek kredi büyümesinin birikimli etkileriyle güçlü seyreden iç talebin yanı sıra ithalat fiyatlarındaki artışlar cari işlemler dengesini olumsuz etkilemeye devam etmektedir.,,,1,"2021 yılsonu tahmin hedefi dikkate alınarak, enflasyonda kalıcı düşüşe ve fiyat istikrarına işaret eden güçlü göstergeler oluşana kadar, sıkı para politikası duruşu kararlılıkla uzun bir müddet sürdürülecektir.",,
64,decision_close_2021_4,2021-04-15,train,T-e5905991e9a2,1,"Talep ve maliyet unsurları, bazı sektörlerdeki arz kısıtları ve enflasyon beklentilerindeki yüksek seviyeler, fiyatlama davranışları ve enflasyon görünümü üzerinde risk oluşturmaya devam etmektedir.",,,1,"Salgının sınırlayıcı etkilerine rağmen, iç ve dış talep kaynaklı olarak yurt içi iktisadi faaliyet güçlü seyretmektedir.",,,0,"güçlü dezenflasyonist etkiyi muhafaza edecek şekilde, enflasyonun üzerinde bir düzeyde oluşturulmaya devam edilecektir",maintain_only,
65,decision_close_2021_5,2021-05-06,train,T-008cc340d504,1,Son dönemde emtia fiyatlarında yeniden artış gözlenirken,,,0,"Salgın kısıtlamalarına bağlı olarak iç talep bir miktar ivme kaybederken, dış talep gücünü korumaktadır",mixed_balanced,,0,Nisan Enflasyon Raporu tahmin patikasındaki belirgin düşüş sağlanana kadar para politikasındaki mevcut duruş sürdürülecektir.,maintain_only,
66,decision_close_2021_6,2021-06-17,train,T-66f02ed3c867,1,"Son dönemde ithalat fiyatları kaynaklı maliyet unsurlarının yanı sıra, talep koşulları, bazı sektörlerdeki arz kısıtları ve enflasyon beklentilerindeki yüksek seviyeler, fiyatlama davranışları ve enflasyon görünümü üzerinde risk oluşturmaya devam etmektedir.",,,0,"İkinci çeyrekte, salgın kısıtlamalarına ve finansal koşullardaki sıkılaşmaya bağlı olarak iç talep bir miktar ivme kaybederken, dış talep gücünü korumaktadır.",mixed_balanced,,0,"Enflasyon ve enflasyon beklentilerindeki yüksek seviyeler dikkate alınarak, Nisan Enflasyon Raporu tahmin patikasındaki belirgin düşüş sağlanana kadar para politikasındaki mevcut sıkı duruş kararlılıkla sürdürülecektir.",maintain_only,
67,decision_close_2021_7,2021-07-14,train,T-8ab3b92e5cbf,1,"on dönemde ithalat fiyatları ve yönetilen/yönlendirilen fiyatlardaki artışların yanı sıra, talep koşulları, bazı sektörlerdeki arz kısıtları, açılmanın etkisiyle yaz aylarında enflasyonda görülebilecek oynaklıklar ve enflasyon beklentilerindeki yüksek seviyeler, fiyatlama davranışları ve enflasyon görünümü üzerinde risk oluşturmaya devam etmektedir.",,,0,"İkinci çeyrekte, salgın kısıtlamalarına ve finansal koşullardaki sıkılaşmaya bağlı olarak iç talep bir miktar ivme kaybederken, dış talep gücünü korumaktadır.",mixed_balanced,,0,"Enflasyon ve enflasyon beklentilerindeki yüksek seviyeler dikkate alınarak, Nisan Enflasyon Raporu tahmin patikasındaki belirgin düşüş sağlanana kadar para politikasındaki mevcut sıkı duruş kararlılıkla sürdürülecektir.",maintain_only,
68,decision_close_2021_8,2021-08-12,train,T-774ece9c77f1,1,"Son dönemde ithalat fiyatları ve yönetilen/yönlendirilen fiyatlardaki artışların yanı sıra, talep koşulları, bazı sektörlerdeki arz kısıtları, açılmanın etkisiyle yaz aylarında enflasyonda görülebilecek oynaklıklar ve enflasyon beklentilerindeki yüksek seviyeler, fiyatlama davranışları ve enflasyon görünümü üzerinde risk oluşturmaya devam etmektedir.",,,0,Öncü göstergeler yurt içinde iktisadi faaliyetin üçüncü çeyrekte dış talebin de etkisiyle güçlü seyrettiğine işaret etmektedir.,mixed_balanced,,0,Enflasyon Raporu tahmin patikasındaki belirgin düşüş sağlanana kadar para politikasındaki mevcut sıkı duruş kararlılıkla sürdürülecektir.,maintain_only,
69,decision_close_2021_9,2021-09-23,train,T-83df6d878e6d,0,"Enflasyonda son dönemde gözlenen yükselişte; gıda ve ithalat fiyatlarındaki artışlar ile tedarik süreçlerindeki aksaklıklar gibi arz yönlü unsurlar, yönetilen/yönlendirilen fiyatlardaki artışlar ve açılmaya bağlı talep gelişmeleri etkili olmaktadır. Bu etkilerin arızi unsurlardan kaynaklı olduğu değerlendirilmektedir.",mixed_balanced,,0,Öncü göstergeler yurt içinde iktisadi faaliyetin üçüncü çeyrekte dış talebin de etkisiyle güçlü seyrettiğine işaret etmektedir.,mixed_balanced,,-1,"Kurul, para politikasının etkileyebildiği talep unsurları, çekirdek enflasyon gelişmeleri ve arz şoklarının yarattığı etkilerin ayrıştırılmasına yönelik analizleri değerlendirmiştir. Bu çerçevede para politikası duruşunda güncellemeye ihtiyaç bulunduğu değerlendirmesi yapılmış ve politika faizinde indirim yapılmasına karar verilmiştir.",,
70,decision_close_2021_10,2021-10-21,train,T-386fcfac0122,1,"Enflasyonda son dönemde gözlenen yükselişte; gıda ve başta enerji olmak üzere ithalat fiyatlarındaki artışlar ile tedarik süreçlerindeki aksaklıklar gibi arz yönlü unsurlar, yönetilen/yönlendirilen fiyatlardaki artışlar ve açılmaya bağlı talep gelişmeleri etkili olmaktadır.",,,0,Öncü göstergeler yurt içinde iktisadi faaliyetin dış talebin de etkisiyle güçlü seyrettiğine işaret etmektedir.,mixed_balanced,,-1,"Bununla birlikte, arz yönlü arızi unsurlardan kaynaklı olarak politika faizinde yapılan aşağı yönlü düzeltme için yıl sonuna kadar sınırlı bir alan kaldığı Kurul tarafından değerlendirilmiştir.",,
71,decision_close_2021_11,2021-11-18,train,T-fcfa262b8f46,1,"Enflasyonda son dönemde gözlenen yükselişte; gıda ve başta enerji olmak üzere ithalat fiyatlarındaki artışlar ile tedarik süreçlerindeki aksaklıklar gibi arz yönlü unsurlar, yönetilen/yönlendirilen fiyatlardaki artışlar ve talep gelişmeleri etkili olmaktadır.",,,1,"Öncü göstergeler yurt içinde iktisadi faaliyetin dış talebin de etkisiyle güçlü seyrettiğine işaret etmektedir. Aşılamanın toplumun geneline yayılması salgından olumsuz etkilenen hizmetler, turizm ve bağlantılı sektörlerin canlanmasına ve iktisadi faaliyetin daha dengeli bir bileşimle sürdürülmesine olanak tanımaktadır",,,0,"Kurul, arz yönlü ve para politikası etki alanı dışındaki faktörlerin fiyat artışları üzerinde oluşturduğu geçici etkilerin 2022 yılının ilk yarısı boyunca da etkisini sürdürmesini beklemektedir. Kurul, bu etkilerin ima ettiği sınırlı alanın kullanımını Aralık ayında tamamlamayı değerlendirecektir.",maintain_only,
72,decision_close_2021_12,2021-12-16,train,T-e67d79adebc2,1,"Enflasyonda Kasım ayında gözlenen yükselişte; döviz kuru gelişmeleri, küresel gıda ve tarımsal emtia fiyatlarındaki artışlar ile tedarik süreçlerindeki aksaklıklar gibi arz yönlü unsurlar ve talep gelişmeleri etkili olmaktadır.",,,1,"Milli gelir verileri ve öncü göstergeler yurt içinde iktisadi faaliyetin, dış talebin de etkisiyle güçlü seyrettiğine işaret etmektedir. Aşılamanın toplumun geneline yayılması salgından olumsuz etkilenen hizmetler, turizm ve bağlantılı sektörlerin canlanmasına ve iktisadi faaliyetin daha dengeli bir bileşimle sürdürülmesine olanak tanımaktadır.",,,0,"Kurul, politika faizinin 100 baz puan indirilerek, arz yönlü ve para politikası etki alanı dışındaki arızi faktörlerin fiyat artışları üzerinde oluşturduğu geçici etkilerin ima ettiği alanın kullanımının tamamlanmasına karar vermiştir.",maintain_only,
73,decision_close_2022_1,2022-01-20,train,T-4595f9a42888,1,"Enflasyonda yakın dönemde gözlenen yükselişte; döviz piyasasında yaşanan sağlıksız fiyat oluşumlarına bağlı döviz kurlarına endeksli fiyatlama davranışları, küresel gıda ve tarımsal emtia fiyatlarındaki artışlar ile tedarik süreçlerindeki aksaklıklar gibi arz yönlü unsurlar ve talep gelişmeleri etkili olmaktadır.",,,1,"Kapasite kullanım seviyeleri ve diğer öncü göstergeler yurt içinde iktisadi faaliyetin, dış talebin de olumlu etkisiyle güçlü seyrettiğine işaret etmektedir.",,,1,"Bu çerçevede Kurul, politika faizinin sabit tutulmasına karar vermiştir. Alınmış olan kararların birikimli etkileri yakından takip edilmekte ve bu dönemde fiyat istikrarının sürdürülebilir bir zeminde yeniden şekillenmesi amacıyla TCMB’nin tüm politika araçlarında Türk lirasını öncelikleyen geniş kapsamlı bir politika çerçevesi gözden geçirme süreci yürütülmektedir.",,
74,decision_close_2022_2,2022-02-17,train,T-2493bc0b6db0,1,"Enflasyonda yakın dönemde gözlenen yükselişte; ekonomik temellerden uzak fiyatlama oluşumları, küresel enerji, gıda ve tarımsal emtia fiyatlarındaki artışlar ile tedarik süreçlerindeki aksaklıklar gibi arz yönlü unsurlar ve talep gelişmeleri etkili olmaktadır.",,,1,"Kapasite kullanım seviyeleri ve diğer öncü göstergeler yurt içinde iktisadi faaliyetin, dış talebin de olumlu etkisiyle güçlü seyrettiğine işaret etmektedir.",,,0,"Bu çerçevede Kurul, politika faizinin sabit tutulmasına karar vermiştir. Alınmış olan kararların birikimli etkileri yakından takip edilmekte ve bu dönemde fiyat istikrarının sürdürülebilir bir zeminde yeniden şekillenmesi amacıyla TCMB’nin tüm politika araçlarında kalıcı liralaşmayı teşvik eden geniş kapsamlı bir politika çerçevesi gözden geçirme süreci yürütülmektedir.",unclear_direction,
75,decision_close_2022_3,2022-03-17,train,T-fa9c6171af08,1,"Enflasyonda yakın dönemde gözlenen yükselişte; sıcak çatışma ortamının yol açtığı enerji maliyeti artışları, ekonomik temellerden uzak fiyatlama oluşumlarının geçici etkileri, küresel enerji, gıda ve tarımsal emtia fiyatlarındaki artışlar ile tedarik süreçlerindeki aksaklıklar gibi arz yönlü unsurlar ve talep gelişmeleri etkili olmaktadır.",,,1,"Kapasite kullanım seviyeleri ve diğer öncü göstergeler yurt içinde iktisadi faaliyetin, bölgesel farklılıklar ortaya çıksa bile dış talebin de olumlu etkisiyle güçlü seyrettiğine işaret etmektedir.",,,0,"Bu çerçevede Kurul, politika faizinin sabit tutulmasına karar vermiştir. Alınmış olan kararların birikimli etkileri yakından takip edilmekte ve bu dönemde fiyat istikrarının sürdürülebilir bir şekilde kurumsallaşması amacıyla TCMB’nin tüm politika araçlarında kalıcı ve güçlendirilmiş liralaşmayı teşvik eden geniş kapsamlı bir politika çerçevesi gözden geçirme süreci devam etmektedir.",maintain_only,
76,decision_close_2022_4,2022-04-14,train,T-2dfec09e47d1,1,"Enflasyonda yakın dönemde gözlenen yükselişte; jeopolitik gelişmelerin yol açtığı enerji maliyeti artışları, ekonomik temellerden uzak fiyatlama oluşumlarının geçici etkileri, küresel enerji, gıda ve tarımsal emtia fiyatlarındaki artışların oluşturduğu güçlü negatif arz şokları etkili olmaya devam etmiştir.",,,1,"Kapasite kullanım seviyeleri ve diğer öncü göstergeler yurt içinde iktisadi faaliyetin, bölgesel farklılıklar ortaya çıksa bile dış talebin giderek artan olumlu etkisiyle güçlü seyrettiğine işaret etmektedir.",,,0,"Bu çerçevede Kurul, politika faizinin sabit tutulmasına karar vermiştir. Alınmış olan kararların birikimli etkileri yakından takip edilmekte ve bu dönemde fiyat istikrarının sürdürülebilir bir şekilde kurumsallaşması amacıyla TCMB’nin tüm politika araçlarında kalıcı ve güçlendirilmiş liralaşmayı teşvik eden geniş kapsamlı bir politika çerçevesi gözden geçirme süreci devam etmektedir.",unclear_direction,
77,decision_close_2022_5,2022-05-26,train,T-a0282da647f6,1,"Enflasyonda gözlenen yükselişte; jeopolitik gelişmelerin yol açtığı enerji maliyeti artışları, ekonomik temellerden uzak fiyatlama oluşumlarının geçici etkileri, küresel enerji, gıda ve tarımsal emtia fiyatlarındaki artışların oluşturduğu güçlü negatif arz şokları etkili olmaya devam etmektedir.",,,1,"Kapasite kullanım seviyeleri ve diğer öncü göstergeler yurt içinde iktisadi faaliyetin, bölgesel farklılıklar ortaya çıksa bile dış talebin giderek artan olumlu etkisiyle güçlü seyrettiğine işaret etmektedir.",,,0,"Kurul, sürdürülebilir fiyat istikrarı ve finansal istikrarın tesisi için atılan ve güçlendirilerek sürdürülmekte olan adımlar ile birlikte, küresel barış ortamının yeniden tesis edilmesi ve enflasyonda baz etkilerinin de ortadan kalkmasıyla dezenflasyonist sürecin başlayacağını öngörmektedir. Bu çerçevede Kurul, politika faizinin sabit tutulmasına karar vermiştir.",maintain_only,
78,decision_close_2022_6,2022-06-23,train,T-e08e599163b2,1,"Enflasyonda gözlenen yükselişte; jeopolitik gelişmelerin yol açtığı enerji maliyeti artışları, ekonomik temellerden uzak fiyatlama oluşumlarının geçici etkileri, küresel enerji, gıda ve tarımsal emtia fiyatlarındaki artışların oluşturduğu güçlü negatif arz şokları etkili olmaya devam etmektedir.",,,1,Kapasite kullanım seviyeleri ve diğer öncü göstergeler yılın başındaki güçlü büyümenin dış talebin de olumlu etkisiyle ikinci çeyrekte sürdüğüne işaret etmektedir,,,0,"TCMB, fiyat istikrarı temel amacı doğrultusunda enflasyonda kalıcı düşüşe işaret eden güçlü göstergeler oluşana ve orta vadeli yüzde 5 hedefine ulaşıncaya kadar elindeki tüm araçları liralaşma stratejisi çerçevesinde kararlılıkla kullanmaya devam edecektir.",maintain_only,
79,decision_close_2022_7,2022-07-21,train,T-9ea1ae641739,1,"Enflasyonda gözlenen yükselişte; jeopolitik gelişmelerin yol açtığı enerji maliyeti artışları, ekonomik temellerden uzak fiyatlama oluşumlarının etkileri, küresel enerji, gıda ve tarımsal emtia fiyatlarındaki artışların oluşturduğu güçlü negatif arz şokları etkili olmaya devam etmektedir",,,1,Yılın başındaki güçlü büyüme dış talebin de olumlu etkisiyle ikinci çeyrekte de sürmüştür. İstihdam kazanımları benzer ekonomilere göre daha olumlu seyretmektedir,,,0,"Kurul, sürdürülebilir fiyat istikrarı ve finansal istikrarın güçlendirilmesi için atılan ve kararlılıkla uygulanan adımlar ile birlikte, küresel barış ortamının yeniden tesis edilmesiyle dezenflasyonist sürecin başlayacağını öngörmektedir. Bu çerçevede Kurul, politika faizinin sabit tutulmasına karar vermiştir.",maintain_only,
80,decision_close_2022_8,2022-08-18,validation,T-691bfd51ab2d,1,"Enflasyonda gözlenen yükselişte; jeopolitik gelişmelerin yol açtığı enerji maliyeti artışlarının gecikmeli ve dolaylı etkileri, ekonomik temellerden uzak fiyatlama oluşumlarının etkileri, küresel enerji, gıda ve tarımsal emtia fiyatlarındaki artışların oluşturduğu güçlü negatif arz şokları etkili olmaya devam etmektedir.",,,0,"Bununla birlikte, üçüncü çeyreğe ilişkin öncü göstergeler iktisadi faaliyette bir miktar ivme kaybına işaret etmektedir.",mixed_balanced,,0,"Bu çerçevede Kurul, politika faizinin 100 baz puan düşürülmesine karar vermiş, mevcut görünüm altında güncellenen politika faiz düzeyinin yeterli olduğunu değerlendirmiştir.",maintain_only,
81,decision_close_2022_9,2022-09-22,validation,T-9e6e7e875846,1,"Enflasyonda gözlenen yükselişte; jeopolitik gelişmelerin yol açtığı enerji maliyeti artışlarının gecikmeli ve dolaylı etkileri, ekonomik temellerden uzak fiyatlama oluşumlarının etkileri, küresel enerji, gıda ve tarımsal emtia fiyatlarındaki artışların oluşturduğu güçlü negatif arz şokları etkili olmaya devam etmektedir.",,,-1,Temmuz başından bu yana öncü göstergeler zayıflayan dış talebin etkisiyle büyümede bir yavaşlamaya işaret etmektedir.,,,0,"Bu çerçevede Kurul, politika faizinin 100 baz puan düşürülmesine karar vermiş, mevcut görünüm altında güncellenen politika faiz düzeyinin yeterli olduğunu değerlendirmiştir.",maintain_only,
82,decision_close_2022_10,2022-10-20,validation,T-708966bf0d09,1,"Enflasyonda gözlenen yükselişte; jeopolitik gelişmelerin yol açtığı enerji maliyeti artışlarının gecikmeli ve dolaylı etkileri, ekonomik temellerden uzak fiyatlama oluşumlarının etkileri, küresel enerji, gıda ve tarımsal emtia fiyatlarındaki artışların oluşturduğu güçlü negatif arz şokları etkili olmaya devam etmektedir.",,,-1,Yılın ikinci yarısına dair öncü göstergeler ise zayıflayan dış talebin etkisiyle büyümedeki yavaşlamanın sürdüğüne işaret etmektedir.,,,-1,"Kurul, takip eden toplantıda da benzer bir adım atıldıktan sonra faiz indirim döngüsünün sona erdirilmesini gündeme almıştır.",,
83,decision_close_2022_11,2022-11-24,validation,T-72b56b912283,1,"Enflasyonda gözlenen yükselişte; jeopolitik gelişmelerin yol açtığı enerji maliyeti artışlarının gecikmeli ve dolaylı etkileri, ekonomik temellerden uzak fiyatlama oluşumlarının etkileri, küresel enerji, gıda ve tarımsal emtia fiyatlarındaki artışların oluşturduğu güçlü negatif arz şokları etkili olmaya devam etmektedir.",,,-1,"Yılın ikinci yarısına dair öncü göstergeler ise zayıflayan dış talebin etkisiyle büyümedeki yavaşlamanın sürdüğüne işaret etmektedir. Bununla birlikte, imalat sanayi üzerindeki dış talep kaynaklı baskıların iç talep ve arz kapasitesi üzerinde şimdilik sınırlı olan etkileri daha belirgin hale gelmektedir.",,,0,"Kurul, mevcut politika faizinin küresel talebe ilişkin artan riskleri dikkate alarak yeterli düzeyde olduğunu değerlendirmiş, ağustos ayında başlatılan faiz indirim döngüsünün sonlandırılmasına karar vermiştir.",maintain_only,
84,decision_close_2022_12,2022-12-22,validation,T-e3cdc871df30,1,"Enflasyonda gözlenen yükselişte; jeopolitik gelişmelerin yol açtığı enerji maliyeti artışlarının gecikmeli ve dolaylı etkileri, ekonomik temellerden uzak fiyatlama oluşumlarının etkileri, küresel enerji, gıda ve tarımsal emtia fiyatlarındaki artışların oluşturduğu güçlü negatif arz şokları etkili olmuştur",,,0,"Yılın son çeyreğine dair öncü göstergeler ise zayıflayan dış talebin etkisiyle büyümedeki yavaşlama eğiliminin sürdüğüne işaret etmektedir. Bununla birlikte, imalat sanayi üzerindeki dış talep kaynaklı baskıların iç talep ve arz kapasitesi üzerindeki etkilerinin şimdilik sınırlı düzeyde kaldığı görülmektedir. İstihdam kazanımları benzer ekonomilere göre daha olumlu seyretmektedir.",mixed_balanced,,0,"Bu çerçevede Kurul, politika faizinin sabit tutulmasına karar vermiştir. Kurul, mevcut politika faizinin küresel talebe ilişkin artan riskleri dikkate alarak yeterli düzeyde olduğunu değerlendirmiştir.",mixed_balanced,
85,decision_close_2023_1,2023-01-19,validation,T-a46cbbca7925,-1,Sürdürülebilir fiyat istikrarı ve finansal istikrarın güçlendirilmesi için uygulanan bütüncül politikaların desteğiyle enflasyonun seviyesinde ve eğiliminde iyileşmeler görülmeye başlanmıştır.,,,0,Yılın son çeyreğine dair göstergeler ise zayıflayan dış talebin etkisiyle büyümedeki yavaşlama eğiliminin iç talepteki görece güçlü seyir ile telafi edildiğine işaret etmektedir.,mixed_balanced,,0,"Küresel büyümeye yönelik belirsizliklerin ve jeopolitik risklerin daha da arttığı bir dönemde sanayi üretiminde yakalanan ivmenin ve istihdamdaki artış trendinin sürdürülmesi ile arz ve yatırım kapasitesindeki yapısal kazanımların sürekliliği açısından finansal koşulların destekleyici olması kritik önem arz etmektedir. Bu çerçevede Kurul, politika faizinin sabit tutulmasına karar vermiştir.",maintain_only,
86,decision_close_2023_2,2023-02-23,validation,T-c07e5f7eda41,0,Uygulanan bütüncül politikaların desteğiyle enflasyonun seviyesinde ve eğiliminde iyileşmeler görülmeye başlanmakla birlikte depremin yol açtığı arz-talep dengesizliklerinin enflasyon üzerindeki etkileri yakından izlenmektedir.,mixed_balanced,,0,Asrın felaketi öncesindeki öncü göstergeler 2023 yılının ilk çeyreğinde iç talebin dış talebe kıyasla daha canlı olduğuna ve büyüme eğiliminde artışa işaret etmekteydi.,mixed_balanced,,0,"Bu çerçevede Kurul, politika faizinin 50 baz puan düşürülmesine karar vermiştir. Kurul, bu ölçülü indirim sonrası para politikası duruşunun fiyat istikrarı ve finansal istikrarı koruyarak deprem sonrası gerekli toparlanmayı desteklemek için yeterli olduğu görüşündedir.",maintain_only,
87,decision_close_2023_3,2023-03-23,validation,T-b29c099f0818,0,"Uygulanan bütüncül politikaların desteğiyle enflasyonun seviyesinde ve eğiliminde iyileşmeler görülmeye başlanmakla birlikte, depremin yol açtığı arz-talep dengesizliklerinin enflasyon üzerindeki etkileri yakından izlenmektedir.",mixed_balanced,,0,Asrın felaketi öncesindeki öncü göstergeler 2023 yılının ilk çeyreğinde iç talebin dış talebe kıyasla daha canlı olduğuna ve büyüme eğiliminde artışa işaret etmekteydi.,mixed_balanced,,0,"Bu çerçevede Kurul, politika faizinin sabit tutulmasına karar vermiştir. Kurul, para politikası duruşunun fiyat istikrarı ve finansal istikrarı koruyarak deprem sonrası gerekli toparlanmayı desteklemek için yeterli olduğu görüşündedir.",maintain_only,
88,decision_close_2023_4,2023-04-27,validation,T-3abfc812b636,0,"Uygulanan bütüncül politikaların desteğiyle enflasyonun seviyesinde ve eğiliminde iyileşmeler görülmeye başlanmakla birlikte, depremin yol açtığı arz-talep dengesizliklerinin enflasyon üzerindeki etkileri yakından izlenmektedir.",mixed_balanced,,0,srın felaketi öncesindeki öncü göstergeler 2023 yılının ilk çeyreğinde iç talebin dış talebe kıyasla daha canlı olduğuna ve büyüme eğiliminde artışa işaret etmekteydi.,mixed_balanced,,0,"Bu çerçevede Kurul, politika faizinin sabit tutulmasına karar vermiştir. Kurul, para politikası duruşunun fiyat istikrarı ve finansal istikrarı koruyarak deprem sonrası gerekli toparlanmayı desteklemek için yeterli olduğu görüşündedir.",unclear_direction,
89,decision_close_2023_5,2023-05-25,validation,T-fc786f78dc01,1,Türkiye’nin geliştirdiği stratejik nitelikte çözüm araçları sayesinde temel gıda başta olmak üzere bazı sektörlerdeki arz kısıtlarının olumsuz etkileri azaltılmış olsa da uluslararası ölçekte üretici ve tüketici enflasyonu yüksek seviyelerini sürdürmektedir.,,,1,"Güncel veriler deprem bölgesinde ekonomik faaliyetin beklenenden hızlı toparlandığını göstermekte, orta vadede depremin Türkiye ekonomisinin performansı üzerinde kalıcı bir etkide bulunmayacağı belirginleşmektedir.",,,0,"Bu çerçevede Kurul, politika faizinin sabit tutulmasına karar vermiştir. Kurul, para politikası duruşunun fiyat istikrarı ve finansal istikrarı koruyarak deprem sonrası gerekli toparlanmayı desteklemek için yeterli olduğu görüşündedir.",maintain_only,
90,decision_close_2023_6,2023-06-22,validation,T-40ef6b31a52a,1,"Ülkemizde, yakın döneme ilişkin göstergeler enflasyonun ana eğiliminde yükselişe işaret etmektedir.",,,1,"Bu gelişmede yurtiçi talepteki güçlü seyir, maliyet yönlü baskılar ve hizmet enflasyonundaki katılık belirleyici olmuştur.",,,1,Enflasyon görünümünde belirgin iyileşme sağlanana kadar parasal sıkılaştırma gerektiği zamanda ve gerektiği ölçüde kademeli olarak güçlendirilecektir.,,
91,decision_close_2023_7,2023-07-20,validation,T-8f378101ea1b,1,"Ülkemizde, yakın döneme ilişkin göstergeler enflasyonun ana eğiliminde yükselişin sürdüğüne işaret etmektedir. Bu gelişmede yurt içi talepteki güçlü seyir, ücret ve kur kaynaklı maliyet yönlü baskılar ile hizmet enflasyonundaki katılık belirleyici olmaktadır. Kurul, bu unsurlara ek olarak vergi düzenlemeleri ve fiyatlama davranışlarındaki bozulmanın enflasyon üzerinde ilave olumsuz etki yapacağını öngörmektedir.",,,1,"Bu gelişmede yurt içi talepteki güçlü seyir, ücret ve kur kaynaklı maliyet yönlü baskılar ile hizmet enflasyonundaki katılık belirleyici olmaktadır.",,,1,Enflasyon görünümünde belirgin iyileşme sağlanana kadar parasal sıkılaştırma gerektiği zamanda ve gerektiği ölçüde kademeli olarak güçlendirilecektir.,,
92,decision_close_2023_8,2023-08-24,validation,T-abd581b292b8,1,Yakın döneme ilişkin göstergeler enflasyonun ana eğiliminde yükselişin sürdüğüne işaret etmektedir.,,,1,"Bu gelişmede yurt içi talepteki güçlü seyir, ücret ve kur kaynaklı maliyet yönlü baskılar, hizmet enflasyonundaki katılık ve vergi düzenlemeleri belirleyici olmaktadır.",,,1,Enflasyon görünümünde belirgin iyileşme sağlanana kadar parasal sıkılaştırma gerektiği zamanda ve gerektiği ölçüde kademeli olarak güçlendirilecektir.,,
93,decision_close_2023_9,2023-09-21,validation,T-73b327994215,1,"Enflasyon temmuz ve ağustos aylarında öngörülenin üzerinde gerçekleşmiştir. Yurt içi talepteki güçlü seyir ve hizmet fiyatlarındaki katılık devam ederken, petrol fiyatlarındaki artış ve enflasyon beklentilerinde süregelen bozulma enflasyonda ilave yukarı yönlü baskı oluşturmaktadır.",,,1,"Yurt içi talepteki güçlü seyir ve hizmet fiyatlarındaki katılık devam ederken, petrol fiyatlarındaki artış ve enflasyon beklentilerinde süregelen bozulma enflasyonda ilave yukarı yönlü baskı oluşturmaktadır.",,,1,Enflasyon görünümünde belirgin iyileşme sağlanana kadar parasal sıkılaştırma gerektiği zamanda ve gerektiği ölçüde kademeli olarak güçlendirilecektir.,,
94,decision_close_2023_10,2023-10-26,validation,T-4342ed41ff7a,1,"Yurt içi talepteki güçlü seyir, hizmet fiyatlarındaki katılık ve enflasyon beklentilerindeki bozulma ise enflasyonda yukarı yönlü baskı oluşturmaya devam etmektedir.",,,1,"Yurt içi talepteki güçlü seyir, hizmet fiyatlarındaki katılık ve enflasyon beklentilerindeki bozulma ise enflasyonda yukarı yönlü baskı oluşturmaya devam etmektedir.",,,1,Enflasyon görünümünde belirgin iyileşme sağlanana kadar parasal sıkılaştırma gerektiği zamanda ve gerektiği ölçüde kademeli olarak güçlendirilecektir.,,
95,decision_close_2023_11,2023-11-23,validation,T-f70a8442be80,1,"Yurt içi talebin mevcut seviyesi, hizmet fiyatlarındaki katılık ve jeopolitik riskler enflasyon baskılarını canlı tutmaktadır.",,,0,"Yurt içi talebin mevcut seviyesi, hizmet fiyatlarındaki katılık ve jeopolitik riskler enflasyon baskılarını canlı tutmaktadır. Öte yandan, yakın döneme ilişkin göstergeler, parasal sıkılaştırmanın finansal koşullara yansımasıyla yurt içi talepteki dengelenmenin başladığına işaret etmektedir.",mixed_balanced,,0,"Kurul, dezenflasyonun tesisi için gerekli parasal sıkılık düzeyine önemli ölçüde yaklaşıldığını değerlendirmiştir. Bu çerçevede, parasal sıkılaştırma hızı yavaşlatılacak ve sıkılaştırma adımları kısa bir zaman diliminde tamamlanacaktır. Fiyat istikrarının kalıcı tesisi için gerekli parasal sıkılığın ise gerektiği müddetçe sürdürüleceği değerlendirilmiştir.",maintain_only,
96,decision_close_2023_12,2023-12-21,validation,T-2a1f5b71db00,0,"Yurt içi talebin mevcut seviyesi, hizmet fiyatlarındaki katılık ve jeopolitik riskler enflasyon baskılarını canlı tutmaktadır.",mixed_balanced,,0,"Öte yandan, yakın döneme ilişkin göstergeler, parasal sıkılaştırmanın finansal koşullara yansımasıyla yurt içi talepteki dengelenmenin devam ettiğine işaret etmektedir.",mixed_balanced,,1,"Kurul, parasal sıkılaştırma adımlarını en kısa zamanda tamamlamayı öngörmektedir.",,
97,decision_close_2024_1,2024-01-25,validation,T-5f30797feb7f,0,"Yurt içi talebin mevcut seviyesi, hizmet fiyatlarındaki katılık ve jeopolitik riskler enflasyon baskılarını canlı tutmaktadır.",mixed_balanced,,0,"Yurt içi talebin mevcut seviyesi, hizmet fiyatlarındaki katılık ve jeopolitik riskler enflasyon baskılarını canlı tutmaktadır. Öte yandan, yakın döneme ilişkin göstergeler, parasal sıkılaştırmanın finansal koşullara yansımasıyla yurt içi talepteki dengelenmenin, öngörülen dezenflasyon süreci ile tutarlı seyrettiğine işaret etmektedir.",mixed_balanced,,0,"Kurul, parasal sıkılaştırmanın gecikmeli etkilerini de göz önünde bulundurarak, dezenflasyonun tesisi için gerekli parasal sıkılık düzeyine ulaşıldığını ve bu düzeyin gerektiği müddetçe sürdürüleceğini değerlendirmiştir.",maintain_only,
98,decision_close_2024_2,2024-02-22,test,T-3cf1f98710c5,1,"Ocak ayında aylık enflasyonun ana eğilimi yılın ilk ayına özgü zamana-bağlı fiyat ve ücret güncellemeleri sonucunda, enflasyon tahmin patikasında öngörülen şekilde yükselmiş ve manşet enflasyon sınırlı bir artış kaydetmiştir.",,,0,"Yakın döneme ilişkin göstergeler, yurt içi talepteki dengelenmenin sürdüğüne işaret etmektedir. Söz konusu dengelenme süreci, tüketim malı ve altın ithalatında güçlü, diğer tüketim harcamalarına ilişkin göstergelerde ise öngörülene kıyasla yavaş seyretmektedir.",mixed_balanced,,1,Enflasyon görünümünde belirgin ve kalıcı bir bozulma öngörülmesi durumunda ise para politikası duruşu sıkılaştırılacaktır.,,
99,decision_close_2024_3,2024-03-21,test,T-608e2176690d,1,"Hizmet enflasyonundaki katılık, enflasyon beklentileri, jeopolitik riskler ve gıda fiyatları enflasyon baskılarını canlı tutmaktadır",,,1,"Tüketim malı ve altın ithalatı yavaşlayarak cari dengedeki iyileşmeye katkı verirken, yakın döneme ilişkin diğer göstergeler yurt içi talepte dirençli seyrin sürdüğüne işaret etmektedir.",,,1,Aylık enflasyonun ana eğiliminde belirgin ve kalıcı bir düşüş sağlanana ve enflasyon beklentileri öngörülen tahmin aralığına yakınsayana kadar sıkı para politikası duruşu sürdürülecektir. Enflasyonda belirgin ve kalıcı bir bozulma öngörülmesi durumunda ise para politikası duruşu sıkılaştırılacaktır.,,
100,decision_close_2024_4,2024-04-25,test,T-bc2ec0b0e715,1,"Mart ayında aylık enflasyonun ana eğilimi, devam eden zayıflamaya rağmen öngörülenden yüksek gerçekleşmiştir.",,,1,"Tüketim malı ve altın ithalatındaki seyir cari dengedeki iyileşmeye katkı verirken, yakın döneme ilişkin diğer göstergeler yurt içi talepte direncin sürdüğüne işaret etmektedir.",,,1,"Kurul, parasal sıkılaştırmanın gecikmeli etkilerini de göz önünde bulundurarak politika faizinin sabit tutulmasına karar vermekle birlikte, enflasyon üzerindeki yukarı yönlü risklere karşı ihtiyatlı duruşunu yinelemiştir",,
101,decision_close_2024_5,2024-05-23,test,T-286707964bc1,1,"Hizmet enflasyonundaki yüksek seyir ve katılık, enflasyon beklentileri, jeopolitik riskler ve gıda fiyatları enflasyonist baskıları canlı tutmaktadır.",,,0,"Yakın döneme ilişkin göstergeler yurt içi talepte ilk çeyreğe kıyasla yavaşlamaya işaret etmiştir. Bununla birlikte, tüketim malı ithalatı nisan ayında artarak cari işlemler dengesindeki iyileşmeyi sınırlamıştır",mixed_balanced,,1,Enflasyonda belirgin ve kalıcı bir bozulma öngörülmesi durumunda ise para politikası duruşu sıkılaştırılacaktır.,,
102,decision_close_2024_6,2024-06-27,test,T-c3c341f5ce82,1,Aylık enflasyonun ana eğilimindeki zayıflama mayıs ayında geçici bir kesintiye uğramıştır.,,,0,"Yakın döneme ilişkin göstergeler yurt içi talebin, halen enflasyonist düzeyde olmakla birlikte, yavaşladığını teyit etmektedir.",mixed_balanced,,1,"Kurul, parasal sıkılaştırmanın gecikmeli etkilerini de göz önünde bulundurarak politika faizinin sabit tutulmasına karar vermekle birlikte, enflasyon üzerindeki yukarı yönlü risklere karşı ihtiyatlı duruşunu yinelemiştir.",,
103,decision_close_2024_7,2024-07-23,test,T-9af240d5312d,0,"Hizmet enflasyonundaki yüksek seyir ve katılık, enflasyon beklentileri, jeopolitik riskler ve gıda fiyatları enflasyonist baskıları canlı tutmaktadır.",mixed_balanced,,0,"Yakın döneme ilişkin göstergeler yurt içi talebin, halen enflasyonist düzeyde olmakla birlikte, yavaşlamaya devam ettiğini teyit etmektedir.",mixed_balanced,,1,"Kurul, parasal sıkılaştırmanın gecikmeli etkilerini de göz önünde bulundurarak politika faizinin sabit tutulmasına karar vermekle birlikte, enflasyon üzerindeki yukarı yönlü risklere karşı ihtiyatlı duruşunu yinelemiştir.",,
104,decision_close_2024_8,2024-08-20,test,T-b8505fbd8022,0,"Temmuz ayında aylık enflasyonun ana eğilimi, önceki aya kıyasla sınırlı bir şekilde yükselirken ikinci çeyrek ortalamasının altında kalmıştır.",mixed_balanced,,-1,Üçüncü çeyreğe ilişkin göstergeler yurt içi talebin yavaşlamaya devam ederek enflasyonist etkisinin azaldığına işaret etmektedir.,,,1,"Kurul, parasal sıkılaştırmanın gecikmeli etkilerini de göz önünde bulundurarak politika faizinin sabit tutulmasına karar vermekle birlikte, enflasyon üzerindeki yukarı yönlü risklere karşı ihtiyatlı duruşunu yinelemiştir.",,
105,decision_close_2024_9,2024-09-19,test,T-922f446cbc3c,0,"Ağustos ayında aylık enflasyona dair göstergeler bir bütün olarak incelendiğinde, ana eğilimin belirgin bir değişim sergilemediği değerlendirilmiştir",mixed_balanced,,-1,Üçüncü çeyreğe ilişkin göstergeler yurt içi talebin yavaşlamaya devam ederek enflasyonist etkisinin azaldığını teyit etmektedir.,,,0,Aylık enflasyonun ana eğiliminde belirgin ve kalıcı bir düşüş sağlanana ve enflasyon beklentileri öngörülen tahmin aralığına yakınsayana kadar sıkı para politikası duruşu sürdürülecektir. Enflasyonda belirgin ve kalıcı bir bozulma öngörülmesi durumunda ise para politikası araçları etkili şekilde kullanılacaktır.,maintain_only,
106,decision_close_2024_10,2024-10-17,test,T-caa9df3d6b03,0,"Temel mal enflasyonu düşük seyretmeye devam ederken, hizmet enflasyonundaki iyileşmenin son çeyrekte gerçekleşmesi beklenmektedir. Enflasyondaki iyileşmenin hızına dair belirsizlik ise son dönemdeki veri akışı ile artmıştır. Kurul, enflasyon beklentileri ve fiyatlama davranışlarının dezenflasyon süreci açısından risk unsuru olmaya devam ettiğini kaydetmiştir.",mixed_balanced,,-1,Üçüncü çeyreğe ilişkin göstergeler yurt içi talebin yavaşlamaya devam ederek enflasyondaki düşüşü destekleyici seviyelere yaklaştığını ima etmektedir.,,,1,"Kurul, politika faizinin sabit tutulmasına karar vermekle birlikte, enflasyon üzerindeki yukarı yönlü risklere karşı ihtiyatlı duruşunu yinelemiştir. Aylık enflasyonun ana eğiliminde belirgin ve kalıcı bir düşüş sağlanana ve enflasyon beklentileri öngörülen tahmin aralığına yakınsayana kadar sıkı para politikası duruşu sürdürülecektir. Enflasyonda belirgin ve kalıcı bir bozulma öngörülmesi durumunda ise para politikası araçları etkili şekilde kullanılacaktır.",,
107,decision_close_2024_11,2024-11-21,test,T-6e83e6bc8adf,0,"Temel mal enflasyonu düşük seyretmeye devam ederken, hizmet enflasyonunda iyileşmeye dair sinyaller belirginleşmiştir. Geçici arz koşullarına bağlı olarak işlenmemiş gıda enflasyonu yüksek seyrini sürdürmektedir. Enflasyon beklentileri ve fiyatlama davranışları iyileşme eğilimi sergilemekle birlikte, dezenflasyon süreci açısından risk unsuru olmaya devam etmektedir.",mixed_balanced,,-1,Son çeyreğe ilişkin göstergeler yurt içi talebin yavaşlamaya devam ederek enflasyondaki düşüşü destekleyici seviyelere geldiğini ima etmektedir.,,,0,Aylık enflasyonun ana eğiliminde belirgin ve kalıcı bir düşüş sağlanana ve enflasyon beklentileri öngörülen tahmin aralığına yakınsayana kadar sıkı para politikası duruşu sürdürülecektir.,maintain_only,
108,decision_close_2024_12,2024-12-26,test,T-42f8c292f436,-1,"Temel mal enflasyonu düşük seyretmeye devam ederken, hizmet enflasyonundaki iyileşme belirginleşmektedir. İşlenmemiş gıda enflasyonu önceki iki aydaki yüksek seyrin ardından aralık ayında ılımlı görünmektedir.",,,-1,Son çeyreğe ilişkin göstergeler yurt içi talebin yavaşlamayı sürdürerek enflasyondaki düşüşü destekleyici seviyelerde bulunduğunu göstermektedir,,,0,"Aylık enflasyonun ana eğiliminde belirgin ve kalıcı bir düşüş sağlanana ve enflasyon beklentileri öngörülen tahmin aralığına yakınsayana kadar sıkı para politikası duruşu sürdürülecektir. Bu doğrultuda, politika faizinin seviyesi, enflasyon gerçekleşmeleri ve beklentileri göz önünde bulundurularak öngörülen dezenflasyon sürecinin gerektirdiği sıkılığı sağlayacak şekilde belirlenecektir.",maintain_only,
109,decision_close_2025_1,2025-01-23,test,T-2f6cd7b867e1,0,"Aralık ayında enflasyonun ana eğilimi gerilerken, öncü veriler ocak ayında öngörülerle uyumlu bir artışa işaret etmektedir.",mixed_balanced,,-1,Son çeyreğe ilişkin göstergeler yurt içi talebin enflasyondaki düşüşü destekleyici seviyelerde bulunduğunu göstermektedir.,,,0,"Enflasyonda kalıcı düşüş ve fiyat istikrarı sağlanana kadar sıkı para politikası duruşu sürdürülecektir. Bu doğrultuda, politika faizi; enflasyon gerçekleşmeleri, ana eğilimi ve beklentileri göz önünde bulundurularak öngörülen dezenflasyon sürecinin gerektirdiği sıkılığı sağlayacak şekilde belirlenecektir.",maintain_only,
110,decision_close_2025_2,2025-03-06,test,T-d9b6f7f15f39,0,"Enflasyonun ana eğilimi ocak ayındaki artış sonrasında şubat ayında gerilemiştir. Bu dönemde temel mal enflasyonu görece düşük seyrini korurken, hizmet enflasyonu ocak ayına özgü artışın ardından yavaşlamıştır.",mixed_balanced,,-1,Öncü veriler bu destekleyici görünümün yılın ilk çeyreğinde de sürdüğünü ima etmektedir.,,,0,"Enflasyonda kalıcı düşüş ve fiyat istikrarı sağlanana kadar sıkı para politikası duruşu sürdürülecektir. Bu doğrultuda, politika faizi; enflasyon gerçekleşmeleri, ana eğilimi ve beklentileri göz önünde bulundurularak öngörülen dezenflasyon sürecinin gerektirdiği sıkılığı sağlayacak şekilde belirlenecektir. Kurul politika faizine ilişkin atılacak adımları enflasyon görünümü odaklı, ihtiyatlı ve toplantı bazlı bir yaklaşımla belirleyecektir.",maintain_only,
111,decision_close_2025_3,2025-03-20,test,T-2d6d257e839f,1,"Söz konusu gelişmelerin enflasyon görünümü açısından oluşturabileceği riskler değerlendirilerek, sıkı parasal duruşu destekleyici tedbirler alınmıştır.",,,U,,,Metinde talep koşullarına veya iktisadi faaliyete dair herhangi bir ifade yer almadığı için,1,Enflasyonda belirgin ve kalıcı bir bozulma öngörülmesi durumunda para politikası duruşu sıkılaştırılacaktır.,,
112,decision_close_2025_4,2025-04-17,test,T-dc12d7aa8e6b,1,"Aylık temel mal enflasyonunun finansal piyasalardaki gelişmelerin etkisiyle nisan ayında bir miktar yükseleceği, hizmet enflasyonunun ise görece yatay seyredeceği öngörülmektedir.",,,0,Öncü veriler yurt içi talebin ilk çeyrekte ivme kaybetmekle birlikte öngörülenin üzerinde seyrettiğini ve enflasyonu düşürücü etkisinin azaldığını ima etmektedir.,mixed_balanced,,1,"Para Politikası Kurulu (Kurul), politika faizi olan bir hafta vadeli repo ihale faiz oranının yüzde 42,5’ten yüzde 46’ya yükseltilmesine karar vermiştir.",,
113,decision_close_2025_5,2025-06-19,test,T-8329b20804ae,0,Enflasyonun ana eğilimi mayıs ayında gerilemiştir. Öncü veriler ana eğilimdeki düşüşün haziran ayında da sürdüğüne işaret etmektedir.,mixed_balanced,,-1,"Para politikasındaki kararlı duruş; yurt içi talepte dengelenme, Türk lirasında reel değerlenme ve enflasyon beklentilerinde düzelme vasıtası ile dezenflasyon sürecini güçlendirmektedir.",,,0,Enflasyonda belirgin ve kalıcı bir bozulma öngörülmesi durumunda tüm para politikası araçları etkili şekilde kullanılacaktır.,maintain_only,
114,decision_close_2025_6,2025-07-24,test,T-afdfd57a3fd9,0,Enflasyonun ana eğilimi haziran ayında yatay seyretmiştir. Öncü veriler temmuz ayında aylık enflasyonun aya özgü unsurlarla geçici olarak artacağına işaret etmektedir.,mixed_balanced,,-1,"Yakın döneme ilişkin veriler, talep koşullarının dezenflasyonist etkisinin arttığını göstermektedir.",,,0,"Fiyat istikrarı sağlanana kadar sürdürülecek sıkı para politikası duruşu, talepte dengelenme, Türk lirasında reel değerlenme ve enflasyon beklentilerinde düzelme vasıtası ile dezenflasyon sürecini destekleyecektir.",mixed_balanced,
115,decision_close_2025_7,2025-09-11,test,T-0d5aba8c7309,0,Gıda fiyatları ile ataleti yüksek hizmet kalemleri enflasyon üzerinde yukarı yönlü baskıları canlı tutmaktadır. Enflasyon beklentileri ve fiyatlama davranışları ile küresel gelişmeler dezenflasyon süreci açısından risk unsuru olmaya devam etmektedir.,mixed_balanced,,-1,"nihai yurt içi talebin zayıf seyrini koruduğu değerlendirilmiştir. Yakın döneme ilişkin veriler, talep koşullarının dezenflasyonist düzeyde olduğunu göstermektedir.",,,0,"Fiyat istikrarı sağlanana kadar sürdürülecek sıkı para politikası duruşu talep, kur ve beklenti kanalları üzerinden dezenflasyon sürecini güçlendirecektir.",maintain_only,
116,decision_close_2025_8,2025-10-23,test,T-7aa98899fb4a,1,Başta gıda olmak üzere son dönem fiyat gelişmelerinin enflasyon beklentileri ve fiyatlama davranışları kanalıyla dezenflasyon süreci üzerinde oluşturduğu riskler belirginleşmiştir.,,,-1,Son döneme ait veriler talep koşullarının dezenflasyonist düzeyde olduğuna ancak dezenflasyon sürecinin yavaşladığına işaret etmektedir.,,,1,"Fiyat istikrarı sağlanana kadar sürdürülecek sıkı para politikası duruşu talep, kur ve beklenti kanalları üzerinden dezenflasyon sürecini güçlendirecektir.",,
117,decision_close_2025_9,2025-12-11,test,T-171792e2abda,-1,Kasım ayında tüketici enflasyonu gıda fiyatlarındaki gelişmelerle beklenenden düşük gerçekleşmiştir. Enflasyonun ana eğilimi eylül ayındaki artıştan sonra ekim ve kasım aylarında bir miktar gerilemiştir.,,,-1,Son çeyreğe ilişkin öncü göstergeler talep koşullarının dezenflasyon sürecine verdiği desteğin sürdüğüne işaret etmektedir.,,,0,"Fiyat istikrarı sağlanana kadar sürdürülecek sıkı para politikası duruşu talep, kur ve beklenti kanalları üzerinden dezenflasyon sürecini güçlendirecektir.",maintain_only,
118,decision_close_2026_1,2026-01-22,test,T-f58074305fde,0,"Enflasyonun ana eğilimi aralık ayında gerilemiştir. Öncü veriler ocak ayında aylık tüketici enflasyonunun gıda öncülüğünde arttığına, ana eğilimdeki artışın ise sınırlı olduğuna işaret etmektedir.",mixed_balanced,,0,Son çeyreğe ilişkin göstergeler talep koşullarının dezenflasyon sürecine verdiği desteğin azalmasına karşın sürdüğünü ima etmektedir.,mixed_balanced,,0,"Para Politikası Kurulu (Kurul), politika faizi olan bir hafta vadeli repo ihale faiz oranının yüzde 38’den yüzde 37’ye indirilmesine karar vermiştir.",maintain_only,
119,decision_close_2026_2,2026-03-12,test,T-9dbb7835e69e,0,"Enflasyonun ana eğilimi şubat ayında yataya yakın seyretmiştir. Jeopolitik gelişmeler neticesinde belirsizlikler artarken, küresel risk iştahında bozulma ve enerji fiyatlarında yükseliş gözlenmiştir.",mixed_balanced,,0,Jeopolitik gelişmelerin maliyet kanalı ve iktisadi faaliyet üzerinden enflasyon görünümüne etkileri yakından takip edilmektedir.,mixed_balanced,,1,"Son dönem gelişmelerin de etkisiyle, enflasyon görünümünde belirgin ve kalıcı bir bozulma olması durumunda para politikası duruşu sıkılaştırılacaktır.",,
120,decision_close_2026_3,2026-04-22,test,T-7db5419cab6b,0,Enflasyonun ana eğilimi mart ayında gerilemiştir. Öncü veriler ana eğilimin nisan ayında bir miktar yükseleceğine işaret etmektedir. Jeopolitik gelişmeler eşliğindeki belirsizlikler neticesinde enerji fiyatlarında yüksek seyir ve belirgin oynaklık gözlenmektedir,mixed_balanced,,-1,"Göstergeler iktisadi faaliyette yavaşlamaya işaret ederken, yakın dönemdeki gelişmelerin enflasyon görünümü üzerindeki olası ikincil etkileri önem taşıyacaktır.",,,1,"Son dönem gelişmelerin de etkisiyle, enflasyon görünümünde belirgin ve kalıcı bir bozulma olması durumunda para politikası duruşu sıkılaştırılacaktır. Kurul enflasyon üzerindeki yukarı yönlü risklere karşı ihtiyatlı duruşunu vurgulamıştır.",,
121,decision_close_2026_4,2026-06-11,test,T-50bdf20d7daf,0,"Yılın ilk aylarındaki yükselişinin ardından enerji fiyatlarının da etkisiyle nisan ayında artan enflasyonun ana eğilimi, mayıs ayında bir miktar gerilemiştir. Jeopolitik gelişmeler eşliğindeki belirsizlikler neticesinde enerji fiyatlarında oynaklık ve yüksek seyir sürmektedir",mixed_balanced,,1,"İlk çeyreğe ait veriler iktisadi faaliyetin yavaşlamaya devam ettiğini gösterirken, öncü veriler iç talepteki zayıf seyrin sürdüğüne işaret etmektedir.",,,1,Enflasyon görünümünde belirgin ve kalıcı bir bozulma olması durumunda para politikası duruşu sıkılaştırılacaktır. Kurul enflasyon üzerindeki yukarı yönlü risklere karşı ihtiyatlı duruşunu vurgulamıştır.,,