fold,origin_id,origin_date,arm,inner_n,direction_candidate,magnitude_candidate,probability_candidate
1,decision_close_2023_1,2023-01-19,history,45,history|lambda=0.001|scaling=fixed,history|lambda=1|scaling=fixed,history|lambda=0.1|scaling=fixed
1,decision_close_2023_1,2023-01-19,history_tfidf,45,history_tfidf|lambda=1|scaling=column_standardized,history_tfidf|lambda=1|scaling=column_standardized,history_tfidf|lambda=1|scaling=column_standardized
1,decision_close_2023_1,2023-01-19,history_lsa,45,history_lsa|lambda=0.001|scaling=column_standardized,history_lsa|lambda=1|scaling=row_only,history_lsa|lambda=0.1|scaling=column_standardized
1,decision_close_2023_1,2023-01-19,history_qwen_all,45,history_qwen_all|lambda=0.001|scaling=fixed,history_qwen_all|lambda=1|scaling=fixed,history_qwen_all|lambda=0.1|scaling=fixed
1,decision_close_2023_1,2023-01-19,history_qwen_inflation,45,history_qwen_inflation|lambda=0.01|scaling=fixed,history_qwen_inflation|lambda=1|scaling=fixed,history_qwen_inflation|lambda=0.1|scaling=fixed
1,decision_close_2023_1,2023-01-19,history_qwen_demand,45,history_qwen_demand|lambda=0.01|scaling=fixed,history_qwen_demand|lambda=1|scaling=fixed,history_qwen_demand|lambda=0.1|scaling=fixed
1,decision_close_2023_1,2023-01-19,history_qwen_forward,45,history_qwen_forward|lambda=0.001|scaling=fixed,history_qwen_forward|lambda=1|scaling=fixed,history_qwen_forward|lambda=0.1|scaling=fixed
1,decision_close_2023_1,2023-01-19,history_qwen_scores_only,45,history_qwen_scores_only|lambda=0.001|scaling=fixed,history_qwen_scores_only|lambda=1|scaling=fixed,history_qwen_scores_only|lambda=0.1|scaling=fixed
1,decision_close_2023_1,2023-01-19,history_qwen_missing_only,45,history_qwen_missing_only|lambda=0.001|scaling=fixed,history_qwen_missing_only|lambda=1|scaling=fixed,history_qwen_missing_only|lambda=0.1|scaling=fixed
1,decision_close_2023_1,2023-01-19,proxy_market,45,proxy_market|lambda=0.01|scaling=fixed,proxy_market|lambda=10|scaling=fixed,proxy_market|lambda=0.1|scaling=fixed
1,decision_close_2023_1,2023-01-19,proxy_market_lsa,45,proxy_market_lsa|lambda=0.01|scaling=column_standardized,proxy_market_lsa|lambda=10|scaling=column_standardized,proxy_market_lsa|lambda=0.1|scaling=column_standardized
1,decision_close_2023_1,2023-01-19,history_transformer,45,history_transformer|lambda=0.001|scaling=fixed,history_transformer|lambda=0.1|scaling=fixed,history_transformer|lambda=1|scaling=fixed
2,decision_close_2023_2,2023-02-23,history,46,history|lambda=0.001|scaling=fixed,history|lambda=1|scaling=fixed,history|lambda=0.1|scaling=fixed
2,decision_close_2023_2,2023-02-23,history_tfidf,46,history_tfidf|lambda=1|scaling=column_standardized,history_tfidf|lambda=1|scaling=column_standardized,history_tfidf|lambda=1|scaling=column_standardized
2,decision_close_2023_2,2023-02-23,history_lsa,46,history_lsa|lambda=0.001|scaling=column_standardized,history_lsa|lambda=1|scaling=row_only,history_lsa|lambda=0.1|scaling=column_standardized
2,decision_close_2023_2,2023-02-23,history_qwen_all,46,history_qwen_all|lambda=0.001|scaling=fixed,history_qwen_all|lambda=1|scaling=fixed,history_qwen_all|lambda=0.1|scaling=fixed
2,decision_close_2023_2,2023-02-23,history_qwen_inflation,46,history_qwen_inflation|lambda=0.01|scaling=fixed,history_qwen_inflation|lambda=10|scaling=fixed,history_qwen_inflation|lambda=0.1|scaling=fixed
2,decision_close_2023_2,2023-02-23,history_qwen_demand,46,history_qwen_demand|lambda=0.01|scaling=fixed,history_qwen_demand|lambda=1|scaling=fixed,history_qwen_demand|lambda=0.1|scaling=fixed
2,decision_close_2023_2,2023-02-23,history_qwen_forward,46,history_qwen_forward|lambda=0.001|scaling=fixed,history_qwen_forward|lambda=1|scaling=fixed,history_qwen_forward|lambda=0.1|scaling=fixed
2,decision_close_2023_2,2023-02-23,history_qwen_scores_only,46,history_qwen_scores_only|lambda=0.001|scaling=fixed,history_qwen_scores_only|lambda=1|scaling=fixed,history_qwen_scores_only|lambda=0.1|scaling=fixed
2,decision_close_2023_2,2023-02-23,history_qwen_missing_only,46,history_qwen_missing_only|lambda=0.001|scaling=fixed,history_qwen_missing_only|lambda=1|scaling=fixed,history_qwen_missing_only|lambda=0.1|scaling=fixed
2,decision_close_2023_2,2023-02-23,proxy_market,46,proxy_market|lambda=0.01|scaling=fixed,proxy_market|lambda=10|scaling=fixed,proxy_market|lambda=0.1|scaling=fixed
2,decision_close_2023_2,2023-02-23,proxy_market_lsa,46,proxy_market_lsa|lambda=0.01|scaling=column_standardized,proxy_market_lsa|lambda=10|scaling=column_standardized,proxy_market_lsa|lambda=0.1|scaling=column_standardized
2,decision_close_2023_2,2023-02-23,history_transformer,46,history_transformer|lambda=0.001|scaling=fixed,history_transformer|lambda=0.1|scaling=fixed,history_transformer|lambda=1|scaling=fixed
3,decision_close_2023_3,2023-03-23,history,47,history|lambda=0.001|scaling=fixed,history|lambda=1|scaling=fixed,history|lambda=0.1|scaling=fixed
3,decision_close_2023_3,2023-03-23,history_tfidf,47,history_tfidf|lambda=0.001|scaling=row_only,history_tfidf|lambda=1|scaling=column_standardized,history_tfidf|lambda=10|scaling=column_standardized
3,decision_close_2023_3,2023-03-23,history_lsa,47,history_lsa|lambda=0.001|scaling=column_standardized,history_lsa|lambda=1|scaling=row_only,history_lsa|lambda=0.1|scaling=column_standardized
3,decision_close_2023_3,2023-03-23,history_qwen_all,47,history_qwen_all|lambda=0.001|scaling=fixed,history_qwen_all|lambda=1|scaling=fixed,history_qwen_all|lambda=0.1|scaling=fixed
3,decision_close_2023_3,2023-03-23,history_qwen_inflation,47,history_qwen_inflation|lambda=0.01|scaling=fixed,history_qwen_inflation|lambda=10|scaling=fixed,history_qwen_inflation|lambda=0.1|scaling=fixed
3,decision_close_2023_3,2023-03-23,history_qwen_demand,47,history_qwen_demand|lambda=0.01|scaling=fixed,history_qwen_demand|lambda=1|scaling=fixed,history_qwen_demand|lambda=0.1|scaling=fixed
3,decision_close_2023_3,2023-03-23,history_qwen_forward,47,history_qwen_forward|lambda=0.001|scaling=fixed,history_qwen_forward|lambda=1|scaling=fixed,history_qwen_forward|lambda=0.1|scaling=fixed
3,decision_close_2023_3,2023-03-23,history_qwen_scores_only,47,history_qwen_scores_only|lambda=0.001|scaling=fixed,history_qwen_scores_only|lambda=1|scaling=fixed,history_qwen_scores_only|lambda=0.1|scaling=fixed
3,decision_close_2023_3,2023-03-23,history_qwen_missing_only,47,history_qwen_missing_only|lambda=0.001|scaling=fixed,history_qwen_missing_only|lambda=1|scaling=fixed,history_qwen_missing_only|lambda=0.1|scaling=fixed
3,decision_close_2023_3,2023-03-23,proxy_market,47,proxy_market|lambda=0.01|scaling=fixed,proxy_market|lambda=10|scaling=fixed,proxy_market|lambda=0.1|scaling=fixed
3,decision_close_2023_3,2023-03-23,proxy_market_lsa,47,proxy_market_lsa|lambda=0.01|scaling=column_standardized,proxy_market_lsa|lambda=10|scaling=column_standardized,proxy_market_lsa|lambda=0.1|scaling=column_standardized
3,decision_close_2023_3,2023-03-23,history_transformer,47,history_transformer|lambda=0.001|scaling=fixed,history_transformer|lambda=0.1|scaling=fixed,history_transformer|lambda=1|scaling=fixed
4,decision_close_2023_4,2023-04-27,history,48,history|lambda=0.001|scaling=fixed,history|lambda=1|scaling=fixed,history|lambda=0.1|scaling=fixed
4,decision_close_2023_4,2023-04-27,history_tfidf,48,history_tfidf|lambda=0.001|scaling=row_only,history_tfidf|lambda=1|scaling=column_standardized,history_tfidf|lambda=10|scaling=column_standardized
4,decision_close_2023_4,2023-04-27,history_lsa,48,history_lsa|lambda=0.001|scaling=column_standardized,history_lsa|lambda=1|scaling=row_only,history_lsa|lambda=0.1|scaling=column_standardized
4,decision_close_2023_4,2023-04-27,history_qwen_all,48,history_qwen_all|lambda=0.001|scaling=fixed,history_qwen_all|lambda=1|scaling=fixed,history_qwen_all|lambda=0.1|scaling=fixed
4,decision_close_2023_4,2023-04-27,history_qwen_inflation,48,history_qwen_inflation|lambda=0.01|scaling=fixed,history_qwen_inflation|lambda=10|scaling=fixed,history_qwen_inflation|lambda=0.1|scaling=fixed
4,decision_close_2023_4,2023-04-27,history_qwen_demand,48,history_qwen_demand|lambda=0.01|scaling=fixed,history_qwen_demand|lambda=1|scaling=fixed,history_qwen_demand|lambda=0.1|scaling=fixed
4,decision_close_2023_4,2023-04-27,history_qwen_forward,48,history_qwen_forward|lambda=0.001|scaling=fixed,history_qwen_forward|lambda=1|scaling=fixed,history_qwen_forward|lambda=0.1|scaling=fixed
4,decision_close_2023_4,2023-04-27,history_qwen_scores_only,48,history_qwen_scores_only|lambda=0.001|scaling=fixed,history_qwen_scores_only|lambda=1|scaling=fixed,history_qwen_scores_only|lambda=0.1|scaling=fixed
4,decision_close_2023_4,2023-04-27,history_qwen_missing_only,48,history_qwen_missing_only|lambda=0.001|scaling=fixed,history_qwen_missing_only|lambda=1|scaling=fixed,history_qwen_missing_only|lambda=0.1|scaling=fixed
4,decision_close_2023_4,2023-04-27,proxy_market,48,proxy_market|lambda=0.01|scaling=fixed,proxy_market|lambda=10|scaling=fixed,proxy_market|lambda=0.1|scaling=fixed
4,decision_close_2023_4,2023-04-27,proxy_market_lsa,48,proxy_market_lsa|lambda=0.01|scaling=column_standardized,proxy_market_lsa|lambda=10|scaling=column_standardized,proxy_market_lsa|lambda=0.1|scaling=column_standardized
4,decision_close_2023_4,2023-04-27,history_transformer,48,history_transformer|lambda=0.001|scaling=fixed,history_transformer|lambda=0.1|scaling=fixed,history_transformer|lambda=1|scaling=fixed
5,decision_close_2023_5,2023-05-25,history,49,history|lambda=0.001|scaling=fixed,history|lambda=1|scaling=fixed,history|lambda=0.1|scaling=fixed
5,decision_close_2023_5,2023-05-25,history_tfidf,49,history_tfidf|lambda=0.001|scaling=row_only,history_tfidf|lambda=1|scaling=column_standardized,history_tfidf|lambda=10|scaling=column_standardized
5,decision_close_2023_5,2023-05-25,history_lsa,49,history_lsa|lambda=0.001|scaling=column_standardized,history_lsa|lambda=1|scaling=row_only,history_lsa|lambda=0.1|scaling=column_standardized
5,decision_close_2023_5,2023-05-25,history_qwen_all,49,history_qwen_all|lambda=0.001|scaling=fixed,history_qwen_all|lambda=1|scaling=fixed,history_qwen_all|lambda=0.1|scaling=fixed
5,decision_close_2023_5,2023-05-25,history_qwen_inflation,49,history_qwen_inflation|lambda=0.01|scaling=fixed,history_qwen_inflation|lambda=10|scaling=fixed,history_qwen_inflation|lambda=0.1|scaling=fixed
5,decision_close_2023_5,2023-05-25,history_qwen_demand,49,history_qwen_demand|lambda=0.01|scaling=fixed,history_qwen_demand|lambda=1|scaling=fixed,history_qwen_demand|lambda=0.1|scaling=fixed
5,decision_close_2023_5,2023-05-25,history_qwen_forward,49,history_qwen_forward|lambda=0.001|scaling=fixed,history_qwen_forward|lambda=1|scaling=fixed,history_qwen_forward|lambda=0.1|scaling=fixed
5,decision_close_2023_5,2023-05-25,history_qwen_scores_only,49,history_qwen_scores_only|lambda=0.001|scaling=fixed,history_qwen_scores_only|lambda=1|scaling=fixed,history_qwen_scores_only|lambda=0.1|scaling=fixed
5,decision_close_2023_5,2023-05-25,history_qwen_missing_only,49,history_qwen_missing_only|lambda=0.001|scaling=fixed,history_qwen_missing_only|lambda=1|scaling=fixed,history_qwen_missing_only|lambda=0.1|scaling=fixed
5,decision_close_2023_5,2023-05-25,proxy_market,49,proxy_market|lambda=0.01|scaling=fixed,proxy_market|lambda=10|scaling=fixed,proxy_market|lambda=0.1|scaling=fixed
5,decision_close_2023_5,2023-05-25,proxy_market_lsa,49,proxy_market_lsa|lambda=0.01|scaling=column_standardized,proxy_market_lsa|lambda=10|scaling=column_standardized,proxy_market_lsa|lambda=0.1|scaling=column_standardized
5,decision_close_2023_5,2023-05-25,history_transformer,49,history_transformer|lambda=0.001|scaling=fixed,history_transformer|lambda=0.1|scaling=fixed,history_transformer|lambda=1|scaling=fixed
6,decision_close_2023_6,2023-06-22,history,50,history|lambda=0.001|scaling=fixed,history|lambda=1|scaling=fixed,history|lambda=0.1|scaling=fixed
6,decision_close_2023_6,2023-06-22,history_tfidf,50,history_tfidf|lambda=0.001|scaling=row_only,history_tfidf|lambda=1|scaling=column_standardized,history_tfidf|lambda=10|scaling=column_standardized
6,decision_close_2023_6,2023-06-22,history_lsa,50,history_lsa|lambda=0.001|scaling=column_standardized,history_lsa|lambda=1|scaling=row_only,history_lsa|lambda=0.1|scaling=column_standardized
6,decision_close_2023_6,2023-06-22,history_qwen_all,50,history_qwen_all|lambda=0.001|scaling=fixed,history_qwen_all|lambda=1|scaling=fixed,history_qwen_all|lambda=0.1|scaling=fixed
6,decision_close_2023_6,2023-06-22,history_qwen_inflation,50,history_qwen_inflation|lambda=0.01|scaling=fixed,history_qwen_inflation|lambda=1|scaling=fixed,history_qwen_inflation|lambda=0.1|scaling=fixed
6,decision_close_2023_6,2023-06-22,history_qwen_demand,50,history_qwen_demand|lambda=0.01|scaling=fixed,history_qwen_demand|lambda=1|scaling=fixed,history_qwen_demand|lambda=0.1|scaling=fixed
6,decision_close_2023_6,2023-06-22,history_qwen_forward,50,history_qwen_forward|lambda=0.001|scaling=fixed,history_qwen_forward|lambda=1|scaling=fixed,history_qwen_forward|lambda=0.1|scaling=fixed
6,decision_close_2023_6,2023-06-22,history_qwen_scores_only,50,history_qwen_scores_only|lambda=0.001|scaling=fixed,history_qwen_scores_only|lambda=1|scaling=fixed,history_qwen_scores_only|lambda=0.1|scaling=fixed
6,decision_close_2023_6,2023-06-22,history_qwen_missing_only,50,history_qwen_missing_only|lambda=0.001|scaling=fixed,history_qwen_missing_only|lambda=1|scaling=fixed,history_qwen_missing_only|lambda=0.1|scaling=fixed
6,decision_close_2023_6,2023-06-22,proxy_market,50,proxy_market|lambda=0.01|scaling=fixed,proxy_market|lambda=10|scaling=fixed,proxy_market|lambda=0.1|scaling=fixed
6,decision_close_2023_6,2023-06-22,proxy_market_lsa,50,proxy_market_lsa|lambda=0.01|scaling=column_standardized,proxy_market_lsa|lambda=10|scaling=column_standardized,proxy_market_lsa|lambda=0.1|scaling=column_standardized
6,decision_close_2023_6,2023-06-22,history_transformer,50,history_transformer|lambda=0.001|scaling=fixed,history_transformer|lambda=0.1|scaling=fixed,history_transformer|lambda=1|scaling=fixed
7,decision_close_2023_7,2023-07-20,history,51,history|lambda=0.001|scaling=fixed,history|lambda=1|scaling=fixed,history|lambda=0.1|scaling=fixed
7,decision_close_2023_7,2023-07-20,history_tfidf,51,history_tfidf|lambda=0.001|scaling=row_only,history_tfidf|lambda=1|scaling=column_standardized,history_tfidf|lambda=10|scaling=column_standardized
7,decision_close_2023_7,2023-07-20,history_lsa,51,history_lsa|lambda=0.001|scaling=column_standardized,history_lsa|lambda=1|scaling=row_only,history_lsa|lambda=0.1|scaling=column_standardized
7,decision_close_2023_7,2023-07-20,history_qwen_all,51,history_qwen_all|lambda=0.001|scaling=fixed,history_qwen_all|lambda=1|scaling=fixed,history_qwen_all|lambda=0.1|scaling=fixed
7,decision_close_2023_7,2023-07-20,history_qwen_inflation,51,history_qwen_inflation|lambda=0.01|scaling=fixed,history_qwen_inflation|lambda=1|scaling=fixed,history_qwen_inflation|lambda=0.1|scaling=fixed
7,decision_close_2023_7,2023-07-20,history_qwen_demand,51,history_qwen_demand|lambda=0.001|scaling=fixed,history_qwen_demand|lambda=1|scaling=fixed,history_qwen_demand|lambda=0.1|scaling=fixed
7,decision_close_2023_7,2023-07-20,history_qwen_forward,51,history_qwen_forward|lambda=0.001|scaling=fixed,history_qwen_forward|lambda=1|scaling=fixed,history_qwen_forward|lambda=0.1|scaling=fixed
7,decision_close_2023_7,2023-07-20,history_qwen_scores_only,51,history_qwen_scores_only|lambda=0.001|scaling=fixed,history_qwen_scores_only|lambda=1|scaling=fixed,history_qwen_scores_only|lambda=0.1|scaling=fixed
7,decision_close_2023_7,2023-07-20,history_qwen_missing_only,51,history_qwen_missing_only|lambda=0.001|scaling=fixed,history_qwen_missing_only|lambda=1|scaling=fixed,history_qwen_missing_only|lambda=0.1|scaling=fixed
7,decision_close_2023_7,2023-07-20,proxy_market,51,proxy_market|lambda=0.01|scaling=fixed,proxy_market|lambda=10|scaling=fixed,proxy_market|lambda=0.1|scaling=fixed
7,decision_close_2023_7,2023-07-20,proxy_market_lsa,51,proxy_market_lsa|lambda=0.01|scaling=column_standardized,proxy_market_lsa|lambda=10|scaling=column_standardized,proxy_market_lsa|lambda=0.1|scaling=column_standardized
7,decision_close_2023_7,2023-07-20,history_transformer,51,history_transformer|lambda=0.001|scaling=fixed,history_transformer|lambda=0.1|scaling=fixed,history_transformer|lambda=1|scaling=fixed
8,decision_close_2023_8,2023-08-24,history,52,history|lambda=0.001|scaling=fixed,history|lambda=1|scaling=fixed,history|lambda=0.01|scaling=fixed
8,decision_close_2023_8,2023-08-24,history_tfidf,52,history_tfidf|lambda=1|scaling=column_standardized,history_tfidf|lambda=0.001|scaling=column_standardized,history_tfidf|lambda=10|scaling=column_standardized
8,decision_close_2023_8,2023-08-24,history_lsa,52,history_lsa|lambda=0.001|scaling=column_standardized,history_lsa|lambda=1|scaling=row_only,history_lsa|lambda=0.1|scaling=column_standardized
8,decision_close_2023_8,2023-08-24,history_qwen_all,52,history_qwen_all|lambda=0.001|scaling=fixed,history_qwen_all|lambda=1|scaling=fixed,history_qwen_all|lambda=0.1|scaling=fixed
8,decision_close_2023_8,2023-08-24,history_qwen_inflation,52,history_qwen_inflation|lambda=0.01|scaling=fixed,history_qwen_inflation|lambda=1|scaling=fixed,history_qwen_inflation|lambda=0.01|scaling=fixed
8,decision_close_2023_8,2023-08-24,history_qwen_demand,52,history_qwen_demand|lambda=0.001|scaling=fixed,history_qwen_demand|lambda=1|scaling=fixed,history_qwen_demand|lambda=0.1|scaling=fixed
8,decision_close_2023_8,2023-08-24,history_qwen_forward,52,history_qwen_forward|lambda=0.001|scaling=fixed,history_qwen_forward|lambda=1|scaling=fixed,history_qwen_forward|lambda=0.1|scaling=fixed
8,decision_close_2023_8,2023-08-24,history_qwen_scores_only,52,history_qwen_scores_only|lambda=0.001|scaling=fixed,history_qwen_scores_only|lambda=1|scaling=fixed,history_qwen_scores_only|lambda=0.1|scaling=fixed
8,decision_close_2023_8,2023-08-24,history_qwen_missing_only,52,history_qwen_missing_only|lambda=0.001|scaling=fixed,history_qwen_missing_only|lambda=1|scaling=fixed,history_qwen_missing_only|lambda=0.01|scaling=fixed
8,decision_close_2023_8,2023-08-24,proxy_market,52,proxy_market|lambda=0.01|scaling=fixed,proxy_market|lambda=1|scaling=fixed,proxy_market|lambda=0.1|scaling=fixed
8,decision_close_2023_8,2023-08-24,proxy_market_lsa,52,proxy_market_lsa|lambda=0.01|scaling=column_standardized,proxy_market_lsa|lambda=1|scaling=row_only,proxy_market_lsa|lambda=0.1|scaling=column_standardized
8,decision_close_2023_8,2023-08-24,history_transformer,52,history_transformer|lambda=0.001|scaling=fixed,history_transformer|lambda=0.001|scaling=fixed,history_transformer|lambda=1|scaling=fixed
9,decision_close_2023_9,2023-09-21,history,53,history|lambda=0.001|scaling=fixed,history|lambda=1|scaling=fixed,history|lambda=0.01|scaling=fixed
9,decision_close_2023_9,2023-09-21,history_tfidf,53,history_tfidf|lambda=1|scaling=column_standardized,history_tfidf|lambda=1|scaling=column_standardized,history_tfidf|lambda=1|scaling=column_standardized
9,decision_close_2023_9,2023-09-21,history_lsa,53,history_lsa|lambda=0.01|scaling=row_only,history_lsa|lambda=1|scaling=row_only,history_lsa|lambda=0.1|scaling=column_standardized
9,decision_close_2023_9,2023-09-21,history_qwen_all,53,history_qwen_all|lambda=0.01|scaling=fixed,history_qwen_all|lambda=1|scaling=fixed,history_qwen_all|lambda=0.1|scaling=fixed
9,decision_close_2023_9,2023-09-21,history_qwen_inflation,53,history_qwen_inflation|lambda=0.01|scaling=fixed,history_qwen_inflation|lambda=1|scaling=fixed,history_qwen_inflation|lambda=0.01|scaling=fixed
9,decision_close_2023_9,2023-09-21,history_qwen_demand,53,history_qwen_demand|lambda=0.001|scaling=fixed,history_qwen_demand|lambda=1|scaling=fixed,history_qwen_demand|lambda=0.1|scaling=fixed
9,decision_close_2023_9,2023-09-21,history_qwen_forward,53,history_qwen_forward|lambda=0.01|scaling=fixed,history_qwen_forward|lambda=1|scaling=fixed,history_qwen_forward|lambda=0.1|scaling=fixed
9,decision_close_2023_9,2023-09-21,history_qwen_scores_only,53,history_qwen_scores_only|lambda=0.001|scaling=fixed,history_qwen_scores_only|lambda=1|scaling=fixed,history_qwen_scores_only|lambda=0.1|scaling=fixed
9,decision_close_2023_9,2023-09-21,history_qwen_missing_only,53,history_qwen_missing_only|lambda=0.001|scaling=fixed,history_qwen_missing_only|lambda=1|scaling=fixed,history_qwen_missing_only|lambda=0.01|scaling=fixed
9,decision_close_2023_9,2023-09-21,proxy_market,53,proxy_market|lambda=0.01|scaling=fixed,proxy_market|lambda=1|scaling=fixed,proxy_market|lambda=0.1|scaling=fixed
9,decision_close_2023_9,2023-09-21,proxy_market_lsa,53,proxy_market_lsa|lambda=0.01|scaling=column_standardized,proxy_market_lsa|lambda=1|scaling=row_only,proxy_market_lsa|lambda=0.1|scaling=column_standardized
9,decision_close_2023_9,2023-09-21,history_transformer,53,history_transformer|lambda=0.001|scaling=fixed,history_transformer|lambda=0.001|scaling=fixed,history_transformer|lambda=1|scaling=fixed
10,decision_close_2023_10,2023-10-26,history,54,history|lambda=0.001|scaling=fixed,history|lambda=1|scaling=fixed,history|lambda=0.01|scaling=fixed
10,decision_close_2023_10,2023-10-26,history_tfidf,54,history_tfidf|lambda=1|scaling=column_standardized,history_tfidf|lambda=1|scaling=column_standardized,history_tfidf|lambda=1|scaling=column_standardized
10,decision_close_2023_10,2023-10-26,history_lsa,54,history_lsa|lambda=0.01|scaling=row_only,history_lsa|lambda=1|scaling=row_only,history_lsa|lambda=0.1|scaling=column_standardized
10,decision_close_2023_10,2023-10-26,history_qwen_all,54,history_qwen_all|lambda=0.01|scaling=fixed,history_qwen_all|lambda=1|scaling=fixed,history_qwen_all|lambda=0.1|scaling=fixed
10,decision_close_2023_10,2023-10-26,history_qwen_inflation,54,history_qwen_inflation|lambda=0.01|scaling=fixed,history_qwen_inflation|lambda=1|scaling=fixed,history_qwen_inflation|lambda=0.01|scaling=fixed
10,decision_close_2023_10,2023-10-26,history_qwen_demand,54,history_qwen_demand|lambda=0.001|scaling=fixed,history_qwen_demand|lambda=1|scaling=fixed,history_qwen_demand|lambda=0.1|scaling=fixed
10,decision_close_2023_10,2023-10-26,history_qwen_forward,54,history_qwen_forward|lambda=0.01|scaling=fixed,history_qwen_forward|lambda=1|scaling=fixed,history_qwen_forward|lambda=0.1|scaling=fixed
10,decision_close_2023_10,2023-10-26,history_qwen_scores_only,54,history_qwen_scores_only|lambda=0.001|scaling=fixed,history_qwen_scores_only|lambda=1|scaling=fixed,history_qwen_scores_only|lambda=0.1|scaling=fixed
10,decision_close_2023_10,2023-10-26,history_qwen_missing_only,54,history_qwen_missing_only|lambda=0.001|scaling=fixed,history_qwen_missing_only|lambda=1|scaling=fixed,history_qwen_missing_only|lambda=0.01|scaling=fixed
10,decision_close_2023_10,2023-10-26,proxy_market,54,proxy_market|lambda=0.1|scaling=fixed,proxy_market|lambda=1|scaling=fixed,proxy_market|lambda=0.1|scaling=fixed
10,decision_close_2023_10,2023-10-26,proxy_market_lsa,54,proxy_market_lsa|lambda=0.01|scaling=column_standardized,proxy_market_lsa|lambda=1|scaling=row_only,proxy_market_lsa|lambda=0.1|scaling=column_standardized
10,decision_close_2023_10,2023-10-26,history_transformer,54,history_transformer|lambda=0.001|scaling=fixed,history_transformer|lambda=0.001|scaling=fixed,history_transformer|lambda=1|scaling=fixed
11,decision_close_2023_11,2023-11-23,history,55,history|lambda=0.001|scaling=fixed,history|lambda=1|scaling=fixed,history|lambda=0.01|scaling=fixed
11,decision_close_2023_11,2023-11-23,history_tfidf,55,history_tfidf|lambda=1|scaling=column_standardized,history_tfidf|lambda=1|scaling=column_standardized,history_tfidf|lambda=1|scaling=column_standardized
11,decision_close_2023_11,2023-11-23,history_lsa,55,history_lsa|lambda=0.01|scaling=row_only,history_lsa|lambda=1|scaling=row_only,history_lsa|lambda=0.1|scaling=column_standardized
11,decision_close_2023_11,2023-11-23,history_qwen_all,55,history_qwen_all|lambda=0.01|scaling=fixed,history_qwen_all|lambda=1|scaling=fixed,history_qwen_all|lambda=0.1|scaling=fixed
11,decision_close_2023_11,2023-11-23,history_qwen_inflation,55,history_qwen_inflation|lambda=0.01|scaling=fixed,history_qwen_inflation|lambda=1|scaling=fixed,history_qwen_inflation|lambda=0.01|scaling=fixed
11,decision_close_2023_11,2023-11-23,history_qwen_demand,55,history_qwen_demand|lambda=0.001|scaling=fixed,history_qwen_demand|lambda=1|scaling=fixed,history_qwen_demand|lambda=0.1|scaling=fixed
11,decision_close_2023_11,2023-11-23,history_qwen_forward,55,history_qwen_forward|lambda=0.01|scaling=fixed,history_qwen_forward|lambda=1|scaling=fixed,history_qwen_forward|lambda=0.1|scaling=fixed
11,decision_close_2023_11,2023-11-23,history_qwen_scores_only,55,history_qwen_scores_only|lambda=0.001|scaling=fixed,history_qwen_scores_only|lambda=1|scaling=fixed,history_qwen_scores_only|lambda=0.1|scaling=fixed
11,decision_close_2023_11,2023-11-23,history_qwen_missing_only,55,history_qwen_missing_only|lambda=0.001|scaling=fixed,history_qwen_missing_only|lambda=1|scaling=fixed,history_qwen_missing_only|lambda=0.01|scaling=fixed
11,decision_close_2023_11,2023-11-23,proxy_market,55,proxy_market|lambda=0.1|scaling=fixed,proxy_market|lambda=1|scaling=fixed,proxy_market|lambda=0.1|scaling=fixed
11,decision_close_2023_11,2023-11-23,proxy_market_lsa,55,proxy_market_lsa|lambda=0.01|scaling=column_standardized,proxy_market_lsa|lambda=1|scaling=column_standardized,proxy_market_lsa|lambda=0.1|scaling=column_standardized
11,decision_close_2023_11,2023-11-23,history_transformer,55,history_transformer|lambda=0.001|scaling=fixed,history_transformer|lambda=0.1|scaling=fixed,history_transformer|lambda=1|scaling=fixed
12,decision_close_2023_12,2023-12-21,history,56,history|lambda=0.001|scaling=fixed,history|lambda=1|scaling=fixed,history|lambda=0.01|scaling=fixed
12,decision_close_2023_12,2023-12-21,history_tfidf,56,history_tfidf|lambda=1|scaling=column_standardized,history_tfidf|lambda=1|scaling=column_standardized,history_tfidf|lambda=1|scaling=column_standardized
12,decision_close_2023_12,2023-12-21,history_lsa,56,history_lsa|lambda=0.01|scaling=row_only,history_lsa|lambda=1|scaling=row_only,history_lsa|lambda=0.1|scaling=column_standardized
12,decision_close_2023_12,2023-12-21,history_qwen_all,56,history_qwen_all|lambda=0.01|scaling=fixed,history_qwen_all|lambda=1|scaling=fixed,history_qwen_all|lambda=0.1|scaling=fixed
12,decision_close_2023_12,2023-12-21,history_qwen_inflation,56,history_qwen_inflation|lambda=0.01|scaling=fixed,history_qwen_inflation|lambda=1|scaling=fixed,history_qwen_inflation|lambda=0.01|scaling=fixed
12,decision_close_2023_12,2023-12-21,history_qwen_demand,56,history_qwen_demand|lambda=0.001|scaling=fixed,history_qwen_demand|lambda=1|scaling=fixed,history_qwen_demand|lambda=0.1|scaling=fixed
12,decision_close_2023_12,2023-12-21,history_qwen_forward,56,history_qwen_forward|lambda=0.01|scaling=fixed,history_qwen_forward|lambda=1|scaling=fixed,history_qwen_forward|lambda=0.1|scaling=fixed
12,decision_close_2023_12,2023-12-21,history_qwen_scores_only,56,history_qwen_scores_only|lambda=0.001|scaling=fixed,history_qwen_scores_only|lambda=1|scaling=fixed,history_qwen_scores_only|lambda=0.1|scaling=fixed
12,decision_close_2023_12,2023-12-21,history_qwen_missing_only,56,history_qwen_missing_only|lambda=0.001|scaling=fixed,history_qwen_missing_only|lambda=1|scaling=fixed,history_qwen_missing_only|lambda=0.01|scaling=fixed
12,decision_close_2023_12,2023-12-21,proxy_market,56,proxy_market|lambda=0.1|scaling=fixed,proxy_market|lambda=1|scaling=fixed,proxy_market|lambda=0.1|scaling=fixed
12,decision_close_2023_12,2023-12-21,proxy_market_lsa,56,proxy_market_lsa|lambda=0.01|scaling=column_standardized,proxy_market_lsa|lambda=1|scaling=column_standardized,proxy_market_lsa|lambda=0.1|scaling=column_standardized
12,decision_close_2023_12,2023-12-21,history_transformer,56,history_transformer|lambda=0.001|scaling=fixed,history_transformer|lambda=0.01|scaling=fixed,history_transformer|lambda=1|scaling=fixed
13,decision_close_2024_1,2024-01-25,history,57,history|lambda=0.001|scaling=fixed,history|lambda=1|scaling=fixed,history|lambda=0.01|scaling=fixed
13,decision_close_2024_1,2024-01-25,history_tfidf,57,history_tfidf|lambda=1|scaling=column_standardized,history_tfidf|lambda=1|scaling=column_standardized,history_tfidf|lambda=1|scaling=column_standardized
13,decision_close_2024_1,2024-01-25,history_lsa,57,history_lsa|lambda=0.01|scaling=row_only,history_lsa|lambda=1|scaling=row_only,history_lsa|lambda=0.1|scaling=column_standardized
13,decision_close_2024_1,2024-01-25,history_qwen_all,57,history_qwen_all|lambda=0.01|scaling=fixed,history_qwen_all|lambda=1|scaling=fixed,history_qwen_all|lambda=0.1|scaling=fixed
13,decision_close_2024_1,2024-01-25,history_qwen_inflation,57,history_qwen_inflation|lambda=0.01|scaling=fixed,history_qwen_inflation|lambda=1|scaling=fixed,history_qwen_inflation|lambda=0.01|scaling=fixed
13,decision_close_2024_1,2024-01-25,history_qwen_demand,57,history_qwen_demand|lambda=0.001|scaling=fixed,history_qwen_demand|lambda=1|scaling=fixed,history_qwen_demand|lambda=0.1|scaling=fixed
13,decision_close_2024_1,2024-01-25,history_qwen_forward,57,history_qwen_forward|lambda=0.01|scaling=fixed,history_qwen_forward|lambda=1|scaling=fixed,history_qwen_forward|lambda=0.1|scaling=fixed
13,decision_close_2024_1,2024-01-25,history_qwen_scores_only,57,history_qwen_scores_only|lambda=0.001|scaling=fixed,history_qwen_scores_only|lambda=1|scaling=fixed,history_qwen_scores_only|lambda=0.1|scaling=fixed
13,decision_close_2024_1,2024-01-25,history_qwen_missing_only,57,history_qwen_missing_only|lambda=0.001|scaling=fixed,history_qwen_missing_only|lambda=1|scaling=fixed,history_qwen_missing_only|lambda=0.01|scaling=fixed
13,decision_close_2024_1,2024-01-25,proxy_market,57,proxy_market|lambda=0.1|scaling=fixed,proxy_market|lambda=1|scaling=fixed,proxy_market|lambda=0.1|scaling=fixed
13,decision_close_2024_1,2024-01-25,proxy_market_lsa,57,proxy_market_lsa|lambda=0.01|scaling=column_standardized,proxy_market_lsa|lambda=1|scaling=row_only,proxy_market_lsa|lambda=0.1|scaling=column_standardized
13,decision_close_2024_1,2024-01-25,history_transformer,57,history_transformer|lambda=0.001|scaling=fixed,history_transformer|lambda=0.1|scaling=fixed,history_transformer|lambda=1|scaling=fixed
14,decision_close_2024_2,2024-02-22,history,58,history|lambda=0.001|scaling=fixed,history|lambda=1|scaling=fixed,history|lambda=0.01|scaling=fixed
14,decision_close_2024_2,2024-02-22,history_tfidf,58,history_tfidf|lambda=1|scaling=column_standardized,history_tfidf|lambda=1|scaling=column_standardized,history_tfidf|lambda=0.01|scaling=row_only
14,decision_close_2024_2,2024-02-22,history_lsa,58,history_lsa|lambda=0.01|scaling=row_only,history_lsa|lambda=1|scaling=row_only,history_lsa|lambda=0.1|scaling=column_standardized
14,decision_close_2024_2,2024-02-22,history_qwen_all,58,history_qwen_all|lambda=0.01|scaling=fixed,history_qwen_all|lambda=1|scaling=fixed,history_qwen_all|lambda=0.1|scaling=fixed
14,decision_close_2024_2,2024-02-22,history_qwen_inflation,58,history_qwen_inflation|lambda=0.01|scaling=fixed,history_qwen_inflation|lambda=1|scaling=fixed,history_qwen_inflation|lambda=0.01|scaling=fixed
14,decision_close_2024_2,2024-02-22,history_qwen_demand,58,history_qwen_demand|lambda=0.001|scaling=fixed,history_qwen_demand|lambda=1|scaling=fixed,history_qwen_demand|lambda=0.1|scaling=fixed
14,decision_close_2024_2,2024-02-22,history_qwen_forward,58,history_qwen_forward|lambda=0.001|scaling=fixed,history_qwen_forward|lambda=1|scaling=fixed,history_qwen_forward|lambda=0.1|scaling=fixed
14,decision_close_2024_2,2024-02-22,history_qwen_scores_only,58,history_qwen_scores_only|lambda=0.001|scaling=fixed,history_qwen_scores_only|lambda=1|scaling=fixed,history_qwen_scores_only|lambda=0.1|scaling=fixed
14,decision_close_2024_2,2024-02-22,history_qwen_missing_only,58,history_qwen_missing_only|lambda=0.001|scaling=fixed,history_qwen_missing_only|lambda=1|scaling=fixed,history_qwen_missing_only|lambda=0.01|scaling=fixed
14,decision_close_2024_2,2024-02-22,proxy_market,58,proxy_market|lambda=0.1|scaling=fixed,proxy_market|lambda=1|scaling=fixed,proxy_market|lambda=0.1|scaling=fixed
14,decision_close_2024_2,2024-02-22,proxy_market_lsa,58,proxy_market_lsa|lambda=0.01|scaling=column_standardized,proxy_market_lsa|lambda=1|scaling=row_only,proxy_market_lsa|lambda=0.1|scaling=column_standardized
14,decision_close_2024_2,2024-02-22,history_transformer,58,history_transformer|lambda=0.001|scaling=fixed,history_transformer|lambda=0.001|scaling=fixed,history_transformer|lambda=1|scaling=fixed
15,decision_close_2024_3,2024-03-21,history,59,history|lambda=0.001|scaling=fixed,history|lambda=1|scaling=fixed,history|lambda=0.01|scaling=fixed
15,decision_close_2024_3,2024-03-21,history_tfidf,59,history_tfidf|lambda=1|scaling=column_standardized,history_tfidf|lambda=1|scaling=column_standardized,history_tfidf|lambda=0.01|scaling=row_only
15,decision_close_2024_3,2024-03-21,history_lsa,59,history_lsa|lambda=0.01|scaling=row_only,history_lsa|lambda=1|scaling=row_only,history_lsa|lambda=0.1|scaling=column_standardized
15,decision_close_2024_3,2024-03-21,history_qwen_all,59,history_qwen_all|lambda=0.01|scaling=fixed,history_qwen_all|lambda=1|scaling=fixed,history_qwen_all|lambda=0.1|scaling=fixed
15,decision_close_2024_3,2024-03-21,history_qwen_inflation,59,history_qwen_inflation|lambda=0.01|scaling=fixed,history_qwen_inflation|lambda=1|scaling=fixed,history_qwen_inflation|lambda=0.01|scaling=fixed
15,decision_close_2024_3,2024-03-21,history_qwen_demand,59,history_qwen_demand|lambda=0.001|scaling=fixed,history_qwen_demand|lambda=1|scaling=fixed,history_qwen_demand|lambda=0.1|scaling=fixed
15,decision_close_2024_3,2024-03-21,history_qwen_forward,59,history_qwen_forward|lambda=0.001|scaling=fixed,history_qwen_forward|lambda=1|scaling=fixed,history_qwen_forward|lambda=0.1|scaling=fixed
15,decision_close_2024_3,2024-03-21,history_qwen_scores_only,59,history_qwen_scores_only|lambda=0.001|scaling=fixed,history_qwen_scores_only|lambda=1|scaling=fixed,history_qwen_scores_only|lambda=0.1|scaling=fixed
15,decision_close_2024_3,2024-03-21,history_qwen_missing_only,59,history_qwen_missing_only|lambda=0.001|scaling=fixed,history_qwen_missing_only|lambda=1|scaling=fixed,history_qwen_missing_only|lambda=0.01|scaling=fixed
15,decision_close_2024_3,2024-03-21,proxy_market,59,proxy_market|lambda=0.1|scaling=fixed,proxy_market|lambda=1|scaling=fixed,proxy_market|lambda=0.1|scaling=fixed
15,decision_close_2024_3,2024-03-21,proxy_market_lsa,59,proxy_market_lsa|lambda=0.01|scaling=column_standardized,proxy_market_lsa|lambda=1|scaling=row_only,proxy_market_lsa|lambda=0.1|scaling=column_standardized
15,decision_close_2024_3,2024-03-21,history_transformer,59,history_transformer|lambda=0.001|scaling=fixed,history_transformer|lambda=0.001|scaling=fixed,history_transformer|lambda=1|scaling=fixed
16,decision_close_2024_4,2024-04-25,history,60,history|lambda=0.001|scaling=fixed,history|lambda=1|scaling=fixed,history|lambda=0.01|scaling=fixed
16,decision_close_2024_4,2024-04-25,history_tfidf,60,history_tfidf|lambda=1|scaling=column_standardized,history_tfidf|lambda=1|scaling=column_standardized,history_tfidf|lambda=10|scaling=column_standardized
16,decision_close_2024_4,2024-04-25,history_lsa,60,history_lsa|lambda=0.01|scaling=row_only,history_lsa|lambda=1|scaling=row_only,history_lsa|lambda=0.1|scaling=column_standardized
16,decision_close_2024_4,2024-04-25,history_qwen_all,60,history_qwen_all|lambda=0.001|scaling=fixed,history_qwen_all|lambda=1|scaling=fixed,history_qwen_all|lambda=0.1|scaling=fixed
16,decision_close_2024_4,2024-04-25,history_qwen_inflation,60,history_qwen_inflation|lambda=0.01|scaling=fixed,history_qwen_inflation|lambda=1|scaling=fixed,history_qwen_inflation|lambda=0.01|scaling=fixed
16,decision_close_2024_4,2024-04-25,history_qwen_demand,60,history_qwen_demand|lambda=0.001|scaling=fixed,history_qwen_demand|lambda=1|scaling=fixed,history_qwen_demand|lambda=0.1|scaling=fixed
16,decision_close_2024_4,2024-04-25,history_qwen_forward,60,history_qwen_forward|lambda=0.001|scaling=fixed,history_qwen_forward|lambda=1|scaling=fixed,history_qwen_forward|lambda=0.1|scaling=fixed
16,decision_close_2024_4,2024-04-25,history_qwen_scores_only,60,history_qwen_scores_only|lambda=0.001|scaling=fixed,history_qwen_scores_only|lambda=1|scaling=fixed,history_qwen_scores_only|lambda=0.1|scaling=fixed
16,decision_close_2024_4,2024-04-25,history_qwen_missing_only,60,history_qwen_missing_only|lambda=0.001|scaling=fixed,history_qwen_missing_only|lambda=1|scaling=fixed,history_qwen_missing_only|lambda=0.1|scaling=fixed
16,decision_close_2024_4,2024-04-25,proxy_market,60,proxy_market|lambda=0.1|scaling=fixed,proxy_market|lambda=1|scaling=fixed,proxy_market|lambda=0.1|scaling=fixed
16,decision_close_2024_4,2024-04-25,proxy_market_lsa,60,proxy_market_lsa|lambda=0.01|scaling=column_standardized,proxy_market_lsa|lambda=1|scaling=row_only,proxy_market_lsa|lambda=0.1|scaling=column_standardized
16,decision_close_2024_4,2024-04-25,history_transformer,60,history_transformer|lambda=0.001|scaling=fixed,history_transformer|lambda=0.001|scaling=fixed,history_transformer|lambda=1|scaling=fixed
17,decision_close_2024_5,2024-05-23,history,61,history|lambda=0.001|scaling=fixed,history|lambda=1|scaling=fixed,history|lambda=0.01|scaling=fixed
17,decision_close_2024_5,2024-05-23,history_tfidf,61,history_tfidf|lambda=1|scaling=column_standardized,history_tfidf|lambda=1|scaling=column_standardized,history_tfidf|lambda=10|scaling=column_standardized
17,decision_close_2024_5,2024-05-23,history_lsa,61,history_lsa|lambda=0.01|scaling=row_only,history_lsa|lambda=1|scaling=row_only,history_lsa|lambda=0.1|scaling=column_standardized
17,decision_close_2024_5,2024-05-23,history_qwen_all,61,history_qwen_all|lambda=0.01|scaling=fixed,history_qwen_all|lambda=1|scaling=fixed,history_qwen_all|lambda=0.1|scaling=fixed
17,decision_close_2024_5,2024-05-23,history_qwen_inflation,61,history_qwen_inflation|lambda=0.01|scaling=fixed,history_qwen_inflation|lambda=1|scaling=fixed,history_qwen_inflation|lambda=0.01|scaling=fixed
17,decision_close_2024_5,2024-05-23,history_qwen_demand,61,history_qwen_demand|lambda=0.001|scaling=fixed,history_qwen_demand|lambda=1|scaling=fixed,history_qwen_demand|lambda=0.1|scaling=fixed
17,decision_close_2024_5,2024-05-23,history_qwen_forward,61,history_qwen_forward|lambda=0.01|scaling=fixed,history_qwen_forward|lambda=1|scaling=fixed,history_qwen_forward|lambda=0.1|scaling=fixed
17,decision_close_2024_5,2024-05-23,history_qwen_scores_only,61,history_qwen_scores_only|lambda=0.001|scaling=fixed,history_qwen_scores_only|lambda=1|scaling=fixed,history_qwen_scores_only|lambda=0.1|scaling=fixed
17,decision_close_2024_5,2024-05-23,history_qwen_missing_only,61,history_qwen_missing_only|lambda=0.001|scaling=fixed,history_qwen_missing_only|lambda=1|scaling=fixed,history_qwen_missing_only|lambda=0.01|scaling=fixed
17,decision_close_2024_5,2024-05-23,proxy_market,61,proxy_market|lambda=0.1|scaling=fixed,proxy_market|lambda=1|scaling=fixed,proxy_market|lambda=0.1|scaling=fixed
17,decision_close_2024_5,2024-05-23,proxy_market_lsa,61,proxy_market_lsa|lambda=0.01|scaling=column_standardized,proxy_market_lsa|lambda=1|scaling=row_only,proxy_market_lsa|lambda=0.1|scaling=column_standardized
17,decision_close_2024_5,2024-05-23,history_transformer,61,history_transformer|lambda=0.001|scaling=fixed,history_transformer|lambda=0.01|scaling=fixed,history_transformer|lambda=1|scaling=fixed
18,decision_close_2024_6,2024-06-27,history,62,history|lambda=0.001|scaling=fixed,history|lambda=1|scaling=fixed,history|lambda=0.01|scaling=fixed
18,decision_close_2024_6,2024-06-27,history_tfidf,62,history_tfidf|lambda=1|scaling=column_standardized,history_tfidf|lambda=1|scaling=column_standardized,history_tfidf|lambda=10|scaling=column_standardized
18,decision_close_2024_6,2024-06-27,history_lsa,62,history_lsa|lambda=0.01|scaling=row_only,history_lsa|lambda=1|scaling=row_only,history_lsa|lambda=0.1|scaling=column_standardized
18,decision_close_2024_6,2024-06-27,history_qwen_all,62,history_qwen_all|lambda=0.01|scaling=fixed,history_qwen_all|lambda=1|scaling=fixed,history_qwen_all|lambda=0.1|scaling=fixed
18,decision_close_2024_6,2024-06-27,history_qwen_inflation,62,history_qwen_inflation|lambda=0.01|scaling=fixed,history_qwen_inflation|lambda=1|scaling=fixed,history_qwen_inflation|lambda=0.01|scaling=fixed
18,decision_close_2024_6,2024-06-27,history_qwen_demand,62,history_qwen_demand|lambda=0.001|scaling=fixed,history_qwen_demand|lambda=0.1|scaling=fixed,history_qwen_demand|lambda=0.1|scaling=fixed
18,decision_close_2024_6,2024-06-27,history_qwen_forward,62,history_qwen_forward|lambda=0.01|scaling=fixed,history_qwen_forward|lambda=1|scaling=fixed,history_qwen_forward|lambda=0.1|scaling=fixed
18,decision_close_2024_6,2024-06-27,history_qwen_scores_only,62,history_qwen_scores_only|lambda=0.001|scaling=fixed,history_qwen_scores_only|lambda=1|scaling=fixed,history_qwen_scores_only|lambda=0.1|scaling=fixed
18,decision_close_2024_6,2024-06-27,history_qwen_missing_only,62,history_qwen_missing_only|lambda=0.001|scaling=fixed,history_qwen_missing_only|lambda=1|scaling=fixed,history_qwen_missing_only|lambda=0.1|scaling=fixed
18,decision_close_2024_6,2024-06-27,proxy_market,62,proxy_market|lambda=0.1|scaling=fixed,proxy_market|lambda=1|scaling=fixed,proxy_market|lambda=0.1|scaling=fixed
18,decision_close_2024_6,2024-06-27,proxy_market_lsa,62,proxy_market_lsa|lambda=0.01|scaling=column_standardized,proxy_market_lsa|lambda=1|scaling=row_only,proxy_market_lsa|lambda=0.1|scaling=column_standardized
18,decision_close_2024_6,2024-06-27,history_transformer,62,history_transformer|lambda=0.001|scaling=fixed,history_transformer|lambda=0.1|scaling=fixed,history_transformer|lambda=1|scaling=fixed
19,decision_close_2024_7,2024-07-23,history,63,history|lambda=0.001|scaling=fixed,history|lambda=1|scaling=fixed,history|lambda=0.01|scaling=fixed
19,decision_close_2024_7,2024-07-23,history_tfidf,63,history_tfidf|lambda=1|scaling=column_standardized,history_tfidf|lambda=1|scaling=column_standardized,history_tfidf|lambda=1|scaling=column_standardized
19,decision_close_2024_7,2024-07-23,history_lsa,63,history_lsa|lambda=0.01|scaling=row_only,history_lsa|lambda=1|scaling=row_only,history_lsa|lambda=0.1|scaling=column_standardized
19,decision_close_2024_7,2024-07-23,history_qwen_all,63,history_qwen_all|lambda=0.1|scaling=fixed,history_qwen_all|lambda=1|scaling=fixed,history_qwen_all|lambda=0.1|scaling=fixed
19,decision_close_2024_7,2024-07-23,history_qwen_inflation,63,history_qwen_inflation|lambda=0.01|scaling=fixed,history_qwen_inflation|lambda=1|scaling=fixed,history_qwen_inflation|lambda=0.1|scaling=fixed
19,decision_close_2024_7,2024-07-23,history_qwen_demand,63,history_qwen_demand|lambda=0.001|scaling=fixed,history_qwen_demand|lambda=1|scaling=fixed,history_qwen_demand|lambda=0.1|scaling=fixed
19,decision_close_2024_7,2024-07-23,history_qwen_forward,63,history_qwen_forward|lambda=0.01|scaling=fixed,history_qwen_forward|lambda=1|scaling=fixed,history_qwen_forward|lambda=0.1|scaling=fixed
19,decision_close_2024_7,2024-07-23,history_qwen_scores_only,63,history_qwen_scores_only|lambda=0.001|scaling=fixed,history_qwen_scores_only|lambda=1|scaling=fixed,history_qwen_scores_only|lambda=0.1|scaling=fixed
19,decision_close_2024_7,2024-07-23,history_qwen_missing_only,63,history_qwen_missing_only|lambda=0.001|scaling=fixed,history_qwen_missing_only|lambda=1|scaling=fixed,history_qwen_missing_only|lambda=0.1|scaling=fixed
19,decision_close_2024_7,2024-07-23,proxy_market,63,proxy_market|lambda=0.1|scaling=fixed,proxy_market|lambda=1|scaling=fixed,proxy_market|lambda=0.1|scaling=fixed
19,decision_close_2024_7,2024-07-23,proxy_market_lsa,63,proxy_market_lsa|lambda=0.01|scaling=column_standardized,proxy_market_lsa|lambda=1|scaling=row_only,proxy_market_lsa|lambda=0.1|scaling=column_standardized
19,decision_close_2024_7,2024-07-23,history_transformer,63,history_transformer|lambda=0.001|scaling=fixed,history_transformer|lambda=0.1|scaling=fixed,history_transformer|lambda=1|scaling=fixed
20,decision_close_2024_8,2024-08-20,history,64,history|lambda=0.001|scaling=fixed,history|lambda=1|scaling=fixed,history|lambda=0.1|scaling=fixed
20,decision_close_2024_8,2024-08-20,history_tfidf,64,history_tfidf|lambda=1|scaling=column_standardized,history_tfidf|lambda=0.001|scaling=column_standardized,history_tfidf|lambda=1|scaling=column_standardized
20,decision_close_2024_8,2024-08-20,history_lsa,64,history_lsa|lambda=0.01|scaling=row_only,history_lsa|lambda=1|scaling=row_only,history_lsa|lambda=0.1|scaling=column_standardized
20,decision_close_2024_8,2024-08-20,history_qwen_all,64,history_qwen_all|lambda=0.1|scaling=fixed,history_qwen_all|lambda=1|scaling=fixed,history_qwen_all|lambda=0.1|scaling=fixed
20,decision_close_2024_8,2024-08-20,history_qwen_inflation,64,history_qwen_inflation|lambda=0.01|scaling=fixed,history_qwen_inflation|lambda=1|scaling=fixed,history_qwen_inflation|lambda=0.1|scaling=fixed
20,decision_close_2024_8,2024-08-20,history_qwen_demand,64,history_qwen_demand|lambda=0.001|scaling=fixed,history_qwen_demand|lambda=1|scaling=fixed,history_qwen_demand|lambda=0.1|scaling=fixed
20,decision_close_2024_8,2024-08-20,history_qwen_forward,64,history_qwen_forward|lambda=0.01|scaling=fixed,history_qwen_forward|lambda=1|scaling=fixed,history_qwen_forward|lambda=0.1|scaling=fixed
20,decision_close_2024_8,2024-08-20,history_qwen_scores_only,64,history_qwen_scores_only|lambda=0.001|scaling=fixed,history_qwen_scores_only|lambda=1|scaling=fixed,history_qwen_scores_only|lambda=0.1|scaling=fixed
20,decision_close_2024_8,2024-08-20,history_qwen_missing_only,64,history_qwen_missing_only|lambda=0.001|scaling=fixed,history_qwen_missing_only|lambda=1|scaling=fixed,history_qwen_missing_only|lambda=0.1|scaling=fixed
20,decision_close_2024_8,2024-08-20,proxy_market,64,proxy_market|lambda=0.1|scaling=fixed,proxy_market|lambda=1|scaling=fixed,proxy_market|lambda=0.1|scaling=fixed
20,decision_close_2024_8,2024-08-20,proxy_market_lsa,64,proxy_market_lsa|lambda=0.01|scaling=column_standardized,proxy_market_lsa|lambda=1|scaling=row_only,proxy_market_lsa|lambda=0.1|scaling=column_standardized
20,decision_close_2024_8,2024-08-20,history_transformer,64,history_transformer|lambda=0.001|scaling=fixed,history_transformer|lambda=0.1|scaling=fixed,history_transformer|lambda=1|scaling=fixed
21,decision_close_2024_9,2024-09-19,history,65,history|lambda=0.001|scaling=fixed,history|lambda=1|scaling=fixed,history|lambda=0.01|scaling=fixed
21,decision_close_2024_9,2024-09-19,history_tfidf,65,history_tfidf|lambda=1|scaling=column_standardized,history_tfidf|lambda=0.001|scaling=column_standardized,history_tfidf|lambda=1|scaling=column_standardized
21,decision_close_2024_9,2024-09-19,history_lsa,65,history_lsa|lambda=0.01|scaling=row_only,history_lsa|lambda=1|scaling=row_only,history_lsa|lambda=0.1|scaling=column_standardized
21,decision_close_2024_9,2024-09-19,history_qwen_all,65,history_qwen_all|lambda=0.1|scaling=fixed,history_qwen_all|lambda=1|scaling=fixed,history_qwen_all|lambda=0.1|scaling=fixed
21,decision_close_2024_9,2024-09-19,history_qwen_inflation,65,history_qwen_inflation|lambda=0.01|scaling=fixed,history_qwen_inflation|lambda=1|scaling=fixed,history_qwen_inflation|lambda=0.1|scaling=fixed
21,decision_close_2024_9,2024-09-19,history_qwen_demand,65,history_qwen_demand|lambda=0.001|scaling=fixed,history_qwen_demand|lambda=1|scaling=fixed,history_qwen_demand|lambda=0.1|scaling=fixed
21,decision_close_2024_9,2024-09-19,history_qwen_forward,65,history_qwen_forward|lambda=0.01|scaling=fixed,history_qwen_forward|lambda=1|scaling=fixed,history_qwen_forward|lambda=0.1|scaling=fixed
21,decision_close_2024_9,2024-09-19,history_qwen_scores_only,65,history_qwen_scores_only|lambda=0.001|scaling=fixed,history_qwen_scores_only|lambda=1|scaling=fixed,history_qwen_scores_only|lambda=0.1|scaling=fixed
21,decision_close_2024_9,2024-09-19,history_qwen_missing_only,65,history_qwen_missing_only|lambda=0.001|scaling=fixed,history_qwen_missing_only|lambda=1|scaling=fixed,history_qwen_missing_only|lambda=0.1|scaling=fixed
21,decision_close_2024_9,2024-09-19,proxy_market,65,proxy_market|lambda=0.1|scaling=fixed,proxy_market|lambda=1|scaling=fixed,proxy_market|lambda=0.1|scaling=fixed
21,decision_close_2024_9,2024-09-19,proxy_market_lsa,65,proxy_market_lsa|lambda=0.01|scaling=column_standardized,proxy_market_lsa|lambda=1|scaling=row_only,proxy_market_lsa|lambda=0.1|scaling=column_standardized
21,decision_close_2024_9,2024-09-19,history_transformer,65,history_transformer|lambda=0.001|scaling=fixed,history_transformer|lambda=0.1|scaling=fixed,history_transformer|lambda=1|scaling=fixed
22,decision_close_2024_10,2024-10-17,history,66,history|lambda=0.001|scaling=fixed,history|lambda=1|scaling=fixed,history|lambda=0.01|scaling=fixed
22,decision_close_2024_10,2024-10-17,history_tfidf,66,history_tfidf|lambda=1|scaling=column_standardized,history_tfidf|lambda=0.001|scaling=column_standardized,history_tfidf|lambda=1|scaling=column_standardized
22,decision_close_2024_10,2024-10-17,history_lsa,66,history_lsa|lambda=0.01|scaling=row_only,history_lsa|lambda=1|scaling=row_only,history_lsa|lambda=0.1|scaling=column_standardized
22,decision_close_2024_10,2024-10-17,history_qwen_all,66,history_qwen_all|lambda=0.1|scaling=fixed,history_qwen_all|lambda=1|scaling=fixed,history_qwen_all|lambda=0.1|scaling=fixed
22,decision_close_2024_10,2024-10-17,history_qwen_inflation,66,history_qwen_inflation|lambda=0.01|scaling=fixed,history_qwen_inflation|lambda=1|scaling=fixed,history_qwen_inflation|lambda=0.01|scaling=fixed
22,decision_close_2024_10,2024-10-17,history_qwen_demand,66,history_qwen_demand|lambda=0.001|scaling=fixed,history_qwen_demand|lambda=1|scaling=fixed,history_qwen_demand|lambda=0.1|scaling=fixed
22,decision_close_2024_10,2024-10-17,history_qwen_forward,66,history_qwen_forward|lambda=0.01|scaling=fixed,history_qwen_forward|lambda=1|scaling=fixed,history_qwen_forward|lambda=0.1|scaling=fixed
22,decision_close_2024_10,2024-10-17,history_qwen_scores_only,66,history_qwen_scores_only|lambda=0.001|scaling=fixed,history_qwen_scores_only|lambda=1|scaling=fixed,history_qwen_scores_only|lambda=0.1|scaling=fixed
22,decision_close_2024_10,2024-10-17,history_qwen_missing_only,66,history_qwen_missing_only|lambda=0.001|scaling=fixed,history_qwen_missing_only|lambda=1|scaling=fixed,history_qwen_missing_only|lambda=0.1|scaling=fixed
22,decision_close_2024_10,2024-10-17,proxy_market,66,proxy_market|lambda=0.1|scaling=fixed,proxy_market|lambda=1|scaling=fixed,proxy_market|lambda=0.1|scaling=fixed
22,decision_close_2024_10,2024-10-17,proxy_market_lsa,66,proxy_market_lsa|lambda=0.01|scaling=column_standardized,proxy_market_lsa|lambda=1|scaling=row_only,proxy_market_lsa|lambda=0.1|scaling=column_standardized
22,decision_close_2024_10,2024-10-17,history_transformer,66,history_transformer|lambda=0.001|scaling=fixed,history_transformer|lambda=0.1|scaling=fixed,history_transformer|lambda=1|scaling=fixed
23,decision_close_2024_11,2024-11-21,history,67,history|lambda=0.001|scaling=fixed,history|lambda=1|scaling=fixed,history|lambda=0.01|scaling=fixed
23,decision_close_2024_11,2024-11-21,history_tfidf,67,history_tfidf|lambda=1|scaling=column_standardized,history_tfidf|lambda=0.001|scaling=column_standardized,history_tfidf|lambda=1|scaling=column_standardized
23,decision_close_2024_11,2024-11-21,history_lsa,67,history_lsa|lambda=0.01|scaling=row_only,history_lsa|lambda=1|scaling=row_only,history_lsa|lambda=0.1|scaling=column_standardized
23,decision_close_2024_11,2024-11-21,history_qwen_all,67,history_qwen_all|lambda=0.1|scaling=fixed,history_qwen_all|lambda=1|scaling=fixed,history_qwen_all|lambda=0.1|scaling=fixed
23,decision_close_2024_11,2024-11-21,history_qwen_inflation,67,history_qwen_inflation|lambda=0.01|scaling=fixed,history_qwen_inflation|lambda=1|scaling=fixed,history_qwen_inflation|lambda=0.01|scaling=fixed
23,decision_close_2024_11,2024-11-21,history_qwen_demand,67,history_qwen_demand|lambda=0.001|scaling=fixed,history_qwen_demand|lambda=1|scaling=fixed,history_qwen_demand|lambda=0.1|scaling=fixed
23,decision_close_2024_11,2024-11-21,history_qwen_forward,67,history_qwen_forward|lambda=0.01|scaling=fixed,history_qwen_forward|lambda=1|scaling=fixed,history_qwen_forward|lambda=0.1|scaling=fixed
23,decision_close_2024_11,2024-11-21,history_qwen_scores_only,67,history_qwen_scores_only|lambda=0.001|scaling=fixed,history_qwen_scores_only|lambda=1|scaling=fixed,history_qwen_scores_only|lambda=0.1|scaling=fixed
23,decision_close_2024_11,2024-11-21,history_qwen_missing_only,67,history_qwen_missing_only|lambda=0.001|scaling=fixed,history_qwen_missing_only|lambda=1|scaling=fixed,history_qwen_missing_only|lambda=0.1|scaling=fixed
23,decision_close_2024_11,2024-11-21,proxy_market,67,proxy_market|lambda=0.1|scaling=fixed,proxy_market|lambda=1|scaling=fixed,proxy_market|lambda=0.1|scaling=fixed
23,decision_close_2024_11,2024-11-21,proxy_market_lsa,67,proxy_market_lsa|lambda=0.01|scaling=column_standardized,proxy_market_lsa|lambda=0.1|scaling=column_standardized,proxy_market_lsa|lambda=0.1|scaling=column_standardized
23,decision_close_2024_11,2024-11-21,history_transformer,67,history_transformer|lambda=0.001|scaling=fixed,history_transformer|lambda=0.1|scaling=fixed,history_transformer|lambda=1|scaling=fixed
24,decision_close_2024_12,2024-12-26,history,68,history|lambda=0.001|scaling=fixed,history|lambda=1|scaling=fixed,history|lambda=0.1|scaling=fixed
24,decision_close_2024_12,2024-12-26,history_tfidf,68,history_tfidf|lambda=1|scaling=column_standardized,history_tfidf|lambda=0.001|scaling=column_standardized,history_tfidf|lambda=10|scaling=column_standardized
24,decision_close_2024_12,2024-12-26,history_lsa,68,history_lsa|lambda=0.01|scaling=row_only,history_lsa|lambda=1|scaling=row_only,history_lsa|lambda=0.1|scaling=column_standardized
24,decision_close_2024_12,2024-12-26,history_qwen_all,68,history_qwen_all|lambda=0.1|scaling=fixed,history_qwen_all|lambda=1|scaling=fixed,history_qwen_all|lambda=0.1|scaling=fixed
24,decision_close_2024_12,2024-12-26,history_qwen_inflation,68,history_qwen_inflation|lambda=0.01|scaling=fixed,history_qwen_inflation|lambda=1|scaling=fixed,history_qwen_inflation|lambda=0.1|scaling=fixed
24,decision_close_2024_12,2024-12-26,history_qwen_demand,68,history_qwen_demand|lambda=0.001|scaling=fixed,history_qwen_demand|lambda=1|scaling=fixed,history_qwen_demand|lambda=0.1|scaling=fixed
24,decision_close_2024_12,2024-12-26,history_qwen_forward,68,history_qwen_forward|lambda=0.01|scaling=fixed,history_qwen_forward|lambda=1|scaling=fixed,history_qwen_forward|lambda=0.1|scaling=fixed
24,decision_close_2024_12,2024-12-26,history_qwen_scores_only,68,history_qwen_scores_only|lambda=0.001|scaling=fixed,history_qwen_scores_only|lambda=1|scaling=fixed,history_qwen_scores_only|lambda=0.1|scaling=fixed
24,decision_close_2024_12,2024-12-26,history_qwen_missing_only,68,history_qwen_missing_only|lambda=0.001|scaling=fixed,history_qwen_missing_only|lambda=1|scaling=fixed,history_qwen_missing_only|lambda=0.1|scaling=fixed
24,decision_close_2024_12,2024-12-26,proxy_market,68,proxy_market|lambda=0.1|scaling=fixed,proxy_market|lambda=1|scaling=fixed,proxy_market|lambda=0.1|scaling=fixed
24,decision_close_2024_12,2024-12-26,proxy_market_lsa,68,proxy_market_lsa|lambda=0.01|scaling=column_standardized,proxy_market_lsa|lambda=0.1|scaling=column_standardized,proxy_market_lsa|lambda=0.1|scaling=column_standardized
24,decision_close_2024_12,2024-12-26,history_transformer,68,history_transformer|lambda=0.001|scaling=fixed,history_transformer|lambda=0.1|scaling=fixed,history_transformer|lambda=1|scaling=fixed
25,decision_close_2025_1,2025-01-23,history,69,history|lambda=0.001|scaling=fixed,history|lambda=1|scaling=fixed,history|lambda=0.01|scaling=fixed
25,decision_close_2025_1,2025-01-23,history_tfidf,69,history_tfidf|lambda=1|scaling=column_standardized,history_tfidf|lambda=0.001|scaling=column_standardized,history_tfidf|lambda=0.01|scaling=row_only
25,decision_close_2025_1,2025-01-23,history_lsa,69,history_lsa|lambda=0.01|scaling=row_only,history_lsa|lambda=1|scaling=row_only,history_lsa|lambda=0.1|scaling=column_standardized
25,decision_close_2025_1,2025-01-23,history_qwen_all,69,history_qwen_all|lambda=0.01|scaling=fixed,history_qwen_all|lambda=1|scaling=fixed,history_qwen_all|lambda=0.1|scaling=fixed
25,decision_close_2025_1,2025-01-23,history_qwen_inflation,69,history_qwen_inflation|lambda=0.01|scaling=fixed,history_qwen_inflation|lambda=1|scaling=fixed,history_qwen_inflation|lambda=0.01|scaling=fixed
25,decision_close_2025_1,2025-01-23,history_qwen_demand,69,history_qwen_demand|lambda=0.001|scaling=fixed,history_qwen_demand|lambda=1|scaling=fixed,history_qwen_demand|lambda=0.1|scaling=fixed
25,decision_close_2025_1,2025-01-23,history_qwen_forward,69,history_qwen_forward|lambda=0.01|scaling=fixed,history_qwen_forward|lambda=1|scaling=fixed,history_qwen_forward|lambda=0.1|scaling=fixed
25,decision_close_2025_1,2025-01-23,history_qwen_scores_only,69,history_qwen_scores_only|lambda=0.001|scaling=fixed,history_qwen_scores_only|lambda=1|scaling=fixed,history_qwen_scores_only|lambda=0.1|scaling=fixed
25,decision_close_2025_1,2025-01-23,history_qwen_missing_only,69,history_qwen_missing_only|lambda=0.001|scaling=fixed,history_qwen_missing_only|lambda=1|scaling=fixed,history_qwen_missing_only|lambda=0.01|scaling=fixed
25,decision_close_2025_1,2025-01-23,proxy_market,69,proxy_market|lambda=0.1|scaling=fixed,proxy_market|lambda=1|scaling=fixed,proxy_market|lambda=0.1|scaling=fixed
25,decision_close_2025_1,2025-01-23,proxy_market_lsa,69,proxy_market_lsa|lambda=0.01|scaling=column_standardized,proxy_market_lsa|lambda=0.1|scaling=column_standardized,proxy_market_lsa|lambda=0.1|scaling=column_standardized
25,decision_close_2025_1,2025-01-23,history_transformer,69,history_transformer|lambda=0.001|scaling=fixed,history_transformer|lambda=0.1|scaling=fixed,history_transformer|lambda=1|scaling=fixed
26,decision_close_2025_2,2025-03-06,history,70,history|lambda=0.001|scaling=fixed,history|lambda=1|scaling=fixed,history|lambda=0.01|scaling=fixed
26,decision_close_2025_2,2025-03-06,history_tfidf,70,history_tfidf|lambda=1|scaling=column_standardized,history_tfidf|lambda=0.001|scaling=column_standardized,history_tfidf|lambda=0.01|scaling=row_only
26,decision_close_2025_2,2025-03-06,history_lsa,70,history_lsa|lambda=0.01|scaling=row_only,history_lsa|lambda=1|scaling=row_only,history_lsa|lambda=0.1|scaling=column_standardized
26,decision_close_2025_2,2025-03-06,history_qwen_all,70,history_qwen_all|lambda=0.01|scaling=fixed,history_qwen_all|lambda=1|scaling=fixed,history_qwen_all|lambda=0.1|scaling=fixed
26,decision_close_2025_2,2025-03-06,history_qwen_inflation,70,history_qwen_inflation|lambda=0.01|scaling=fixed,history_qwen_inflation|lambda=1|scaling=fixed,history_qwen_inflation|lambda=0.01|scaling=fixed
26,decision_close_2025_2,2025-03-06,history_qwen_demand,70,history_qwen_demand|lambda=0.001|scaling=fixed,history_qwen_demand|lambda=0.1|scaling=fixed,history_qwen_demand|lambda=0.1|scaling=fixed
26,decision_close_2025_2,2025-03-06,history_qwen_forward,70,history_qwen_forward|lambda=0.01|scaling=fixed,history_qwen_forward|lambda=1|scaling=fixed,history_qwen_forward|lambda=0.1|scaling=fixed
26,decision_close_2025_2,2025-03-06,history_qwen_scores_only,70,history_qwen_scores_only|lambda=0.001|scaling=fixed,history_qwen_scores_only|lambda=1|scaling=fixed,history_qwen_scores_only|lambda=0.1|scaling=fixed
26,decision_close_2025_2,2025-03-06,history_qwen_missing_only,70,history_qwen_missing_only|lambda=0.001|scaling=fixed,history_qwen_missing_only|lambda=1|scaling=fixed,history_qwen_missing_only|lambda=0.01|scaling=fixed
26,decision_close_2025_2,2025-03-06,proxy_market,70,proxy_market|lambda=0.1|scaling=fixed,proxy_market|lambda=1|scaling=fixed,proxy_market|lambda=0.1|scaling=fixed
26,decision_close_2025_2,2025-03-06,proxy_market_lsa,70,proxy_market_lsa|lambda=0.01|scaling=column_standardized,proxy_market_lsa|lambda=0.1|scaling=column_standardized,proxy_market_lsa|lambda=0.1|scaling=column_standardized
26,decision_close_2025_2,2025-03-06,history_transformer,70,history_transformer|lambda=0.001|scaling=fixed,history_transformer|lambda=0.1|scaling=fixed,history_transformer|lambda=1|scaling=fixed
27,decision_close_2025_3,2025-03-20,history,71,history|lambda=0.001|scaling=fixed,history|lambda=1|scaling=fixed,history|lambda=0.1|scaling=fixed
27,decision_close_2025_3,2025-03-20,history_tfidf,71,history_tfidf|lambda=1|scaling=column_standardized,history_tfidf|lambda=0.001|scaling=column_standardized,history_tfidf|lambda=10|scaling=column_standardized
27,decision_close_2025_3,2025-03-20,history_lsa,71,history_lsa|lambda=0.01|scaling=row_only,history_lsa|lambda=1|scaling=row_only,history_lsa|lambda=0.1|scaling=column_standardized
27,decision_close_2025_3,2025-03-20,history_qwen_all,71,history_qwen_all|lambda=0.01|scaling=fixed,history_qwen_all|lambda=1|scaling=fixed,history_qwen_all|lambda=0.1|scaling=fixed
27,decision_close_2025_3,2025-03-20,history_qwen_inflation,71,history_qwen_inflation|lambda=0.01|scaling=fixed,history_qwen_inflation|lambda=1|scaling=fixed,history_qwen_inflation|lambda=0.1|scaling=fixed
27,decision_close_2025_3,2025-03-20,history_qwen_demand,71,history_qwen_demand|lambda=0.001|scaling=fixed,history_qwen_demand|lambda=1|scaling=fixed,history_qwen_demand|lambda=0.1|scaling=fixed
27,decision_close_2025_3,2025-03-20,history_qwen_forward,71,history_qwen_forward|lambda=0.01|scaling=fixed,history_qwen_forward|lambda=1|scaling=fixed,history_qwen_forward|lambda=0.1|scaling=fixed
27,decision_close_2025_3,2025-03-20,history_qwen_scores_only,71,history_qwen_scores_only|lambda=0.001|scaling=fixed,history_qwen_scores_only|lambda=1|scaling=fixed,history_qwen_scores_only|lambda=0.1|scaling=fixed
27,decision_close_2025_3,2025-03-20,history_qwen_missing_only,71,history_qwen_missing_only|lambda=0.001|scaling=fixed,history_qwen_missing_only|lambda=1|scaling=fixed,history_qwen_missing_only|lambda=0.1|scaling=fixed
27,decision_close_2025_3,2025-03-20,proxy_market,71,proxy_market|lambda=0.1|scaling=fixed,proxy_market|lambda=1|scaling=fixed,proxy_market|lambda=0.1|scaling=fixed
27,decision_close_2025_3,2025-03-20,proxy_market_lsa,71,proxy_market_lsa|lambda=0.01|scaling=column_standardized,proxy_market_lsa|lambda=0.1|scaling=column_standardized,proxy_market_lsa|lambda=0.1|scaling=column_standardized
27,decision_close_2025_3,2025-03-20,history_transformer,71,history_transformer|lambda=0.001|scaling=fixed,history_transformer|lambda=0.1|scaling=fixed,history_transformer|lambda=1|scaling=fixed
28,decision_close_2025_4,2025-04-17,history,72,history|lambda=0.001|scaling=fixed,history|lambda=1|scaling=fixed,history|lambda=0.1|scaling=fixed
28,decision_close_2025_4,2025-04-17,history_tfidf,72,history_tfidf|lambda=1|scaling=column_standardized,history_tfidf|lambda=0.001|scaling=column_standardized,history_tfidf|lambda=10|scaling=column_standardized
28,decision_close_2025_4,2025-04-17,history_lsa,72,history_lsa|lambda=0.01|scaling=row_only,history_lsa|lambda=1|scaling=row_only,history_lsa|lambda=0.1|scaling=column_standardized
28,decision_close_2025_4,2025-04-17,history_qwen_all,72,history_qwen_all|lambda=0.01|scaling=fixed,history_qwen_all|lambda=1|scaling=fixed,history_qwen_all|lambda=0.1|scaling=fixed
28,decision_close_2025_4,2025-04-17,history_qwen_inflation,72,history_qwen_inflation|lambda=0.01|scaling=fixed,history_qwen_inflation|lambda=1|scaling=fixed,history_qwen_inflation|lambda=0.1|scaling=fixed
28,decision_close_2025_4,2025-04-17,history_qwen_demand,72,history_qwen_demand|lambda=0.001|scaling=fixed,history_qwen_demand|lambda=1|scaling=fixed,history_qwen_demand|lambda=0.1|scaling=fixed
28,decision_close_2025_4,2025-04-17,history_qwen_forward,72,history_qwen_forward|lambda=0.01|scaling=fixed,history_qwen_forward|lambda=1|scaling=fixed,history_qwen_forward|lambda=0.1|scaling=fixed
28,decision_close_2025_4,2025-04-17,history_qwen_scores_only,72,history_qwen_scores_only|lambda=0.001|scaling=fixed,history_qwen_scores_only|lambda=1|scaling=fixed,history_qwen_scores_only|lambda=0.1|scaling=fixed
28,decision_close_2025_4,2025-04-17,history_qwen_missing_only,72,history_qwen_missing_only|lambda=0.001|scaling=fixed,history_qwen_missing_only|lambda=1|scaling=fixed,history_qwen_missing_only|lambda=0.1|scaling=fixed
28,decision_close_2025_4,2025-04-17,proxy_market,72,proxy_market|lambda=0.1|scaling=fixed,proxy_market|lambda=1|scaling=fixed,proxy_market|lambda=0.1|scaling=fixed
28,decision_close_2025_4,2025-04-17,proxy_market_lsa,72,proxy_market_lsa|lambda=0.01|scaling=column_standardized,proxy_market_lsa|lambda=0.1|scaling=column_standardized,proxy_market_lsa|lambda=0.1|scaling=column_standardized
28,decision_close_2025_4,2025-04-17,history_transformer,72,history_transformer|lambda=0.001|scaling=fixed,history_transformer|lambda=0.1|scaling=fixed,history_transformer|lambda=1|scaling=fixed
29,decision_close_2025_5,2025-06-19,history,73,history|lambda=0.001|scaling=fixed,history|lambda=1|scaling=fixed,history|lambda=0.1|scaling=fixed
29,decision_close_2025_5,2025-06-19,history_tfidf,73,history_tfidf|lambda=1|scaling=column_standardized,history_tfidf|lambda=0.001|scaling=column_standardized,history_tfidf|lambda=10|scaling=column_standardized
29,decision_close_2025_5,2025-06-19,history_lsa,73,history_lsa|lambda=0.01|scaling=row_only,history_lsa|lambda=1|scaling=row_only,history_lsa|lambda=0.1|scaling=column_standardized
29,decision_close_2025_5,2025-06-19,history_qwen_all,73,history_qwen_all|lambda=0.01|scaling=fixed,history_qwen_all|lambda=1|scaling=fixed,history_qwen_all|lambda=0.1|scaling=fixed
29,decision_close_2025_5,2025-06-19,history_qwen_inflation,73,history_qwen_inflation|lambda=0.01|scaling=fixed,history_qwen_inflation|lambda=1|scaling=fixed,history_qwen_inflation|lambda=0.1|scaling=fixed
29,decision_close_2025_5,2025-06-19,history_qwen_demand,73,history_qwen_demand|lambda=0.001|scaling=fixed,history_qwen_demand|lambda=1|scaling=fixed,history_qwen_demand|lambda=0.1|scaling=fixed
29,decision_close_2025_5,2025-06-19,history_qwen_forward,73,history_qwen_forward|lambda=0.01|scaling=fixed,history_qwen_forward|lambda=1|scaling=fixed,history_qwen_forward|lambda=0.1|scaling=fixed
29,decision_close_2025_5,2025-06-19,history_qwen_scores_only,73,history_qwen_scores_only|lambda=0.001|scaling=fixed,history_qwen_scores_only|lambda=1|scaling=fixed,history_qwen_scores_only|lambda=0.1|scaling=fixed
29,decision_close_2025_5,2025-06-19,history_qwen_missing_only,73,history_qwen_missing_only|lambda=0.001|scaling=fixed,history_qwen_missing_only|lambda=1|scaling=fixed,history_qwen_missing_only|lambda=0.1|scaling=fixed
29,decision_close_2025_5,2025-06-19,proxy_market,73,proxy_market|lambda=0.1|scaling=fixed,proxy_market|lambda=1|scaling=fixed,proxy_market|lambda=0.1|scaling=fixed
29,decision_close_2025_5,2025-06-19,proxy_market_lsa,73,proxy_market_lsa|lambda=0.01|scaling=column_standardized,proxy_market_lsa|lambda=0.1|scaling=column_standardized,proxy_market_lsa|lambda=0.1|scaling=column_standardized
29,decision_close_2025_5,2025-06-19,history_transformer,73,history_transformer|lambda=0.001|scaling=fixed,history_transformer|lambda=0.1|scaling=fixed,history_transformer|lambda=1|scaling=fixed
30,decision_close_2025_6,2025-07-24,history,74,history|lambda=0.001|scaling=fixed,history|lambda=1|scaling=fixed,history|lambda=0.1|scaling=fixed
30,decision_close_2025_6,2025-07-24,history_tfidf,74,history_tfidf|lambda=1|scaling=column_standardized,history_tfidf|lambda=0.001|scaling=column_standardized,history_tfidf|lambda=10|scaling=column_standardized
30,decision_close_2025_6,2025-07-24,history_lsa,74,history_lsa|lambda=0.01|scaling=row_only,history_lsa|lambda=1|scaling=row_only,history_lsa|lambda=0.1|scaling=column_standardized
30,decision_close_2025_6,2025-07-24,history_qwen_all,74,history_qwen_all|lambda=0.01|scaling=fixed,history_qwen_all|lambda=1|scaling=fixed,history_qwen_all|lambda=0.1|scaling=fixed
30,decision_close_2025_6,2025-07-24,history_qwen_inflation,74,history_qwen_inflation|lambda=0.01|scaling=fixed,history_qwen_inflation|lambda=1|scaling=fixed,history_qwen_inflation|lambda=0.1|scaling=fixed
30,decision_close_2025_6,2025-07-24,history_qwen_demand,74,history_qwen_demand|lambda=0.001|scaling=fixed,history_qwen_demand|lambda=0.1|scaling=fixed,history_qwen_demand|lambda=0.1|scaling=fixed
30,decision_close_2025_6,2025-07-24,history_qwen_forward,74,history_qwen_forward|lambda=0.01|scaling=fixed,history_qwen_forward|lambda=1|scaling=fixed,history_qwen_forward|lambda=0.1|scaling=fixed
30,decision_close_2025_6,2025-07-24,history_qwen_scores_only,74,history_qwen_scores_only|lambda=0.001|scaling=fixed,history_qwen_scores_only|lambda=1|scaling=fixed,history_qwen_scores_only|lambda=0.1|scaling=fixed
30,decision_close_2025_6,2025-07-24,history_qwen_missing_only,74,history_qwen_missing_only|lambda=0.001|scaling=fixed,history_qwen_missing_only|lambda=1|scaling=fixed,history_qwen_missing_only|lambda=0.1|scaling=fixed
30,decision_close_2025_6,2025-07-24,proxy_market,74,proxy_market|lambda=0.1|scaling=fixed,proxy_market|lambda=1|scaling=fixed,proxy_market|lambda=0.1|scaling=fixed
30,decision_close_2025_6,2025-07-24,proxy_market_lsa,74,proxy_market_lsa|lambda=0.01|scaling=column_standardized,proxy_market_lsa|lambda=0.1|scaling=column_standardized,proxy_market_lsa|lambda=0.1|scaling=column_standardized
30,decision_close_2025_6,2025-07-24,history_transformer,74,history_transformer|lambda=0.001|scaling=fixed,history_transformer|lambda=0.1|scaling=fixed,history_transformer|lambda=1|scaling=fixed
31,decision_close_2025_7,2025-09-11,history,75,history|lambda=0.001|scaling=fixed,history|lambda=1|scaling=fixed,history|lambda=0.01|scaling=fixed
31,decision_close_2025_7,2025-09-11,history_tfidf,75,history_tfidf|lambda=1|scaling=column_standardized,history_tfidf|lambda=0.001|scaling=column_standardized,history_tfidf|lambda=10|scaling=column_standardized
31,decision_close_2025_7,2025-09-11,history_lsa,75,history_lsa|lambda=0.01|scaling=row_only,history_lsa|lambda=1|scaling=row_only,history_lsa|lambda=0.1|scaling=column_standardized
31,decision_close_2025_7,2025-09-11,history_qwen_all,75,history_qwen_all|lambda=0.01|scaling=fixed,history_qwen_all|lambda=1|scaling=fixed,history_qwen_all|lambda=0.1|scaling=fixed
31,decision_close_2025_7,2025-09-11,history_qwen_inflation,75,history_qwen_inflation|lambda=0.01|scaling=fixed,history_qwen_inflation|lambda=1|scaling=fixed,history_qwen_inflation|lambda=0.01|scaling=fixed
31,decision_close_2025_7,2025-09-11,history_qwen_demand,75,history_qwen_demand|lambda=0.001|scaling=fixed,history_qwen_demand|lambda=0.1|scaling=fixed,history_qwen_demand|lambda=0.1|scaling=fixed
31,decision_close_2025_7,2025-09-11,history_qwen_forward,75,history_qwen_forward|lambda=0.01|scaling=fixed,history_qwen_forward|lambda=1|scaling=fixed,history_qwen_forward|lambda=0.1|scaling=fixed
31,decision_close_2025_7,2025-09-11,history_qwen_scores_only,75,history_qwen_scores_only|lambda=0.001|scaling=fixed,history_qwen_scores_only|lambda=1|scaling=fixed,history_qwen_scores_only|lambda=0.1|scaling=fixed
31,decision_close_2025_7,2025-09-11,history_qwen_missing_only,75,history_qwen_missing_only|lambda=0.001|scaling=fixed,history_qwen_missing_only|lambda=1|scaling=fixed,history_qwen_missing_only|lambda=0.1|scaling=fixed
31,decision_close_2025_7,2025-09-11,proxy_market,75,proxy_market|lambda=0.1|scaling=fixed,proxy_market|lambda=1|scaling=fixed,proxy_market|lambda=0.1|scaling=fixed
31,decision_close_2025_7,2025-09-11,proxy_market_lsa,75,proxy_market_lsa|lambda=0.01|scaling=column_standardized,proxy_market_lsa|lambda=0.1|scaling=column_standardized,proxy_market_lsa|lambda=0.1|scaling=column_standardized
31,decision_close_2025_7,2025-09-11,history_transformer,75,history_transformer|lambda=0.01|scaling=fixed,history_transformer|lambda=0.1|scaling=fixed,history_transformer|lambda=1|scaling=fixed
32,decision_close_2025_8,2025-10-23,history,76,history|lambda=0.001|scaling=fixed,history|lambda=1|scaling=fixed,history|lambda=0.01|scaling=fixed
32,decision_close_2025_8,2025-10-23,history_tfidf,76,history_tfidf|lambda=0.001|scaling=row_only,history_tfidf|lambda=0.001|scaling=column_standardized,history_tfidf|lambda=0.01|scaling=row_only
32,decision_close_2025_8,2025-10-23,history_lsa,76,history_lsa|lambda=0.01|scaling=row_only,history_lsa|lambda=1|scaling=row_only,history_lsa|lambda=0.1|scaling=row_only
32,decision_close_2025_8,2025-10-23,history_qwen_all,76,history_qwen_all|lambda=0.01|scaling=fixed,history_qwen_all|lambda=1|scaling=fixed,history_qwen_all|lambda=0.1|scaling=fixed
32,decision_close_2025_8,2025-10-23,history_qwen_inflation,76,history_qwen_inflation|lambda=0.01|scaling=fixed,history_qwen_inflation|lambda=1|scaling=fixed,history_qwen_inflation|lambda=0.01|scaling=fixed
32,decision_close_2025_8,2025-10-23,history_qwen_demand,76,history_qwen_demand|lambda=0.001|scaling=fixed,history_qwen_demand|lambda=1|scaling=fixed,history_qwen_demand|lambda=0.1|scaling=fixed
32,decision_close_2025_8,2025-10-23,history_qwen_forward,76,history_qwen_forward|lambda=0.01|scaling=fixed,history_qwen_forward|lambda=1|scaling=fixed,history_qwen_forward|lambda=0.1|scaling=fixed
32,decision_close_2025_8,2025-10-23,history_qwen_scores_only,76,history_qwen_scores_only|lambda=0.001|scaling=fixed,history_qwen_scores_only|lambda=1|scaling=fixed,history_qwen_scores_only|lambda=0.1|scaling=fixed
32,decision_close_2025_8,2025-10-23,history_qwen_missing_only,76,history_qwen_missing_only|lambda=0.001|scaling=fixed,history_qwen_missing_only|lambda=1|scaling=fixed,history_qwen_missing_only|lambda=0.1|scaling=fixed
32,decision_close_2025_8,2025-10-23,proxy_market,76,proxy_market|lambda=0.1|scaling=fixed,proxy_market|lambda=1|scaling=fixed,proxy_market|lambda=0.1|scaling=fixed
32,decision_close_2025_8,2025-10-23,proxy_market_lsa,76,proxy_market_lsa|lambda=0.01|scaling=column_standardized,proxy_market_lsa|lambda=0.1|scaling=column_standardized,proxy_market_lsa|lambda=0.1|scaling=column_standardized
32,decision_close_2025_8,2025-10-23,history_transformer,76,history_transformer|lambda=0.01|scaling=fixed,history_transformer|lambda=0.1|scaling=fixed,history_transformer|lambda=1|scaling=fixed
33,decision_close_2025_9,2025-12-11,history,77,history|lambda=0.001|scaling=fixed,history|lambda=1|scaling=fixed,history|lambda=0.01|scaling=fixed
33,decision_close_2025_9,2025-12-11,history_tfidf,77,history_tfidf|lambda=0.001|scaling=row_only,history_tfidf|lambda=0.001|scaling=column_standardized,history_tfidf|lambda=0.01|scaling=row_only
33,decision_close_2025_9,2025-12-11,history_lsa,77,history_lsa|lambda=0.01|scaling=row_only,history_lsa|lambda=1|scaling=row_only,history_lsa|lambda=0.1|scaling=row_only
33,decision_close_2025_9,2025-12-11,history_qwen_all,77,history_qwen_all|lambda=0.01|scaling=fixed,history_qwen_all|lambda=1|scaling=fixed,history_qwen_all|lambda=0.1|scaling=fixed
33,decision_close_2025_9,2025-12-11,history_qwen_inflation,77,history_qwen_inflation|lambda=0.01|scaling=fixed,history_qwen_inflation|lambda=1|scaling=fixed,history_qwen_inflation|lambda=0.01|scaling=fixed
33,decision_close_2025_9,2025-12-11,history_qwen_demand,77,history_qwen_demand|lambda=0.001|scaling=fixed,history_qwen_demand|lambda=1|scaling=fixed,history_qwen_demand|lambda=0.1|scaling=fixed
33,decision_close_2025_9,2025-12-11,history_qwen_forward,77,history_qwen_forward|lambda=0.01|scaling=fixed,history_qwen_forward|lambda=1|scaling=fixed,history_qwen_forward|lambda=0.1|scaling=fixed
33,decision_close_2025_9,2025-12-11,history_qwen_scores_only,77,history_qwen_scores_only|lambda=0.001|scaling=fixed,history_qwen_scores_only|lambda=1|scaling=fixed,history_qwen_scores_only|lambda=0.1|scaling=fixed
33,decision_close_2025_9,2025-12-11,history_qwen_missing_only,77,history_qwen_missing_only|lambda=0.001|scaling=fixed,history_qwen_missing_only|lambda=1|scaling=fixed,history_qwen_missing_only|lambda=0.01|scaling=fixed
33,decision_close_2025_9,2025-12-11,proxy_market,77,proxy_market|lambda=0.1|scaling=fixed,proxy_market|lambda=1|scaling=fixed,proxy_market|lambda=0.1|scaling=fixed
33,decision_close_2025_9,2025-12-11,proxy_market_lsa,77,proxy_market_lsa|lambda=0.01|scaling=column_standardized,proxy_market_lsa|lambda=0.1|scaling=column_standardized,proxy_market_lsa|lambda=0.1|scaling=column_standardized
33,decision_close_2025_9,2025-12-11,history_transformer,77,history_transformer|lambda=1|scaling=fixed,history_transformer|lambda=0.1|scaling=fixed,history_transformer|lambda=1|scaling=fixed
34,decision_close_2026_1,2026-01-22,history,78,history|lambda=0.001|scaling=fixed,history|lambda=1|scaling=fixed,history|lambda=0.01|scaling=fixed
34,decision_close_2026_1,2026-01-22,history_tfidf,78,history_tfidf|lambda=0.001|scaling=row_only,history_tfidf|lambda=0.001|scaling=column_standardized,history_tfidf|lambda=0.01|scaling=row_only
34,decision_close_2026_1,2026-01-22,history_lsa,78,history_lsa|lambda=0.01|scaling=row_only,history_lsa|lambda=1|scaling=row_only,history_lsa|lambda=0.1|scaling=row_only
34,decision_close_2026_1,2026-01-22,history_qwen_all,78,history_qwen_all|lambda=0.01|scaling=fixed,history_qwen_all|lambda=1|scaling=fixed,history_qwen_all|lambda=0.1|scaling=fixed
34,decision_close_2026_1,2026-01-22,history_qwen_inflation,78,history_qwen_inflation|lambda=0.01|scaling=fixed,history_qwen_inflation|lambda=1|scaling=fixed,history_qwen_inflation|lambda=0.01|scaling=fixed
34,decision_close_2026_1,2026-01-22,history_qwen_demand,78,history_qwen_demand|lambda=0.001|scaling=fixed,history_qwen_demand|lambda=1|scaling=fixed,history_qwen_demand|lambda=0.1|scaling=fixed
34,decision_close_2026_1,2026-01-22,history_qwen_forward,78,history_qwen_forward|lambda=0.01|scaling=fixed,history_qwen_forward|lambda=1|scaling=fixed,history_qwen_forward|lambda=0.1|scaling=fixed
34,decision_close_2026_1,2026-01-22,history_qwen_scores_only,78,history_qwen_scores_only|lambda=0.001|scaling=fixed,history_qwen_scores_only|lambda=1|scaling=fixed,history_qwen_scores_only|lambda=0.1|scaling=fixed
34,decision_close_2026_1,2026-01-22,history_qwen_missing_only,78,history_qwen_missing_only|lambda=0.001|scaling=fixed,history_qwen_missing_only|lambda=1|scaling=fixed,history_qwen_missing_only|lambda=0.01|scaling=fixed
34,decision_close_2026_1,2026-01-22,proxy_market,78,proxy_market|lambda=0.1|scaling=fixed,proxy_market|lambda=1|scaling=fixed,proxy_market|lambda=0.1|scaling=fixed
34,decision_close_2026_1,2026-01-22,proxy_market_lsa,78,proxy_market_lsa|lambda=0.01|scaling=column_standardized,proxy_market_lsa|lambda=0.1|scaling=column_standardized,proxy_market_lsa|lambda=0.1|scaling=column_standardized
34,decision_close_2026_1,2026-01-22,history_transformer,78,history_transformer|lambda=1|scaling=fixed,history_transformer|lambda=0.1|scaling=fixed,history_transformer|lambda=1|scaling=fixed
35,decision_close_2026_2,2026-03-12,history,79,history|lambda=0.001|scaling=fixed,history|lambda=1|scaling=fixed,history|lambda=0.01|scaling=fixed
35,decision_close_2026_2,2026-03-12,history_tfidf,79,history_tfidf|lambda=0.001|scaling=row_only,history_tfidf|lambda=0.001|scaling=column_standardized,history_tfidf|lambda=0.01|scaling=row_only
35,decision_close_2026_2,2026-03-12,history_lsa,79,history_lsa|lambda=0.01|scaling=row_only,history_lsa|lambda=1|scaling=row_only,history_lsa|lambda=0.1|scaling=row_only
35,decision_close_2026_2,2026-03-12,history_qwen_all,79,history_qwen_all|lambda=0.01|scaling=fixed,history_qwen_all|lambda=1|scaling=fixed,history_qwen_all|lambda=0.1|scaling=fixed
35,decision_close_2026_2,2026-03-12,history_qwen_inflation,79,history_qwen_inflation|lambda=0.01|scaling=fixed,history_qwen_inflation|lambda=1|scaling=fixed,history_qwen_inflation|lambda=0.01|scaling=fixed
35,decision_close_2026_2,2026-03-12,history_qwen_demand,79,history_qwen_demand|lambda=0.001|scaling=fixed,history_qwen_demand|lambda=1|scaling=fixed,history_qwen_demand|lambda=0.1|scaling=fixed
35,decision_close_2026_2,2026-03-12,history_qwen_forward,79,history_qwen_forward|lambda=0.01|scaling=fixed,history_qwen_forward|lambda=1|scaling=fixed,history_qwen_forward|lambda=0.1|scaling=fixed
35,decision_close_2026_2,2026-03-12,history_qwen_scores_only,79,history_qwen_scores_only|lambda=0.001|scaling=fixed,history_qwen_scores_only|lambda=1|scaling=fixed,history_qwen_scores_only|lambda=0.1|scaling=fixed
35,decision_close_2026_2,2026-03-12,history_qwen_missing_only,79,history_qwen_missing_only|lambda=0.001|scaling=fixed,history_qwen_missing_only|lambda=1|scaling=fixed,history_qwen_missing_only|lambda=0.01|scaling=fixed
35,decision_close_2026_2,2026-03-12,proxy_market,79,proxy_market|lambda=0.1|scaling=fixed,proxy_market|lambda=1|scaling=fixed,proxy_market|lambda=0.1|scaling=fixed
35,decision_close_2026_2,2026-03-12,proxy_market_lsa,79,proxy_market_lsa|lambda=0.01|scaling=column_standardized,proxy_market_lsa|lambda=0.1|scaling=column_standardized,proxy_market_lsa|lambda=0.1|scaling=column_standardized
35,decision_close_2026_2,2026-03-12,history_transformer,79,history_transformer|lambda=1|scaling=fixed,history_transformer|lambda=0.1|scaling=fixed,history_transformer|lambda=1|scaling=fixed
36,decision_close_2026_3,2026-04-22,history,80,history|lambda=0.001|scaling=fixed,history|lambda=1|scaling=fixed,history|lambda=0.01|scaling=fixed
36,decision_close_2026_3,2026-04-22,history_tfidf,80,history_tfidf|lambda=0.001|scaling=row_only,history_tfidf|lambda=0.001|scaling=column_standardized,history_tfidf|lambda=0.01|scaling=row_only
36,decision_close_2026_3,2026-04-22,history_lsa,80,history_lsa|lambda=0.01|scaling=row_only,history_lsa|lambda=1|scaling=row_only,history_lsa|lambda=0.1|scaling=row_only
36,decision_close_2026_3,2026-04-22,history_qwen_all,80,history_qwen_all|lambda=0.01|scaling=fixed,history_qwen_all|lambda=1|scaling=fixed,history_qwen_all|lambda=0.1|scaling=fixed
36,decision_close_2026_3,2026-04-22,history_qwen_inflation,80,history_qwen_inflation|lambda=0.01|scaling=fixed,history_qwen_inflation|lambda=1|scaling=fixed,history_qwen_inflation|lambda=0.01|scaling=fixed
36,decision_close_2026_3,2026-04-22,history_qwen_demand,80,history_qwen_demand|lambda=0.001|scaling=fixed,history_qwen_demand|lambda=1|scaling=fixed,history_qwen_demand|lambda=0.1|scaling=fixed
36,decision_close_2026_3,2026-04-22,history_qwen_forward,80,history_qwen_forward|lambda=0.01|scaling=fixed,history_qwen_forward|lambda=1|scaling=fixed,history_qwen_forward|lambda=0.1|scaling=fixed
36,decision_close_2026_3,2026-04-22,history_qwen_scores_only,80,history_qwen_scores_only|lambda=0.001|scaling=fixed,history_qwen_scores_only|lambda=1|scaling=fixed,history_qwen_scores_only|lambda=0.1|scaling=fixed
36,decision_close_2026_3,2026-04-22,history_qwen_missing_only,80,history_qwen_missing_only|lambda=0.001|scaling=fixed,history_qwen_missing_only|lambda=1|scaling=fixed,history_qwen_missing_only|lambda=0.01|scaling=fixed
36,decision_close_2026_3,2026-04-22,proxy_market,80,proxy_market|lambda=0.1|scaling=fixed,proxy_market|lambda=1|scaling=fixed,proxy_market|lambda=0.1|scaling=fixed
36,decision_close_2026_3,2026-04-22,proxy_market_lsa,80,proxy_market_lsa|lambda=0.01|scaling=column_standardized,proxy_market_lsa|lambda=0.1|scaling=column_standardized,proxy_market_lsa|lambda=0.1|scaling=column_standardized
36,decision_close_2026_3,2026-04-22,history_transformer,80,history_transformer|lambda=1|scaling=fixed,history_transformer|lambda=0.1|scaling=fixed,history_transformer|lambda=1|scaling=fixed
37,decision_close_2026_4,2026-06-11,history,81,history|lambda=0.001|scaling=fixed,history|lambda=1|scaling=fixed,history|lambda=0.01|scaling=fixed
37,decision_close_2026_4,2026-06-11,history_tfidf,81,history_tfidf|lambda=0.001|scaling=row_only,history_tfidf|lambda=0.001|scaling=column_standardized,history_tfidf|lambda=0.01|scaling=row_only
37,decision_close_2026_4,2026-06-11,history_lsa,81,history_lsa|lambda=0.01|scaling=row_only,history_lsa|lambda=1|scaling=row_only,history_lsa|lambda=0.1|scaling=row_only
37,decision_close_2026_4,2026-06-11,history_qwen_all,81,history_qwen_all|lambda=0.01|scaling=fixed,history_qwen_all|lambda=1|scaling=fixed,history_qwen_all|lambda=0.1|scaling=fixed
37,decision_close_2026_4,2026-06-11,history_qwen_inflation,81,history_qwen_inflation|lambda=0.01|scaling=fixed,history_qwen_inflation|lambda=1|scaling=fixed,history_qwen_inflation|lambda=0.01|scaling=fixed
37,decision_close_2026_4,2026-06-11,history_qwen_demand,81,history_qwen_demand|lambda=0.001|scaling=fixed,history_qwen_demand|lambda=1|scaling=fixed,history_qwen_demand|lambda=0.1|scaling=fixed
37,decision_close_2026_4,2026-06-11,history_qwen_forward,81,history_qwen_forward|lambda=0.01|scaling=fixed,history_qwen_forward|lambda=1|scaling=fixed,history_qwen_forward|lambda=0.1|scaling=fixed
37,decision_close_2026_4,2026-06-11,history_qwen_scores_only,81,history_qwen_scores_only|lambda=0.001|scaling=fixed,history_qwen_scores_only|lambda=1|scaling=fixed,history_qwen_scores_only|lambda=0.1|scaling=fixed
37,decision_close_2026_4,2026-06-11,history_qwen_missing_only,81,history_qwen_missing_only|lambda=0.001|scaling=fixed,history_qwen_missing_only|lambda=1|scaling=fixed,history_qwen_missing_only|lambda=0.01|scaling=fixed
37,decision_close_2026_4,2026-06-11,proxy_market,81,proxy_market|lambda=0.1|scaling=fixed,proxy_market|lambda=1|scaling=fixed,proxy_market|lambda=0.1|scaling=fixed
37,decision_close_2026_4,2026-06-11,proxy_market_lsa,81,proxy_market_lsa|lambda=0.01|scaling=column_standardized,proxy_market_lsa|lambda=0.1|scaling=column_standardized,proxy_market_lsa|lambda=0.1|scaling=column_standardized
37,decision_close_2026_4,2026-06-11,history_transformer,81,history_transformer|lambda=1|scaling=fixed,history_transformer|lambda=0.1|scaling=fixed,history_transformer|lambda=1|scaling=fixed