axis,first_label,second_label,count
inflation_pressure,-1,-1,2
inflation_pressure,-1,0,0
inflation_pressure,-1,1,0
inflation_pressure,0,-1,5
inflation_pressure,0,0,8
inflation_pressure,0,1,1
inflation_pressure,1,-1,1
inflation_pressure,1,0,5
inflation_pressure,1,1,2
demand_pressure,-1,-1,13
demand_pressure,-1,0,0
demand_pressure,-1,1,0
demand_pressure,0,-1,4
demand_pressure,0,0,2
demand_pressure,0,1,1
demand_pressure,1,-1,1
demand_pressure,1,0,0
demand_pressure,1,1,2
forward_policy_bias,-1,-1,0
forward_policy_bias,-1,0,0
forward_policy_bias,-1,1,0
forward_policy_bias,0,-1,0
forward_policy_bias,0,0,10
forward_policy_bias,0,1,0
forward_policy_bias,1,-1,0
forward_policy_bias,1,0,13
forward_policy_bias,1,1,1