fold,origin_id,origin_date,training_n,arm,true_class,predicted_class,true_action_bp,predicted_action_bp,probabilities
1,decision_close_2023_1,2023-01-19,85,history,cut,hold,-50,6.70666714240475,"[0.14726157105006876, 0.7633719742997063, 0.08936645465022493]"
1,decision_close_2023_1,2023-01-19,85,history_tfidf,cut,hold,-50,2.916153625202177,"[0.16557879288076854, 0.7432234454520582, 0.09119776166717318]"
1,decision_close_2023_1,2023-01-19,85,history_lsa,cut,hold,-50,7.832201000782053,"[0.16519372990650327, 0.74740094545969, 0.08740532463380671]"
1,decision_close_2023_1,2023-01-19,85,history_transformer,cut,hold,-50,-11.57131064016026,"[0.13028648632699474, 0.8681333184636517, 0.0015801952093533707]"
1,decision_close_2023_1,2023-01-19,85,history_qwen_all,cut,hold,-50,28.991756802399493,"[0.14725438795647647, 0.730613654768349, 0.12213195727517441]"
1,decision_close_2023_1,2023-01-19,85,history_qwen_inflation,cut,hold,-50,26.4787461019965,"[0.15256131797008166, 0.7429503442688593, 0.10448833776105908]"
1,decision_close_2023_1,2023-01-19,85,history_qwen_demand,cut,hold,-50,27.352730289043958,"[0.14682196758076016, 0.747309523610726, 0.10586850880851395]"
1,decision_close_2023_1,2023-01-19,85,history_qwen_forward,cut,hold,-50,27.56129862168799,"[0.14534200213617693, 0.739975630052657, 0.11468236781116603]"
1,decision_close_2023_1,2023-01-19,85,history_qwen_scores_only,cut,hold,-50,13.094092043668159,"[0.1301861925461404, 0.7706385472720703, 0.09917526018178922]"
1,decision_close_2023_1,2023-01-19,85,history_qwen_missing_only,cut,hold,-50,27.98414757683563,"[0.14935526124933504, 0.7394200032885918, 0.11122473546207302]"
2,decision_close_2023_2,2023-02-23,86,history,hold,hold,0,0.4241020714957938,"[0.148055836228514, 0.7784793607798357, 0.0734648029916503]"
2,decision_close_2023_2,2023-02-23,86,history_tfidf,hold,hold,0,-4.181618733556882,"[0.18028784733688352, 0.7422281679390286, 0.07748398472408784]"
2,decision_close_2023_2,2023-02-23,86,history_lsa,hold,hold,0,-2.058555356311957,"[0.18158819449844438, 0.7434913626930396, 0.07492044280851595]"
2,decision_close_2023_2,2023-02-23,86,history_transformer,hold,cut,0,-8.071367149709351,"[0.7716109694318688, 0.2193993869349425, 0.008989643633188623]"
2,decision_close_2023_2,2023-02-23,86,history_qwen_all,hold,hold,0,-33.630480187825206,"[0.16757052050372578, 0.8131866020733598, 0.019242877422914386]"
2,decision_close_2023_2,2023-02-23,86,history_qwen_inflation,hold,hold,0,-10.083589273328958,"[0.14496696415272964, 0.7832496149910246, 0.07178342085624585]"
2,decision_close_2023_2,2023-02-23,86,history_qwen_demand,hold,hold,0,-0.35719555366986316,"[0.13361207682557047, 0.7933024564798407, 0.07308546669458879]"
2,decision_close_2023_2,2023-02-23,86,history_qwen_forward,hold,hold,0,-36.349498561982955,"[0.19434740253135438, 0.7865942756001215, 0.019058321868524217]"
2,decision_close_2023_2,2023-02-23,86,history_qwen_scores_only,hold,hold,0,-33.08808482987221,"[0.17242432889238526, 0.8073666567587215, 0.020209014348893287]"
2,decision_close_2023_2,2023-02-23,86,history_qwen_missing_only,hold,hold,0,-3.080783410686036,"[0.1400386466781044, 0.7892807497203581, 0.07068060360153747]"
3,decision_close_2023_3,2023-03-23,87,history,hold,hold,0,7.048297223775435,"[0.14720029545522886, 0.7625344920711074, 0.09026521247366374]"
3,decision_close_2023_3,2023-03-23,87,history_tfidf,hold,hold,0,5.509053675152024,"[0.1684427945568738, 0.73934225810086, 0.09221494734226636]"
3,decision_close_2023_3,2023-03-23,87,history_lsa,hold,hold,0,7.379021606121911,"[0.17357587320238038, 0.7361217387752613, 0.09030238802235833]"
3,decision_close_2023_3,2023-03-23,87,history_transformer,hold,hold,0,10.585384042502774,"[0.17088838402580128, 0.8222674444620863, 0.006844171512112393]"
3,decision_close_2023_3,2023-03-23,87,history_qwen_all,hold,hold,0,8.40113683119386,"[0.11762748787394527, 0.7897448539143397, 0.09262765821171502]"
3,decision_close_2023_3,2023-03-23,87,history_qwen_inflation,hold,hold,0,0.4118162350936233,"[0.140356481996607, 0.773036479618169, 0.08660703838522395]"
3,decision_close_2023_3,2023-03-23,87,history_qwen_demand,hold,hold,0,4.369691947479717,"[0.13037478990515278, 0.7812992882878993, 0.08832592180694795]"
3,decision_close_2023_3,2023-03-23,87,history_qwen_forward,hold,hold,0,10.96178183857659,"[0.12356919614821915, 0.7842054209822015, 0.0922253828695794]"
3,decision_close_2023_3,2023-03-23,87,history_qwen_scores_only,hold,hold,0,12.604871092412973,"[0.13471153450701323, 0.7674192551848095, 0.09786921030817733]"
3,decision_close_2023_3,2023-03-23,87,history_qwen_missing_only,hold,hold,0,2.3620982112752555,"[0.13711746377398967, 0.7772021312991493, 0.08568040492686098]"
4,decision_close_2023_4,2023-04-27,88,history,hold,hold,0,9.831396780501793,"[0.11070863445627906, 0.8142856411254693, 0.07500572441825176]"
4,decision_close_2023_4,2023-04-27,88,history_tfidf,hold,hold,0,7.132129273362716,"[0.12471331510911382, 0.7995925760547545, 0.07569410883613162]"
4,decision_close_2023_4,2023-04-27,88,history_lsa,hold,hold,0,7.431268090667239,"[0.1335370664630485, 0.7909330998314444, 0.0755298337055071]"
4,decision_close_2023_4,2023-04-27,88,history_transformer,hold,hold,0,3.3835980235993715,"[0.09073135696934646, 0.9011800484786767, 0.008088594551976892]"
4,decision_close_2023_4,2023-04-27,88,history_qwen_all,hold,hold,0,8.30366632224209,"[0.09279728527654411, 0.827185029281485, 0.08001768544197099]"
4,decision_close_2023_4,2023-04-27,88,history_qwen_inflation,hold,hold,0,-0.49080768558356636,"[0.10820074917729736, 0.8191730654438772, 0.07262618537882554]"
4,decision_close_2023_4,2023-04-27,88,history_qwen_demand,hold,hold,0,8.387855921199552,"[0.09952900091158545, 0.8268649307033925, 0.07360606838502201]"
4,decision_close_2023_4,2023-04-27,88,history_qwen_forward,hold,hold,0,14.167517879467184,"[0.09451453451681263, 0.8269550897737615, 0.07853037570942582]"
4,decision_close_2023_4,2023-04-27,88,history_qwen_scores_only,hold,hold,0,12.169641617520012,"[0.1050002775043273, 0.8104039248003501, 0.08459579769532266]"
4,decision_close_2023_4,2023-04-27,88,history_qwen_missing_only,hold,hold,0,5.890690778525663,"[0.10407174982128223, 0.8245396591109155, 0.07138859106780213]"
5,decision_close_2023_5,2023-05-25,89,history,hike,hold,650,18.462324899627834,"[0.11120224339610145, 0.7959664831466682, 0.09283127345723036]"
5,decision_close_2023_5,2023-05-25,89,history_tfidf,hike,hold,650,16.483612028831136,"[0.12172399294406772, 0.7865882373911725, 0.09168776966475978]"
5,decision_close_2023_5,2023-05-25,89,history_lsa,hike,hold,650,18.399458526361126,"[0.13105069145076173, 0.7758260900281719, 0.09312321852106635]"
5,decision_close_2023_5,2023-05-25,89,history_transformer,hike,hold,650,-20.907414185194067,"[0.15957652702760428, 0.8346614743281964, 0.005761998644199342]"
5,decision_close_2023_5,2023-05-25,89,history_qwen_all,hike,hold,650,19.91960698384619,"[0.08911113132605306, 0.8175173955578205, 0.09337147311612645]"
5,decision_close_2023_5,2023-05-25,89,history_qwen_inflation,hike,hold,650,12.090666325859708,"[0.10670875839218552, 0.8047501947788133, 0.08854104682900125]"
5,decision_close_2023_5,2023-05-25,89,history_qwen_demand,hike,hold,650,16.677001191051087,"[0.09865964885339562, 0.8110442275304632, 0.09029612361614116]"
5,decision_close_2023_5,2023-05-25,89,history_qwen_forward,hike,hold,650,22.137733457021323,"[0.09351777432915089, 0.8133414689429426, 0.09314075672790645]"
5,decision_close_2023_5,2023-05-25,89,history_qwen_scores_only,hike,hold,650,23.770828976022152,"[0.10172146756735558, 0.7985527283601623, 0.0997258040724821]"
5,decision_close_2023_5,2023-05-25,89,history_qwen_missing_only,hike,hold,650,14.293364906990593,"[0.10404456419631557, 0.808523410098185, 0.08743202570549942]"
6,decision_close_2023_6,2023-06-22,90,history,hike,hold,250,168.12384088722385,"[0.0009292100289074911, 0.8006573695854657, 0.19841342038562676]"
6,decision_close_2023_6,2023-06-22,90,history_tfidf,hike,hold,250,165.69344986711562,"[0.001273135934452685, 0.7914835619811607, 0.2072433020843867]"
6,decision_close_2023_6,2023-06-22,90,history_lsa,hike,hold,250,172.18322197701136,"[0.0013838297485948264, 0.7817557898090486, 0.21686038044235678]"
6,decision_close_2023_6,2023-06-22,90,history_transformer,hike,hold,250,-256.3929561162383,"[0.2677927982811586, 0.5781958459517181, 0.15401135576712333]"
6,decision_close_2023_6,2023-06-22,90,history_qwen_all,hike,hold,250,154.53598188687948,"[0.0017381694953342696, 0.8663762423388326, 0.13188558816583307]"
6,decision_close_2023_6,2023-06-22,90,history_qwen_inflation,hike,hold,250,184.34198452501263,"[0.001328560058629117, 0.7840265202285117, 0.21464491971285904]"
6,decision_close_2023_6,2023-06-22,90,history_qwen_demand,hike,hold,250,172.08757423212754,"[0.001359981717051326, 0.7849784146156358, 0.21366160366731268]"
6,decision_close_2023_6,2023-06-22,90,history_qwen_forward,hike,hold,250,147.62902820085898,"[0.0014481975416574273, 0.8606211255894801, 0.13793067686886243]"
6,decision_close_2023_6,2023-06-22,90,history_qwen_scores_only,hike,hold,250,148.31468191031666,"[0.0009861657784618174, 0.8875720976171232, 0.11144173660441489]"
6,decision_close_2023_6,2023-06-22,90,history_qwen_missing_only,hike,hold,250,178.18173898229082,"[0.0013204880379324396, 0.7801999138459503, 0.21847959811611703]"
7,decision_close_2023_7,2023-07-20,91,history,hike,hold,750,205.50546440542448,"[0.0009061963668229241, 0.7194133921295703, 0.27968041150360673]"
7,decision_close_2023_7,2023-07-20,91,history_tfidf,hike,hold,750,204.05195868491015,"[0.001352355537086785, 0.6946309702160721, 0.30401667424684103]"
7,decision_close_2023_7,2023-07-20,91,history_lsa,hike,hold,750,211.06481394714538,"[0.0015068754748349374, 0.6924268607517767, 0.3060662637733881]"
7,decision_close_2023_7,2023-07-20,91,history_transformer,hike,hike,750,334.89015689536114,"[0.09226538078267953, 0.03688912125131728, 0.8708454979660032]"
7,decision_close_2023_7,2023-07-20,91,history_qwen_all,hike,hold,750,252.42611460924874,"[0.00035944777180962624, 0.7614388992818797, 0.23820165294631046]"
7,decision_close_2023_7,2023-07-20,91,history_qwen_inflation,hike,hold,750,230.24393510364294,"[0.0006292245334824386, 0.7564816885199304, 0.24288908694658712]"
7,decision_close_2023_7,2023-07-20,91,history_qwen_demand,hike,hold,750,240.62413409580995,"[0.0005525404187454548, 0.6798108942236794, 0.3196365653575753]"
7,decision_close_2023_7,2023-07-20,91,history_qwen_forward,hike,hold,750,194.183433742348,"[0.0010712990852179258, 0.7832554884821589, 0.21567321243262302]"
7,decision_close_2023_7,2023-07-20,91,history_qwen_scores_only,hike,hold,750,255.40538632954326,"[0.0003308746910518751, 0.7082553256707904, 0.2914137996381576]"
7,decision_close_2023_7,2023-07-20,91,history_qwen_missing_only,hike,hold,750,201.9011048949719,"[0.0010419123308310955, 0.7586614782872468, 0.2402966093819222]"
8,decision_close_2023_8,2023-08-24,92,history,hike,hike,500,307.165445544402,"[7.067473545991124e-05, 0.3186505703380118, 0.6812787549265285]"
8,decision_close_2023_8,2023-08-24,92,history_tfidf,hike,hike,500,321.9500724708036,"[0.00011981248858336467, 0.3073838230560227, 0.6924963644553936]"
8,decision_close_2023_8,2023-08-24,92,history_lsa,hike,hike,500,301.51762342774265,"[0.0001352693083459456, 0.3139825589446309, 0.6858821717470232]"
8,decision_close_2023_8,2023-08-24,92,history_transformer,hike,hike,500,492.4981826039808,"[0.015578543016738939, 0.015115027187529873, 0.9693064297957315]"
8,decision_close_2023_8,2023-08-24,92,history_qwen_all,hike,hike,500,286.12062282917236,"[0.00023670525513352854, 0.41876530184081107, 0.5809979929040557]"
8,decision_close_2023_8,2023-08-24,92,history_qwen_inflation,hike,hike,500,318.6126987962564,"[0.00011204503805508815, 0.3028064066692938, 0.6970815482926512]"
8,decision_close_2023_8,2023-08-24,92,history_qwen_demand,hike,hike,500,295.98436678210527,"[0.0001294694249775729, 0.33539525692388966, 0.6644752736511329]"
8,decision_close_2023_8,2023-08-24,92,history_qwen_forward,hike,hike,500,289.1376857676013,"[0.0001783204922506135, 0.39586927061228944, 0.60395240889546]"
8,decision_close_2023_8,2023-08-24,92,history_qwen_scores_only,hike,hike,500,281.23244121618984,"[0.0001111714842246727, 0.4492334609235284, 0.5506553675922466]"
8,decision_close_2023_8,2023-08-24,92,history_qwen_missing_only,hike,hike,500,315.1962524615303,"[0.0001168445191594667, 0.3037628615964204, 0.6961202938844203]"
9,decision_close_2023_9,2023-09-21,93,history,hike,hike,500,431.77192979529855,"[0.00017868520674531175, 0.1921143642809789, 0.8077069505122758]"
9,decision_close_2023_9,2023-09-21,93,history_tfidf,hike,hike,500,441.12993430791744,"[0.0002983243678250481, 0.19041808310602948, 0.8092835925261457]"
9,decision_close_2023_9,2023-09-21,93,history_lsa,hike,hike,500,421.03128130420026,"[0.00032993925047308955, 0.19652293720498676, 0.8031471235445403]"
9,decision_close_2023_9,2023-09-21,93,history_transformer,hike,hike,500,504.22599630814966,"[0.027910335214946003, 0.006348667764183998, 0.96574099702087]"
9,decision_close_2023_9,2023-09-21,93,history_qwen_all,hike,hike,500,425.3024492830115,"[0.0005179832921590275, 0.21865589536104393, 0.7808261213467971]"
9,decision_close_2023_9,2023-09-21,93,history_qwen_inflation,hike,hike,500,441.8936016472355,"[0.00027869898515662866, 0.18299664596312762, 0.8167246550517157]"
9,decision_close_2023_9,2023-09-21,93,history_qwen_demand,hike,hike,500,431.0289083707889,"[0.00032533769830361375, 0.19668387227687711, 0.8029907900248193]"
9,decision_close_2023_9,2023-09-21,93,history_qwen_forward,hike,hike,500,426.42752034342107,"[0.0004180418997237228, 0.19967133089338282, 0.7999106272068934]"
9,decision_close_2023_9,2023-09-21,93,history_qwen_scores_only,hike,hike,500,417.03502589373596,"[0.0002367557251722026, 0.24334238260107444, 0.7564208616737536]"
9,decision_close_2023_9,2023-09-21,93,history_qwen_missing_only,hike,hike,500,441.7165926989104,"[0.0003070747183538258, 0.1753279652301423, 0.8243649600515037]"
10,decision_close_2023_10,2023-10-26,94,history,hike,hike,500,352.19913041144497,"[0.0005914450249822649, 0.21313609923164745, 0.7862724557433703]"
10,decision_close_2023_10,2023-10-26,94,history_tfidf,hike,hike,500,358.6141851148882,"[0.000921661622822609, 0.2096150688212177, 0.7894632695559596]"
10,decision_close_2023_10,2023-10-26,94,history_lsa,hike,hike,500,358.6648549009415,"[0.0009682608036636246, 0.20628041535678818, 0.7927513238395483]"
10,decision_close_2023_10,2023-10-26,94,history_transformer,hike,hike,500,399.28518687194315,"[0.0191068130503333, 0.014953281667906668, 0.9659399052817601]"
10,decision_close_2023_10,2023-10-26,94,history_qwen_all,hike,hike,500,351.322522413918,"[0.0016728149957048485, 0.23084799962833022, 0.7674791853759647]"
10,decision_close_2023_10,2023-10-26,94,history_qwen_inflation,hike,hike,500,362.99363324863293,"[0.0009186736718235797, 0.20461021258755696, 0.7944711137406196]"
10,decision_close_2023_10,2023-10-26,94,history_qwen_demand,hike,hike,500,350.8214877965,"[0.0010604746714731354, 0.21020632254643498, 0.7887332027820917]"
10,decision_close_2023_10,2023-10-26,94,history_qwen_forward,hike,hike,500,348.60790612278333,"[0.0014029910321113161, 0.22715433834688475, 0.7714426706210039]"
10,decision_close_2023_10,2023-10-26,94,history_qwen_scores_only,hike,hike,500,345.40891191927574,"[0.0007511898771298726, 0.24709898845798273, 0.7521498216648873]"
10,decision_close_2023_10,2023-10-26,94,history_qwen_missing_only,hike,hike,500,358.72030154894264,"[0.001033742745956239, 0.2015531978214327, 0.7974130594326109]"
11,decision_close_2023_11,2023-11-23,95,history,hike,hike,250,350.44400787190426,"[0.0015765611350809761, 0.13837772807461682, 0.8600457107903023]"
11,decision_close_2023_11,2023-11-23,95,history_tfidf,hike,hike,250,339.16370869845827,"[0.0023307398355039166, 0.14890270755338056, 0.8487665526111153]"
11,decision_close_2023_11,2023-11-23,95,history_lsa,hike,hike,250,344.88228694244896,"[0.00241866380764694, 0.14302290921503943, 0.8545584269773138]"
11,decision_close_2023_11,2023-11-23,95,history_transformer,hike,hike,250,435.8609715220393,"[0.006480599709842481, 0.00033354520227317985, 0.9931858550878846]"
11,decision_close_2023_11,2023-11-23,95,history_qwen_all,hike,hike,250,309.46248863039756,"[0.004006426030169208, 0.34031368763637404, 0.6556798863334568]"
11,decision_close_2023_11,2023-11-23,95,history_qwen_inflation,hike,hike,250,389.6488885680734,"[0.001074358957006688, 0.16513128634926008, 0.8337943546937331]"
11,decision_close_2023_11,2023-11-23,95,history_qwen_demand,hike,hike,250,254.47030913066993,"[0.005608764319914798, 0.30620627826423336, 0.6881849574158517]"
11,decision_close_2023_11,2023-11-23,95,history_qwen_forward,hike,hike,250,328.531962082497,"[0.0026525292777431434, 0.2062465240725769, 0.7911009466496799]"
11,decision_close_2023_11,2023-11-23,95,history_qwen_scores_only,hike,hike,250,322.96063957033834,"[0.002760164673675122, 0.2590726852173429, 0.7381671501089818]"
11,decision_close_2023_11,2023-11-23,95,history_qwen_missing_only,hike,hike,250,330.85789662716087,"[0.0020811236019129442, 0.18742453238558635, 0.8104943440125009]"
12,decision_close_2023_12,2023-12-21,96,history,hike,hike,250,235.2429025940395,"[0.010816196701939843, 0.19543327133311558, 0.7937505319649446]"
12,decision_close_2023_12,2023-12-21,96,history_tfidf,hike,hike,250,223.94462526034684,"[0.013742563928184945, 0.20112544548772596, 0.785131990584089]"
12,decision_close_2023_12,2023-12-21,96,history_lsa,hike,hike,250,232.38047586552696,"[0.01401061780121034, 0.1947396478487204, 0.7912497343500691]"
12,decision_close_2023_12,2023-12-21,96,history_transformer,hike,hike,250,258.9739936243115,"[0.015501702620678539, 0.00018126104115694672, 0.9843170363381648]"
12,decision_close_2023_12,2023-12-21,96,history_qwen_all,hike,hike,250,240.1537399009078,"[0.012612493559346192, 0.23596580662837952, 0.7514216998122742]"
12,decision_close_2023_12,2023-12-21,96,history_qwen_inflation,hike,hike,250,219.81001490109156,"[0.011634891987822828, 0.2368062744047289, 0.7515588336074484]"
12,decision_close_2023_12,2023-12-21,96,history_qwen_demand,hike,hike,250,240.02872972349704,"[0.011533487190344478, 0.2086013118276225, 0.7798652009820329]"
12,decision_close_2023_12,2023-12-21,96,history_qwen_forward,hike,hike,250,220.91041349717665,"[0.013797222670549175, 0.23915773793388123, 0.7470450393955697]"
12,decision_close_2023_12,2023-12-21,96,history_qwen_scores_only,hike,hike,250,253.60803546776287,"[0.010872621921484122, 0.19341173111145846, 0.7957156469670574]"
12,decision_close_2023_12,2023-12-21,96,history_qwen_missing_only,hike,hike,250,218.7658835042548,"[0.012184776381004556, 0.23235184056757432, 0.7554633830514211]"
13,decision_close_2024_1,2024-01-25,97,history,hold,hike,0,116.67468000076416,"[0.04274459911389951, 0.2767519044043517, 0.6805034964817489]"
13,decision_close_2024_1,2024-01-25,97,history_tfidf,hold,hike,0,107.61660976462046,"[0.04832900373771162, 0.28093380287296593, 0.6707371933893223]"
13,decision_close_2024_1,2024-01-25,97,history_lsa,hold,hike,0,111.04513261647169,"[0.048821335640190165, 0.2705802251611061, 0.6805984391987038]"
13,decision_close_2024_1,2024-01-25,97,history_transformer,hold,hike,0,136.71893138310014,"[0.020355032931986778, 0.00044221860732066796, 0.9792027484606924]"
13,decision_close_2024_1,2024-01-25,97,history_qwen_all,hold,hike,0,121.38853399596736,"[0.04353938435649184, 0.3054447411084541, 0.651015874535054]"
13,decision_close_2024_1,2024-01-25,97,history_qwen_inflation,hold,hike,0,104.15817478777893,"[0.04221860449996895, 0.31185232769439014, 0.6459290678056411]"
13,decision_close_2024_1,2024-01-25,97,history_qwen_demand,hold,hike,0,119.58105365260532,"[0.042550183932821777, 0.2860104138038603, 0.6714394022633181]"
13,decision_close_2024_1,2024-01-25,97,history_qwen_forward,hold,hike,0,104.26770710083923,"[0.046950640810606896, 0.3162661864145639, 0.6367831727748293]"
13,decision_close_2024_1,2024-01-25,97,history_qwen_scores_only,hold,hike,0,133.7083415149729,"[0.04290155268309336, 0.26709251103303006, 0.6900059362838766]"
13,decision_close_2024_1,2024-01-25,97,history_qwen_missing_only,hold,hike,0,101.81099200135,"[0.04308228214240567, 0.3108362815235366, 0.6460814363340578]"
14,decision_close_2024_2,2024-02-22,98,history,hike,hold,500,1.2434430520071316,"[0.2328740816283098, 0.43880074689488746, 0.3283251714768026]"
14,decision_close_2024_2,2024-02-22,98,history_tfidf,hike,hold,500,-5.594367796028099,"[0.22166860287439893, 0.4581119867722942, 0.32021941035330687]"
14,decision_close_2024_2,2024-02-22,98,history_lsa,hike,hold,500,-7.532495720923227,"[0.22278423070748143, 0.4523702765364059, 0.32484549275611263]"
14,decision_close_2024_2,2024-02-22,98,history_transformer,hike,hike,500,365.4305638246543,"[0.031064003269983115, 0.33190045358329656, 0.6370355431467204]"
14,decision_close_2024_2,2024-02-22,98,history_qwen_all,hike,hold,500,14.349828008960694,"[0.1904850638857245, 0.47380514093603493, 0.3357097951782406]"
14,decision_close_2024_2,2024-02-22,98,history_qwen_inflation,hike,hold,500,-3.5941914691464403,"[0.20832316170158266, 0.4795258037036549, 0.3121510345947625]"
14,decision_close_2024_2,2024-02-22,98,history_qwen_demand,hike,hold,500,5.561587303223664,"[0.21276645649307202, 0.455369045727858, 0.33186449777906973]"
14,decision_close_2024_2,2024-02-22,98,history_qwen_forward,hike,hold,500,-5.234741837202655,"[0.20904765035078454, 0.465478163236337, 0.32547418641287856]"
14,decision_close_2024_2,2024-02-22,98,history_qwen_scores_only,hike,hold,500,25.20952390347903,"[0.21490290143362503, 0.4312255153340572, 0.35387158323231765]"
14,decision_close_2024_2,2024-02-22,98,history_qwen_missing_only,hike,hold,500,-10.873000716897485,"[0.21367353659316543, 0.47316377852541175, 0.3131626848814228]"
15,decision_close_2024_3,2024-03-21,99,history,hold,hike,0,129.42474164675252,"[0.03169989867386547, 0.24312100052213392, 0.7251791008040006]"
15,decision_close_2024_3,2024-03-21,99,history_tfidf,hold,hike,0,133.6808878655238,"[0.03335139642409837, 0.2643703022052779, 0.7022783013706237]"
15,decision_close_2024_3,2024-03-21,99,history_lsa,hold,hike,0,116.56488969704759,"[0.033258169034586435, 0.2675266673569324, 0.6992151636084812]"
15,decision_close_2024_3,2024-03-21,99,history_transformer,hold,hike,0,383.7463311765168,"[0.0011794212049551615, 0.19787596230295845, 0.8009446164920865]"
15,decision_close_2024_3,2024-03-21,99,history_qwen_all,hold,hike,0,102.71553366578634,"[0.04237097874659526, 0.36264014206092926, 0.5949888791924753]"
15,decision_close_2024_3,2024-03-21,99,history_qwen_inflation,hold,hike,0,175.911729364233,"[0.017616996351533767, 0.2556495567622272, 0.726733446886239]"
15,decision_close_2024_3,2024-03-21,99,history_qwen_demand,hold,hike,0,47.45028915723862,"[0.06857607225288678, 0.3539756303006167, 0.5774482974464965]"
15,decision_close_2024_3,2024-03-21,99,history_qwen_forward,hold,hike,0,115.56839762565315,"[0.03627486415934427, 0.3031154249669968, 0.6606097108736589]"
15,decision_close_2024_3,2024-03-21,99,history_qwen_scores_only,hold,hike,0,108.46192639600807,"[0.04003160885651315, 0.330176981213672, 0.629791409929815]"
15,decision_close_2024_3,2024-03-21,99,history_qwen_missing_only,hold,hike,0,118.54897458596771,"[0.03182806277647782, 0.2837618075469008, 0.6844101296766214]"
16,decision_close_2024_4,2024-04-25,100,history,hold,hike,0,138.04080768365745,"[0.08884806861753934, 0.45468515460761655, 0.4564667767748441]"
16,decision_close_2024_4,2024-04-25,100,history_tfidf,hold,hold,0,138.14720784591248,"[0.08868066179140517, 0.4778748144843783, 0.43344452372421655]"
16,decision_close_2024_4,2024-04-25,100,history_lsa,hold,hold,0,132.62025070564118,"[0.0903382439951527, 0.46339005721378074, 0.44627169879106665]"
16,decision_close_2024_4,2024-04-25,100,history_transformer,hold,hold,0,212.68735770129786,"[0.0009781328803676061, 0.8907851061811618, 0.10823676093847058]"
16,decision_close_2024_4,2024-04-25,100,history_qwen_all,hold,hold,0,60.0735999339988,"[0.14095116814247122, 0.5241237855438428, 0.334925046313686]"
16,decision_close_2024_4,2024-04-25,100,history_qwen_inflation,hold,hold,0,125.31147032285061,"[0.08512254245557137, 0.47075446784398767, 0.44412298970044106]"
16,decision_close_2024_4,2024-04-25,100,history_qwen_demand,hold,hold,0,70.53548471398013,"[0.1459754377806727, 0.5416985699809908, 0.3123259922383367]"
16,decision_close_2024_4,2024-04-25,100,history_qwen_forward,hold,hike,0,137.14923171473944,"[0.08417036545944269, 0.4498026943539767, 0.4660269401865808]"
16,decision_close_2024_4,2024-04-25,100,history_qwen_scores_only,hold,hold,0,63.10917415086963,"[0.1422454758756642, 0.5145569462449038, 0.3431975778794321]"
16,decision_close_2024_4,2024-04-25,100,history_qwen_missing_only,hold,hold,0,132.81044732141913,"[0.08556240973415262, 0.4710318409021693, 0.44340574936367805]"
17,decision_close_2024_5,2024-05-23,101,history,hold,hold,0,-33.2481588423558,"[0.263575251223339, 0.5241706827905976, 0.21225406598606347]"
17,decision_close_2024_5,2024-05-23,101,history_tfidf,hold,hold,0,-31.94425078455916,"[0.2336071040112459, 0.5566910612806454, 0.20970183470810863]"
17,decision_close_2024_5,2024-05-23,101,history_lsa,hold,hold,0,-28.071975040059055,"[0.23305482805126465, 0.5480138857610745, 0.21893128618766078]"
17,decision_close_2024_5,2024-05-23,101,history_transformer,hold,hold,0,-153.5941627331432,"[0.0040728165850643155, 0.7312343286674721, 0.26469285474746346]"
17,decision_close_2024_5,2024-05-23,101,history_qwen_all,hold,hold,0,18.94871371151295,"[0.34244434140013336, 0.3597537414154401, 0.2978019171844266]"
17,decision_close_2024_5,2024-05-23,101,history_qwen_inflation,hold,hold,0,-11.691836135182232,"[0.3233949186712638, 0.429989137177741, 0.24661594415099522]"
17,decision_close_2024_5,2024-05-23,101,history_qwen_demand,hold,hold,0,7.100098960174978,"[0.31844982224587554, 0.38541390446797597, 0.2961362732861484]"
17,decision_close_2024_5,2024-05-23,101,history_qwen_forward,hold,hold,0,-19.569063011912647,"[0.3434701022619766, 0.4050482835860214, 0.25148161415200193]"
17,decision_close_2024_5,2024-05-23,101,history_qwen_scores_only,hold,hold,0,9.9294460576672,"[0.24079762361209003, 0.484913708357518, 0.27428866803039176]"
17,decision_close_2024_5,2024-05-23,101,history_qwen_missing_only,hold,hold,0,-19.393895522607053,"[0.34924726704095815, 0.4006340859635675, 0.2501186469954745]"
18,decision_close_2024_6,2024-06-27,102,history,hold,hold,0,-88.05166102118984,"[0.3350685416931291, 0.5752046160541988, 0.0897268422526721]"
18,decision_close_2024_6,2024-06-27,102,history_tfidf,hold,hold,0,-86.95642807302902,"[0.28952108974509727, 0.6208230243570722, 0.08965588589783054]"
18,decision_close_2024_6,2024-06-27,102,history_lsa,hold,hold,0,-82.69303942592079,"[0.28740634819035704, 0.6170276522847113, 0.09556599952493162]"
18,decision_close_2024_6,2024-06-27,102,history_transformer,hold,hold,0,87.81094581132017,"[0.0012924659016420646, 0.891217363294246, 0.10749017080411204]"
18,decision_close_2024_6,2024-06-27,102,history_qwen_all,hold,hold,0,-46.74208494997953,"[0.4180888508761799, 0.4568240481302902, 0.1250871009935299]"
18,decision_close_2024_6,2024-06-27,102,history_qwen_inflation,hold,hold,0,-74.35307405920017,"[0.3905491660955391, 0.5077028042406077, 0.10174802966385338]"
18,decision_close_2024_6,2024-06-27,102,history_qwen_demand,hold,hold,0,-51.90029432295478,"[0.3969035844979353, 0.4824506914939248, 0.12064572400813976]"
18,decision_close_2024_6,2024-06-27,102,history_qwen_forward,hold,hold,0,-77.02501619154627,"[0.4007100062463521, 0.4905535201653669, 0.10873647358828091]"
18,decision_close_2024_6,2024-06-27,102,history_qwen_scores_only,hold,hold,0,-53.3295185860237,"[0.32894048500286455, 0.5520743668347418, 0.11898514816239364]"
18,decision_close_2024_6,2024-06-27,102,history_qwen_missing_only,hold,hold,0,-76.67618087370238,"[0.40838957262285963, 0.4887037240943384, 0.10290670328280214]"
19,decision_close_2024_7,2024-07-23,103,history,hold,hold,0,-54.752350272504835,"[0.27564345382306504, 0.6022084450501737, 0.12214810112676112]"
19,decision_close_2024_7,2024-07-23,103,history_tfidf,hold,hold,0,-49.58175496325639,"[0.2422708951055061, 0.6368574490049619, 0.1208716558895319]"
19,decision_close_2024_7,2024-07-23,103,history_lsa,hold,hold,0,-50.47038561328423,"[0.2302253522746816, 0.6460035760324534, 0.12377107169286508]"
19,decision_close_2024_7,2024-07-23,103,history_transformer,hold,hold,0,-2.491278117558421,"[0.00026066122205946037, 0.9983404757472234, 0.0013988630307174724]"
19,decision_close_2024_7,2024-07-23,103,history_qwen_all,hold,hold,0,-12.730945188321929,"[0.31291796215087825, 0.5275637053225833, 0.15951833252653833]"
19,decision_close_2024_7,2024-07-23,103,history_qwen_inflation,hold,hold,0,-37.339132884641934,"[0.3005015227668257, 0.5635380804088825, 0.13596039682429176]"
19,decision_close_2024_7,2024-07-23,103,history_qwen_demand,hold,hold,0,-22.88830775534422,"[0.31148920208450703, 0.5324398110329923, 0.15607098688250046]"
19,decision_close_2024_7,2024-07-23,103,history_qwen_forward,hold,hold,0,-44.96665778586235,"[0.3134177683066826, 0.5441775756148695, 0.14240465607844785]"
19,decision_close_2024_7,2024-07-23,103,history_qwen_scores_only,hold,hold,0,-18.743925545555484,"[0.25668086198479384, 0.5914876570431273, 0.1518314809720789]"
19,decision_close_2024_7,2024-07-23,103,history_qwen_missing_only,hold,hold,0,-44.47605416375959,"[0.3215706271188863, 0.5412644411217313, 0.13716493175938244]"
20,decision_close_2024_8,2024-08-20,104,history,hold,hold,0,-50.77054570434796,"[0.22386716672105408, 0.6695773915374839, 0.10655544174146202]"
20,decision_close_2024_8,2024-08-20,104,history_tfidf,hold,hold,0,-45.68193579364368,"[0.19663950141755887, 0.699226948826093, 0.10413354975634802]"
20,decision_close_2024_8,2024-08-20,104,history_lsa,hold,hold,0,-47.05718520205296,"[0.18646745762692965, 0.709325889615142, 0.10420665275792829]"
20,decision_close_2024_8,2024-08-20,104,history_transformer,hold,hold,0,146.60968967489896,"[0.005260588656624359, 0.8090660419245141, 0.1856733694188615]"
20,decision_close_2024_8,2024-08-20,104,history_qwen_all,hold,hold,0,-124.17333637829189,"[0.21424606486030026, 0.7186265974694408, 0.0671273376702588]"
20,decision_close_2024_8,2024-08-20,104,history_qwen_inflation,hold,hold,0,-63.35588789933687,"[0.1826243914933416, 0.7156366011958668, 0.10173900731079147]"
20,decision_close_2024_8,2024-08-20,104,history_qwen_demand,hold,hold,0,-123.19163192834874,"[0.24986202035318877, 0.6872181993644951, 0.06291978028231593]"
20,decision_close_2024_8,2024-08-20,104,history_qwen_forward,hold,hold,0,-58.549392178256255,"[0.16769256190030565, 0.7251000180516217, 0.10720742004807264]"
20,decision_close_2024_8,2024-08-20,104,history_qwen_scores_only,hold,hold,0,-117.55731951745743,"[0.27567395233449454, 0.657361579933936, 0.06696446773156951]"
20,decision_close_2024_8,2024-08-20,104,history_qwen_missing_only,hold,hold,0,-64.09925541623373,"[0.17700219401330422, 0.7208493466384269, 0.10214845934826867]"
21,decision_close_2024_9,2024-09-19,105,history,hold,hold,0,-48.667643646440716,"[0.19089603516089704, 0.715814962971102, 0.09328900186800082]"
21,decision_close_2024_9,2024-09-19,105,history_tfidf,hold,hold,0,-42.50016086587589,"[0.17015545477220925, 0.7382040211436081, 0.09164052408418279]"
21,decision_close_2024_9,2024-09-19,105,history_lsa,hold,hold,0,-45.51212777186528,"[0.16290271015929098, 0.7455548409138191, 0.09154244892688979]"
21,decision_close_2024_9,2024-09-19,105,history_transformer,hold,hold,0,43.80671508883585,"[0.003643194168450976, 0.9036289060396294, 0.09272789979191944]"
21,decision_close_2024_9,2024-09-19,105,history_qwen_all,hold,hold,0,-21.93452247362137,"[0.13305725077682598, 0.7563584281582663, 0.11058432106490781]"
21,decision_close_2024_9,2024-09-19,105,history_qwen_inflation,hold,hold,0,-59.973033613261336,"[0.15849548563867463, 0.7530391251244032, 0.0884653892369223]"
21,decision_close_2024_9,2024-09-19,105,history_qwen_demand,hold,hold,0,-23.56953045502472,"[0.15669013390980915, 0.7347787703060824, 0.10853109578410843]"
21,decision_close_2024_9,2024-09-19,105,history_qwen_forward,hold,hold,0,-54.492316330478374,"[0.14485088120281076, 0.7619066453917056, 0.09324247340548364]"
21,decision_close_2024_9,2024-09-19,105,history_qwen_scores_only,hold,hold,0,-15.201675411137055,"[0.1819398733634268, 0.701311924732837, 0.1167482019037362]"
21,decision_close_2024_9,2024-09-19,105,history_qwen_missing_only,hold,hold,0,-59.36592942197898,"[0.15221781181339467, 0.7591236761361064, 0.0886585120504988]"
22,decision_close_2024_10,2024-10-17,106,history,hold,hold,0,-38.65697617111731,"[0.17108501536147475, 0.7332303482493309, 0.09568463638919439]"
22,decision_close_2024_10,2024-10-17,106,history_tfidf,hold,hold,0,-34.35841022419036,"[0.1533656753476103, 0.7535552130608162, 0.09307911159157342]"
22,decision_close_2024_10,2024-10-17,106,history_lsa,hold,hold,0,-36.23250024737119,"[0.1467084076988053, 0.7607062802190495, 0.0925853120821452]"
22,decision_close_2024_10,2024-10-17,106,history_transformer,hold,hold,0,90.14450529777329,"[0.00569135045005252, 0.906909720346317, 0.08739892920363022]"
22,decision_close_2024_10,2024-10-17,106,history_qwen_all,hold,hold,0,-12.909722458154349,"[0.118926628068361, 0.7715273315982055, 0.10954604033343354]"
22,decision_close_2024_10,2024-10-17,106,history_qwen_inflation,hold,hold,0,-47.069898296318954,"[0.14183654947250032, 0.7678648310836168, 0.09029861944388286]"
22,decision_close_2024_10,2024-10-17,106,history_qwen_demand,hold,hold,0,-15.598776130909842,"[0.14085242715266824, 0.7506955208592834, 0.10845205198804848]"
22,decision_close_2024_10,2024-10-17,106,history_qwen_forward,hold,hold,0,-43.33750983987724,"[0.13078426038700466, 0.7745529464620782, 0.09466279315091708]"
22,decision_close_2024_10,2024-10-17,106,history_qwen_scores_only,hold,hold,0,-7.2745337419076295,"[0.16082802686512596, 0.7228372781831136, 0.1163346949517604]"
22,decision_close_2024_10,2024-10-17,106,history_qwen_missing_only,hold,hold,0,-47.62925237047896,"[0.13751299834832562, 0.7719046965668643, 0.09058230508481002]"
23,decision_close_2024_11,2024-11-21,107,history,cut,hold,-250,-50.64700269508198,"[0.14955650799435008, 0.7808271815615239, 0.069616310444126]"
23,decision_close_2024_11,2024-11-21,107,history_tfidf,cut,hold,-250,-45.245551600971524,"[0.13525454310400417, 0.796951374893535, 0.06779408200246102]"
23,decision_close_2024_11,2024-11-21,107,history_lsa,cut,hold,-250,-50.20076987099692,"[0.13080931026550585, 0.8016730981463378, 0.0675175915881564]"
23,decision_close_2024_11,2024-11-21,107,history_transformer,cut,hold,-250,65.76896879924463,"[0.0006786652017935859, 0.9876903286509281, 0.011631006147278397]"
23,decision_close_2024_11,2024-11-21,107,history_qwen_all,cut,hold,-250,-31.85919362566519,"[0.11105601979798105, 0.8087019349947887, 0.0802420452072303]"
23,decision_close_2024_11,2024-11-21,107,history_qwen_inflation,cut,hold,-250,-61.75043976369437,"[0.12942513203785355, 0.8047514663239551, 0.06582340163819143]"
23,decision_close_2024_11,2024-11-21,107,history_qwen_demand,cut,hold,-250,-29.87294189035478,"[0.12543551914729248, 0.7968058206477551, 0.07775866020495249]"
23,decision_close_2024_11,2024-11-21,107,history_qwen_forward,cut,hold,-250,-54.0761558906249,"[0.11621606464760283, 0.8141029876884001, 0.06968094766399703]"
23,decision_close_2024_11,2024-11-21,107,history_qwen_scores_only,cut,hold,-250,-26.94827081665625,"[0.14787231203412388, 0.7664878683077425, 0.0856398196581337]"
23,decision_close_2024_11,2024-11-21,107,history_qwen_missing_only,cut,hold,-250,-58.13513447512639,"[0.12140712442889462, 0.8129317227244472, 0.06566115284665808]"
24,decision_close_2024_12,2024-12-26,108,history,cut,hold,-250,-133.26775235243386,"[0.4837198659017322, 0.49127299707511435, 0.025007137023153356]"
24,decision_close_2024_12,2024-12-26,108,history_tfidf,cut,hold,-250,-127.48297477933855,"[0.4460669317336168, 0.5267414988521184, 0.027191569414264916]"
24,decision_close_2024_12,2024-12-26,108,history_lsa,cut,hold,-250,-127.04914187920613,"[0.4282209441833847, 0.5441606983226874, 0.02761835749392781]"
24,decision_close_2024_12,2024-12-26,108,history_transformer,cut,hold,-250,-301.55458377433956,"[0.0019721322899929144, 0.997555177866406, 0.0004726898436013773]"
24,decision_close_2024_12,2024-12-26,108,history_qwen_all,cut,hold,-250,-114.26086255345702,"[0.3995876773099051, 0.5652752586674276, 0.035137064022667495]"
24,decision_close_2024_12,2024-12-26,108,history_qwen_inflation,cut,hold,-250,-140.89655987404032,"[0.4442987131111085, 0.5298883862166819, 0.025812900672209663]"
24,decision_close_2024_12,2024-12-26,108,history_qwen_demand,cut,hold,-250,-115.86668136881471,"[0.43938823697864865, 0.5301920225539981, 0.03041974046735324]"
24,decision_close_2024_12,2024-12-26,108,history_qwen_forward,cut,hold,-250,-131.2174351728316,"[0.4112268257818872, 0.5583325270744725, 0.03044064714364045]"
24,decision_close_2024_12,2024-12-26,108,history_qwen_scores_only,cut,hold,-250,-109.30374000725531,"[0.47216533010814693, 0.49483315417991725, 0.0330015157119359]"
24,decision_close_2024_12,2024-12-26,108,history_qwen_missing_only,cut,hold,-250,-138.85675519450578,"[0.43284329367972263, 0.5409025743396442, 0.026254131980633377]"
25,decision_close_2025_1,2025-01-23,109,history,cut,cut,-250,-219.8942235388625,"[0.7433813930426718, 0.24740642621897413, 0.00921218073835398]"
25,decision_close_2025_1,2025-01-23,109,history_tfidf,cut,cut,-250,-213.0596992073974,"[0.7139909128005869, 0.27489493456196, 0.011114152637453203]"
25,decision_close_2025_1,2025-01-23,109,history_lsa,cut,cut,-250,-207.121270145253,"[0.6962174907082683, 0.2921948128165102, 0.011587696475221511]"
25,decision_close_2025_1,2025-01-23,109,history_transformer,cut,cut,-250,-124.58672765065539,"[0.5045034548915751, 0.2963664887354904, 0.19913005637293463]"
25,decision_close_2025_1,2025-01-23,109,history_qwen_all,cut,cut,-250,-199.16489469579312,"[0.6650359348168476, 0.3210926124861713, 0.013871452696980901]"
25,decision_close_2025_1,2025-01-23,109,history_qwen_inflation,cut,cut,-250,-222.40922728369762,"[0.705351259680999, 0.28460305876269976, 0.010045681556301051]"
25,decision_close_2025_1,2025-01-23,109,history_qwen_demand,cut,cut,-250,-207.23810893189957,"[0.709837814289642, 0.2786366186224359, 0.011525567087922083]"
25,decision_close_2025_1,2025-01-23,109,history_qwen_forward,cut,cut,-250,-219.25608009642707,"[0.6804352397675251, 0.30758900814261925, 0.011975752089855645]"
25,decision_close_2025_1,2025-01-23,109,history_qwen_scores_only,cut,cut,-250,-193.30541719763715,"[0.7232219291646437, 0.26459618833178067, 0.012181882503575827]"
25,decision_close_2025_1,2025-01-23,109,history_qwen_missing_only,cut,cut,-250,-226.72201184264574,"[0.7040782538666123, 0.28578863471553245, 0.01013311141785555]"
26,decision_close_2025_2,2025-03-06,110,history,hold,cut,0,-271.14306825034987,"[0.7979454116442052, 0.19858246447947744, 0.00347212387631722]"
26,decision_close_2025_2,2025-03-06,110,history_tfidf,hold,cut,0,-264.27589903640813,"[0.7776136774501222, 0.21805632488865226, 0.004329997661225534]"
26,decision_close_2025_2,2025-03-06,110,history_lsa,hold,cut,0,-262.9434792308756,"[0.7635147049004033, 0.2320482236907038, 0.004437071408893014]"
26,decision_close_2025_2,2025-03-06,110,history_transformer,hold,cut,0,-297.1308728281454,"[0.9078518815730722, 0.07260173463168192, 0.019546383795245842]"
26,decision_close_2025_2,2025-03-06,110,history_qwen_all,hold,cut,0,-262.23256572332787,"[0.7604016656316391, 0.23442071148215168, 0.005177622886209305]"
26,decision_close_2025_2,2025-03-06,110,history_qwen_inflation,hold,cut,0,-281.54343871023974,"[0.7831458768495936, 0.21319343276178512, 0.003660690388621194]"
26,decision_close_2025_2,2025-03-06,110,history_qwen_demand,hold,cut,0,-260.3254162456679,"[0.7772009475923181, 0.21851236860007978, 0.004286683807602441]"
26,decision_close_2025_2,2025-03-06,110,history_qwen_forward,hold,cut,0,-269.9554042710622,"[0.7553040310006623, 0.2400161405131782, 0.0046798284861593225]"
26,decision_close_2025_2,2025-03-06,110,history_qwen_scores_only,hold,cut,0,-256.604881771984,"[0.798672295985225, 0.19677240577082522, 0.004555298243949846]"
26,decision_close_2025_2,2025-03-06,110,history_qwen_missing_only,hold,cut,0,-276.9779581479255,"[0.7708786142051967, 0.22530486929362756, 0.0038165165011757795]"
27,decision_close_2025_3,2025-03-20,111,history,hike,cut,350,-113.85703316651234,"[0.49821932901865584, 0.4552112603631705, 0.046569410618173664]"
27,decision_close_2025_3,2025-03-20,111,history_tfidf,hike,hold,350,-114.76529441072891,"[0.4489131060125419, 0.5009407734144263, 0.0501461205730317]"
27,decision_close_2025_3,2025-03-20,111,history_lsa,hike,hold,350,-119.51062362987356,"[0.4136479181848702, 0.5369810172104977, 0.04937106460463207]"
27,decision_close_2025_3,2025-03-20,111,history_transformer,hike,hold,350,-379.6780139435572,"[0.00032652567584503676, 0.986560256226133, 0.013113218098021975]"
27,decision_close_2025_3,2025-03-20,111,history_qwen_all,hike,hold,350,-67.22575794725883,"[0.4161804186389663, 0.5639873088631302, 0.019832272497903525]"
27,decision_close_2025_3,2025-03-20,111,history_qwen_inflation,hike,hold,350,-72.65401091198156,"[0.31825660965267977, 0.6230372722125664, 0.05870611813475383]"
27,decision_close_2025_3,2025-03-20,111,history_qwen_demand,hike,hold,350,-103.02437659925509,"[0.4549407502912356, 0.49165313931284027, 0.05340611039592419]"
27,decision_close_2025_3,2025-03-20,111,history_qwen_forward,hike,cut,350,-157.1180396648035,"[0.5816942652842563, 0.40564985792597147, 0.0126558767897723]"
27,decision_close_2025_3,2025-03-20,111,history_qwen_scores_only,hike,hold,350,-65.33355086841087,"[0.43812594845303615, 0.5421969090179415, 0.019677142529022355]"
27,decision_close_2025_3,2025-03-20,111,history_qwen_missing_only,hike,hold,350,-121.72385399445464,"[0.45276837695030475, 0.5002163584808271, 0.04701526456886823]"
28,decision_close_2025_4,2025-04-17,112,history,hold,hold,0,88.25955084381587,"[0.05164497469822207, 0.672186591972174, 0.2761684333296039]"
28,decision_close_2025_4,2025-04-17,112,history_tfidf,hold,hold,0,81.55720270955766,"[0.05670762490332345, 0.6744269205275517, 0.2688654545691249]"
28,decision_close_2025_4,2025-04-17,112,history_lsa,hold,hold,0,77.23470857172047,"[0.0559853500181005, 0.6860096475377074, 0.25800500244419194]"
28,decision_close_2025_4,2025-04-17,112,history_transformer,hold,hold,0,-225.29961085723045,"[0.43689688349816996, 0.4916737725177848, 0.07142934398404507]"
28,decision_close_2025_4,2025-04-17,112,history_qwen_all,hold,hold,0,-1.4019161710815964,"[0.06421695939997557, 0.7752821817898247, 0.1605008588101999]"
28,decision_close_2025_4,2025-04-17,112,history_qwen_inflation,hold,hold,0,73.46236635365675,"[0.05134710645417119, 0.6958771396704427, 0.25277575387538614]"
28,decision_close_2025_4,2025-04-17,112,history_qwen_demand,hold,hold,0,15.533702111675868,"[0.06468565036692282, 0.7686941594878797, 0.16662019014519744]"
28,decision_close_2025_4,2025-04-17,112,history_qwen_forward,hold,hold,0,82.88056461362623,"[0.046349332255067544, 0.6935551998558079, 0.26009546788912463]"
28,decision_close_2025_4,2025-04-17,112,history_qwen_scores_only,hold,hold,0,2.8412359201074935,"[0.06869253703520377, 0.7643755922515346, 0.16693187071326163]"
28,decision_close_2025_4,2025-04-17,112,history_qwen_missing_only,hold,hold,0,82.52040658486149,"[0.047592908356229244, 0.6929012004170088, 0.2595058912267619]"
29,decision_close_2025_5,2025-06-19,113,history,cut,hold,-300,-2.572639283754652,"[0.06863781599129905, 0.8769695756184889, 0.054392608390212094]"
29,decision_close_2025_5,2025-06-19,113,history_tfidf,cut,hold,-300,-8.221169792219357,"[0.07499589366103569, 0.8711528924363559, 0.05385121390260842]"
29,decision_close_2025_5,2025-06-19,113,history_lsa,cut,hold,-300,-23.563688010167372,"[0.07231413917152255, 0.8778640462070862, 0.04982181462139127]"
29,decision_close_2025_5,2025-06-19,113,history_transformer,cut,hold,-300,-82.86564559608487,"[0.13105971316656545, 0.8530659802610844, 0.015874306572350217]"
29,decision_close_2025_5,2025-06-19,113,history_qwen_all,cut,hold,-300,-108.38673049187118,"[0.08470129386747725, 0.8852745750221788, 0.030024131110343827]"
29,decision_close_2025_5,2025-06-19,113,history_qwen_inflation,cut,hold,-300,-33.33309535820988,"[0.07098985815869806, 0.878298260458625, 0.05071188138267698]"
29,decision_close_2025_5,2025-06-19,113,history_qwen_demand,cut,hold,-300,-72.04377623809897,"[0.07592306791472771, 0.8947126530780791, 0.02936427900719308]"
29,decision_close_2025_5,2025-06-19,113,history_qwen_forward,cut,hold,-300,-5.134106785054726,"[0.06773984236522855, 0.8760592272830934, 0.056200930351678]"
29,decision_close_2025_5,2025-06-19,113,history_qwen_scores_only,cut,hold,-300,-106.69459590326409,"[0.08773423087748919, 0.8817819825638399, 0.03048378655867083]"
29,decision_close_2025_5,2025-06-19,113,history_qwen_missing_only,cut,hold,-300,-5.524729427998626,"[0.0639763743664898, 0.8837696417190705, 0.05225398391443975]"
30,decision_close_2025_6,2025-07-24,114,history,cut,cut,-250,-107.91983835609675,"[0.4907211355957971, 0.46723457625971276, 0.04204428814449028]"
30,decision_close_2025_6,2025-07-24,114,history_tfidf,cut,cut,-250,-101.43447387498283,"[0.48281843973340793, 0.47160129343340745, 0.04558026683318456]"
30,decision_close_2025_6,2025-07-24,114,history_lsa,cut,hold,-250,-104.21824930136472,"[0.4621704181974116, 0.49372937327498356, 0.04410020852760484]"
30,decision_close_2025_6,2025-07-24,114,history_transformer,cut,cut,-250,-217.99145051213787,"[0.5885138118150393, 0.36673499655344377, 0.044751191631516966]"
30,decision_close_2025_6,2025-07-24,114,history_qwen_all,cut,hold,-250,14.895423740879576,"[0.42685524592162644, 0.5131865648546475, 0.05995818922372603]"
30,decision_close_2025_6,2025-07-24,114,history_qwen_inflation,cut,hold,-250,-113.84311651104512,"[0.4725003002755526, 0.4859252300799584, 0.04157446964448907]"
30,decision_close_2025_6,2025-07-24,114,history_qwen_demand,cut,hold,-250,6.621363866794599,"[0.3343429307848348, 0.5519036739527542, 0.11375339526241102]"
30,decision_close_2025_6,2025-07-24,114,history_qwen_forward,cut,cut,-250,-119.87480419113506,"[0.5776835903045023, 0.4015722795271268, 0.02074413016837087]"
30,decision_close_2025_6,2025-07-24,114,history_qwen_scores_only,cut,hold,-250,17.85274334094269,"[0.45446759367590234, 0.48602092305403416, 0.059511483270063496]"
30,decision_close_2025_6,2025-07-24,114,history_qwen_missing_only,cut,hold,-250,-110.2894169660973,"[0.46175846905506734, 0.4947643139166037, 0.043477217028329025]"
31,decision_close_2025_7,2025-09-11,115,history,cut,cut,-100,-270.1189697272076,"[0.7208988040589621, 0.27386554164861515, 0.005235654292422725]"
31,decision_close_2025_7,2025-09-11,115,history_tfidf,cut,cut,-100,-264.26876821819593,"[0.7012330201295559, 0.2924957041692482, 0.006271275701196084]"
31,decision_close_2025_7,2025-09-11,115,history_lsa,cut,cut,-100,-264.0985060519821,"[0.6871296602058719, 0.3065163865067359, 0.006353953287392205]"
31,decision_close_2025_7,2025-09-11,115,history_transformer,cut,hold,-100,-37.71073510256975,"[0.2651239052064163, 0.7094976593802005, 0.025378435413383214]"
31,decision_close_2025_7,2025-09-11,115,history_qwen_all,cut,cut,-100,-270.9521379668476,"[0.680609666863892, 0.3119851504226007, 0.007405182713507417]"
31,decision_close_2025_7,2025-09-11,115,history_qwen_inflation,cut,cut,-100,-284.8177177501382,"[0.7191794105120668, 0.2756497898997626, 0.005170799588170712]"
31,decision_close_2025_7,2025-09-11,115,history_qwen_demand,cut,cut,-100,-260.4887606005957,"[0.7027290255822871, 0.2909908958407365, 0.006280078576976479]"
31,decision_close_2025_7,2025-09-11,115,history_qwen_forward,cut,cut,-100,-268.17205553136677,"[0.6581408305480101, 0.3349571489101223, 0.006902020541867432]"
31,decision_close_2025_7,2025-09-11,115,history_qwen_scores_only,cut,cut,-100,-266.98303621808884,"[0.7255401785698838, 0.2678841384876013, 0.006575682942514996]"
31,decision_close_2025_7,2025-09-11,115,history_qwen_missing_only,cut,cut,-100,-273.1306304579453,"[0.6923744493464808, 0.30196454838515496, 0.005661002268364185]"
32,decision_close_2025_8,2025-10-23,116,history,cut,cut,-150,-182.63480638812567,"[0.6021486456274027, 0.38437990722632115, 0.013471447146276211]"
32,decision_close_2025_8,2025-10-23,116,history_tfidf,cut,cut,-150,-166.99249530237782,"[0.5919692035688384, 0.39229021328724767, 0.015740583143913755]"
32,decision_close_2025_8,2025-10-23,116,history_lsa,cut,cut,-150,-175.6081237293146,"[0.5690694730536159, 0.41561222922144253, 0.015318297724941607]"
32,decision_close_2025_8,2025-10-23,116,history_transformer,cut,cut,-150,-49.042212795597315,"[0.4880711287121083, 0.45318195023445446, 0.05874692105343737]"
32,decision_close_2025_8,2025-10-23,116,history_qwen_all,cut,hold,-150,-200.0887353990236,"[0.47456875435831986, 0.5121029002839685, 0.013328345357711609]"
32,decision_close_2025_8,2025-10-23,116,history_qwen_inflation,cut,hold,-150,-138.1199643482106,"[0.4564803604418565, 0.5221265332695876, 0.021393106288556136]"
32,decision_close_2025_8,2025-10-23,116,history_qwen_demand,cut,cut,-150,-248.58853231943866,"[0.6178891021133062, 0.3748089468211737, 0.007301951065519824]"
32,decision_close_2025_8,2025-10-23,116,history_qwen_forward,cut,cut,-150,-182.27694946093922,"[0.5428462700140139, 0.4409087168859798, 0.016245013100006308]"
32,decision_close_2025_8,2025-10-23,116,history_qwen_scores_only,cut,cut,-150,-199.6867919305819,"[0.5034192085564716, 0.48420786356415635, 0.012372927879371972]"
32,decision_close_2025_8,2025-10-23,116,history_qwen_missing_only,cut,cut,-150,-186.15023221695486,"[0.5727210063810456, 0.4132764623366863, 0.01400253128226803]"
33,decision_close_2025_9,2025-12-11,117,history,cut,cut,-100,-173.70490786883744,"[0.6110418287251167, 0.37580928485173287, 0.013148886423150439]"
33,decision_close_2025_9,2025-12-11,117,history_tfidf,cut,cut,-100,-162.59167639152727,"[0.61746155680498, 0.3676874066900975, 0.014851036504922529]"
33,decision_close_2025_9,2025-12-11,117,history_lsa,cut,cut,-100,-172.39120506597152,"[0.5941651306785203, 0.3915159382819517, 0.014318931039528093]"
33,decision_close_2025_9,2025-12-11,117,history_transformer,cut,cut,-100,-63.79540123200896,"[0.8620782062645418, 0.1219739824097076, 0.015947811325750412]"
33,decision_close_2025_9,2025-12-11,117,history_qwen_all,cut,cut,-100,-170.1594670507826,"[0.5813985744272503, 0.401659378678249, 0.016942046894500618]"
33,decision_close_2025_9,2025-12-11,117,history_qwen_inflation,cut,cut,-100,-191.99593005397438,"[0.6181972777954255, 0.3693005276125476, 0.012502194592026927]"
33,decision_close_2025_9,2025-12-11,117,history_qwen_demand,cut,cut,-100,-155.8560050699145,"[0.5891666359047651, 0.3953898270392878, 0.015443537055946975]"
33,decision_close_2025_9,2025-12-11,117,history_qwen_forward,cut,cut,-100,-172.5897783430625,"[0.5695940480513761, 0.4147987141763935, 0.015607237772230364]"
33,decision_close_2025_9,2025-12-11,117,history_qwen_scores_only,cut,cut,-100,-166.86378671752652,"[0.6162027649642966, 0.36773473167943255, 0.01606250335627102]"
33,decision_close_2025_9,2025-12-11,117,history_qwen_missing_only,cut,cut,-100,-176.10432122843997,"[0.5906475539649223, 0.3957973692373439, 0.013555076797733804]"
34,decision_close_2026_1,2026-01-22,118,history,hold,cut,0,-131.5900257760613,"[0.5282237199147004, 0.4469042826348328, 0.02487199745046689]"
34,decision_close_2026_1,2026-01-22,118,history_tfidf,hold,cut,0,-119.69489642899104,"[0.5408500904356648, 0.4318208812114481, 0.02732902835288692]"
34,decision_close_2026_1,2026-01-22,118,history_lsa,hold,cut,0,-129.23044679215047,"[0.513414894654052, 0.46044536197043207, 0.026139743375516004]"
34,decision_close_2026_1,2026-01-22,118,history_transformer,hold,cut,0,-132.43558983428832,"[0.9795326678769213, 0.01584647897013375, 0.004620853152945151]"
34,decision_close_2026_1,2026-01-22,118,history_qwen_all,hold,hold,0,-118.09823429311834,"[0.3655595901056285, 0.567934893240167, 0.06650551665420465]"
34,decision_close_2026_1,2026-01-22,118,history_qwen_inflation,hold,cut,0,-145.57228850568816,"[0.5327609384485963, 0.4436655423587969, 0.023573519192606945]"
34,decision_close_2026_1,2026-01-22,118,history_qwen_demand,hold,cut,0,-118.17541298436318,"[0.5082324441800007, 0.46330024569300204, 0.028467310126997363]"
34,decision_close_2026_1,2026-01-22,118,history_qwen_forward,hold,hold,0,-109.6102879075012,"[0.3498277831820353, 0.5879151669650502, 0.06225704985291459]"
34,decision_close_2026_1,2026-01-22,118,history_qwen_scores_only,hold,hold,0,-112.76968687854512,"[0.4194083368422552, 0.5162535257084989, 0.06433813744924606]"
34,decision_close_2026_1,2026-01-22,118,history_qwen_missing_only,hold,cut,0,-134.48948305977376,"[0.5085901820505248, 0.4663392947511028, 0.02507052319837231]"
35,decision_close_2026_2,2026-03-12,119,history,hold,hold,0,-108.78105479856384,"[0.38687823666681687, 0.5826867066376763, 0.030435056695506855]"
35,decision_close_2026_2,2026-03-12,119,history_tfidf,hold,hold,0,-96.0737390060524,"[0.39500277172627296, 0.5714425741527096, 0.03355465412101726]"
35,decision_close_2026_2,2026-03-12,119,history_lsa,hold,hold,0,-111.6651699541822,"[0.384558104376251, 0.584236339792162, 0.031205555831586875]"
35,decision_close_2026_2,2026-03-12,119,history_transformer,hold,hold,0,-6.010963362627808,"[0.16353529984038223, 0.8184779991996622, 0.017986700959955606]"
35,decision_close_2026_2,2026-03-12,119,history_qwen_all,hold,hold,0,-106.76003379483063,"[0.3753619156326075, 0.589256963817141, 0.035381120550251347]"
35,decision_close_2026_2,2026-03-12,119,history_qwen_inflation,hold,hold,0,-127.36225539102173,"[0.39654635463353555, 0.5749696823248002, 0.028483963041664246]"
35,decision_close_2026_2,2026-03-12,119,history_qwen_demand,hold,hold,0,-91.74776818701072,"[0.36786793708417326, 0.597735549196159, 0.03439651371966786]"
35,decision_close_2026_2,2026-03-12,119,history_qwen_forward,hold,hold,0,-110.14722587250469,"[0.3638859751162306, 0.6037992099993346, 0.032314814884434835]"
35,decision_close_2026_2,2026-03-12,119,history_qwen_scores_only,hold,hold,0,-103.84021521384206,"[0.40201574012972024, 0.5625493853090298, 0.03543487456124984]"
35,decision_close_2026_2,2026-03-12,119,history_qwen_missing_only,hold,hold,0,-111.6811421775559,"[0.37032172678244185, 0.5996586773250591, 0.030019595892498956]"
36,decision_close_2026_3,2026-04-22,120,history,hold,hold,0,-45.068769460725846,"[0.28083134408912575, 0.6555983781480017, 0.0635702777628726]"
36,decision_close_2026_3,2026-04-22,120,history_tfidf,hold,hold,0,-34.568355275486816,"[0.2823466977352612, 0.6518455951925894, 0.06580770707214932]"
36,decision_close_2026_3,2026-04-22,120,history_lsa,hold,hold,0,-39.15869673824376,"[0.28389210737987536, 0.6500031883172996, 0.06610470430282493]"
36,decision_close_2026_3,2026-04-22,120,history_transformer,hold,hold,0,141.58797367220927,"[0.0338156790612961, 0.9425151841691385, 0.02366913676956556]"
36,decision_close_2026_3,2026-04-22,120,history_qwen_all,hold,hold,0,-39.14318588819481,"[0.2562961046542813, 0.6718860051175615, 0.07181789022815721]"
36,decision_close_2026_3,2026-04-22,120,history_qwen_inflation,hold,hold,0,-58.44040538109012,"[0.281163772520891, 0.6592718634617915, 0.05956436401731762]"
36,decision_close_2026_3,2026-04-22,120,history_qwen_demand,hold,hold,0,-29.740672021784007,"[0.2629182209819421, 0.6668311876142632, 0.07025059140379475]"
36,decision_close_2026_3,2026-04-22,120,history_qwen_forward,hold,hold,0,-45.59472839247779,"[0.2570894885362621, 0.6769055025829431, 0.06600500888079476]"
36,decision_close_2026_3,2026-04-22,120,history_qwen_scores_only,hold,hold,0,-36.69390491005584,"[0.278003642663879, 0.6487934847021449, 0.0732028726339762]"
36,decision_close_2026_3,2026-04-22,120,history_qwen_missing_only,hold,hold,0,-47.74940271205713,"[0.26724634176273937, 0.6707805771355511, 0.06197308110170955]"
37,decision_close_2026_4,2026-06-11,121,history,hold,hold,0,-69.07808142375984,"[0.27078151852448984, 0.6839726313279383, 0.045245850147571716]"
37,decision_close_2026_4,2026-06-11,121,history_tfidf,hold,hold,0,-61.582988320125565,"[0.2739756377858391, 0.6796114335071657, 0.04641292870699515]"
37,decision_close_2026_4,2026-06-11,121,history_lsa,hold,hold,0,-61.83441998734196,"[0.28321568511666884, 0.6683658943193441, 0.04841842056398703]"
37,decision_close_2026_4,2026-06-11,121,history_transformer,hold,hold,0,-20.424700953306395,"[0.050869000778463125, 0.9398953895318679, 0.009235609689669124]"
37,decision_close_2026_4,2026-06-11,121,history_qwen_all,hold,hold,0,-153.87052224441823,"[0.33522211745602176, 0.63996093272924, 0.024816949814738122]"
37,decision_close_2026_4,2026-06-11,121,history_qwen_inflation,hold,hold,0,-85.81818754277937,"[0.2765160871608006, 0.6811866600662201, 0.042297252772979375]"
37,decision_close_2026_4,2026-06-11,121,history_qwen_demand,hold,hold,0,-133.81382661360385,"[0.31747827508145915, 0.6575546103392235, 0.024967114579317235]"
37,decision_close_2026_4,2026-06-11,121,history_qwen_forward,hold,hold,0,-69.96469714070162,"[0.25627257425776223, 0.6968905169087247, 0.046836908833513026]"
37,decision_close_2026_4,2026-06-11,121,history_qwen_scores_only,hold,hold,0,-152.93717889303156,"[0.3441871044969167, 0.6310522995246566, 0.02476059597842657]"
37,decision_close_2026_4,2026-06-11,121,history_qwen_missing_only,hold,hold,0,-71.39935254903824,"[0.25968977615829086, 0.6962554265846951, 0.04405479725701402]"