analysis,reference,candidate,omitted_origin_id,omitted_origin_date,n_remaining,macro_f1_difference,change_from_full_difference
fixed,history,history_tfidf,decision_close_2023_1,2023-01-19,36,0.030045292970989568,0.001477090622299282
fixed,history,history_tfidf,decision_close_2023_2,2023-02-23,36,0.02915415415415412,0.0005859518054638357
fixed,history,history_tfidf,decision_close_2023_3,2023-03-23,36,0.02915415415415412,0.0005859518054638357
fixed,history,history_tfidf,decision_close_2023_4,2023-04-27,36,0.02915415415415412,0.0005859518054638357
fixed,history,history_tfidf,decision_close_2023_5,2023-05-25,36,0.0297729618163054,0.001204759467615113
fixed,history,history_tfidf,decision_close_2023_6,2023-06-22,36,0.0297729618163054,0.001204759467615113
fixed,history,history_tfidf,decision_close_2023_7,2023-07-20,36,0.0297729618163054,0.001204759467615113
fixed,history,history_tfidf,decision_close_2023_8,2023-08-24,36,0.028786067272437377,0.00021786492374709088
fixed,history,history_tfidf,decision_close_2023_9,2023-09-21,36,0.028786067272437377,0.00021786492374709088
fixed,history,history_tfidf,decision_close_2023_10,2023-10-26,36,0.028786067272437377,0.00021786492374709088
fixed,history,history_tfidf,decision_close_2023_11,2023-11-23,36,0.028786067272437377,0.00021786492374709088
fixed,history,history_tfidf,decision_close_2023_12,2023-12-21,36,0.028786067272437377,0.00021786492374709088
fixed,history,history_tfidf,decision_close_2024_1,2024-01-25,36,0.0297729618163054,0.001204759467615113
fixed,history,history_tfidf,decision_close_2024_2,2024-02-22,36,0.0297729618163054,0.001204759467615113
fixed,history,history_tfidf,decision_close_2024_3,2024-03-21,36,0.0297729618163054,0.001204759467615113
fixed,history,history_tfidf,decision_close_2024_4,2024-04-25,36,0.006406948744409946,-0.02216125360428034
fixed,history,history_tfidf,decision_close_2024_5,2024-05-23,36,0.02915415415415412,0.0005859518054638357
fixed,history,history_tfidf,decision_close_2024_6,2024-06-27,36,0.02915415415415412,0.0005859518054638357
fixed,history,history_tfidf,decision_close_2024_7,2024-07-23,36,0.02915415415415412,0.0005859518054638357
fixed,history,history_tfidf,decision_close_2024_8,2024-08-20,36,0.02915415415415412,0.0005859518054638357
fixed,history,history_tfidf,decision_close_2024_9,2024-09-19,36,0.02915415415415412,0.0005859518054638357
fixed,history,history_tfidf,decision_close_2024_10,2024-10-17,36,0.02915415415415412,0.0005859518054638357
fixed,history,history_tfidf,decision_close_2024_11,2024-11-21,36,0.030045292970989568,0.001477090622299282
fixed,history,history_tfidf,decision_close_2024_12,2024-12-26,36,0.030045292970989568,0.001477090622299282
fixed,history,history_tfidf,decision_close_2025_1,2025-01-23,36,0.029011713086318558,0.0004435107376282721
fixed,history,history_tfidf,decision_close_2025_2,2025-03-06,36,0.030045292970989568,0.001477090622299282
fixed,history,history_tfidf,decision_close_2025_3,2025-03-20,36,0.023366013071895453,-0.005202189276794833
fixed,history,history_tfidf,decision_close_2025_4,2025-04-17,36,0.02915415415415412,0.0005859518054638357
fixed,history,history_tfidf,decision_close_2025_5,2025-06-19,36,0.030045292970989568,0.001477090622299282
fixed,history,history_tfidf,decision_close_2025_6,2025-07-24,36,0.029011713086318558,0.0004435107376282721
fixed,history,history_tfidf,decision_close_2025_7,2025-09-11,36,0.029011713086318558,0.0004435107376282721
fixed,history,history_tfidf,decision_close_2025_8,2025-10-23,36,0.029011713086318558,0.0004435107376282721
fixed,history,history_tfidf,decision_close_2025_9,2025-12-11,36,0.029011713086318558,0.0004435107376282721
fixed,history,history_tfidf,decision_close_2026_1,2026-01-22,36,0.030045292970989568,0.001477090622299282
fixed,history,history_tfidf,decision_close_2026_2,2026-03-12,36,0.02915415415415412,0.0005859518054638357
fixed,history,history_tfidf,decision_close_2026_3,2026-04-22,36,0.02915415415415412,0.0005859518054638357
fixed,history,history_tfidf,decision_close_2026_4,2026-06-11,36,0.02915415415415412,0.0005859518054638357
fixed,history,history_lsa,decision_close_2023_1,2023-01-19,36,-0.007391795685611324,1.5611721796093825e-05
fixed,history,history_lsa,decision_close_2023_2,2023-02-23,36,-0.006956956956956972,0.00045045045045044585
fixed,history,history_lsa,decision_close_2023_3,2023-03-23,36,-0.006956956956956972,0.00045045045045044585
fixed,history,history_lsa,decision_close_2023_4,2023-04-27,36,-0.006956956956956972,0.00045045045045044585
fixed,history,history_lsa,decision_close_2023_5,2023-05-25,36,-0.006473650649819307,0.0009337567575881112
fixed,history,history_lsa,decision_close_2023_6,2023-06-22,36,-0.006473650649819307,0.0009337567575881112
fixed,history,history_lsa,decision_close_2023_7,2023-07-20,36,-0.006473650649819307,0.0009337567575881112
fixed,history,history_lsa,decision_close_2023_8,2023-08-24,36,-0.007189542483660105,0.00021786492374731292
fixed,history,history_lsa,decision_close_2023_9,2023-09-21,36,-0.007189542483660105,0.00021786492374731292
fixed,history,history_lsa,decision_close_2023_10,2023-10-26,36,-0.007189542483660105,0.00021786492374731292
fixed,history,history_lsa,decision_close_2023_11,2023-11-23,36,-0.007189542483660105,0.00021786492374731292
fixed,history,history_lsa,decision_close_2023_12,2023-12-21,36,-0.007189542483660105,0.00021786492374731292
fixed,history,history_lsa,decision_close_2024_1,2024-01-25,36,-0.006473650649819307,0.0009337567575881112
fixed,history,history_lsa,decision_close_2024_2,2024-02-22,36,-0.006473650649819307,0.0009337567575881112
fixed,history,history_lsa,decision_close_2024_3,2024-03-21,36,-0.006473650649819307,0.0009337567575881112
fixed,history,history_lsa,decision_close_2024_4,2024-04-25,36,-0.029704162366701148,-0.02229675495929373
fixed,history,history_lsa,decision_close_2024_5,2024-05-23,36,-0.006956956956956972,0.00045045045045044585
fixed,history,history_lsa,decision_close_2024_6,2024-06-27,36,-0.006956956956956972,0.00045045045045044585
fixed,history,history_lsa,decision_close_2024_7,2024-07-23,36,-0.006956956956956972,0.00045045045045044585
fixed,history,history_lsa,decision_close_2024_8,2024-08-20,36,-0.006956956956956972,0.00045045045045044585
fixed,history,history_lsa,decision_close_2024_9,2024-09-19,36,-0.006956956956956972,0.00045045045045044585
fixed,history,history_lsa,decision_close_2024_10,2024-10-17,36,-0.006956956956956972,0.00045045045045044585
fixed,history,history_lsa,decision_close_2024_11,2024-11-21,36,-0.007391795685611324,1.5611721796093825e-05
fixed,history,history_lsa,decision_close_2024_12,2024-12-26,36,-0.007391795685611324,1.5611721796093825e-05
fixed,history,history_lsa,decision_close_2025_1,2025-01-23,36,-0.013038377744259977,-0.005630970336852559
fixed,history,history_lsa,decision_close_2025_2,2025-03-06,36,-0.007391795685611324,1.5611721796093825e-05
fixed,history,history_lsa,decision_close_2025_3,2025-03-20,36,-0.012880599394229253,-0.005473191986821835
fixed,history,history_lsa,decision_close_2025_4,2025-04-17,36,-0.006956956956956972,0.00045045045045044585
fixed,history,history_lsa,decision_close_2025_5,2025-06-19,36,-0.007391795685611324,1.5611721796093825e-05
fixed,history,history_lsa,decision_close_2025_6,2025-07-24,36,0.029011713086318558,0.036419120493725976
fixed,history,history_lsa,decision_close_2025_7,2025-09-11,36,-0.013038377744259977,-0.005630970336852559
fixed,history,history_lsa,decision_close_2025_8,2025-10-23,36,-0.013038377744259977,-0.005630970336852559
fixed,history,history_lsa,decision_close_2025_9,2025-12-11,36,-0.013038377744259977,-0.005630970336852559
fixed,history,history_lsa,decision_close_2026_1,2026-01-22,36,-0.007391795685611324,1.5611721796093825e-05
fixed,history,history_lsa,decision_close_2026_2,2026-03-12,36,-0.006956956956956972,0.00045045045045044585
fixed,history,history_lsa,decision_close_2026_3,2026-04-22,36,-0.006956956956956972,0.00045045045045044585
fixed,history,history_lsa,decision_close_2026_4,2026-06-11,36,-0.006956956956956972,0.00045045045045044585
fixed,history,history_transformer,decision_close_2023_1,2023-01-19,36,0.029873294346978496,-0.0011437908496731986
fixed,history,history_transformer,decision_close_2023_2,2023-02-23,36,0.05398215553014307,0.022965070333491377
fixed,history,history_transformer,decision_close_2023_3,2023-03-23,36,0.031017085196651806,1.1102230246251565e-16
fixed,history,history_transformer,decision_close_2023_4,2023-04-27,36,0.031017085196651806,1.1102230246251565e-16
fixed,history,history_transformer,decision_close_2023_5,2023-05-25,36,0.03376906318082773,0.002751977984176035
fixed,history,history_transformer,decision_close_2023_6,2023-06-22,36,0.03376906318082773,0.002751977984176035
fixed,history,history_transformer,decision_close_2023_7,2023-07-20,36,0.003955968352253092,-0.027061116844398603
fixed,history,history_transformer,decision_close_2023_8,2023-08-24,36,0.039215686274509776,0.008198601077858081
fixed,history,history_transformer,decision_close_2023_9,2023-09-21,36,0.039215686274509776,0.008198601077858081
fixed,history,history_transformer,decision_close_2023_10,2023-10-26,36,0.039215686274509776,0.008198601077858081
fixed,history,history_transformer,decision_close_2023_11,2023-11-23,36,0.039215686274509776,0.008198601077858081
fixed,history,history_transformer,decision_close_2023_12,2023-12-21,36,0.039215686274509776,0.008198601077858081
fixed,history,history_transformer,decision_close_2024_1,2024-01-25,36,0.03376906318082773,0.002751977984176035
fixed,history,history_transformer,decision_close_2024_2,2024-02-22,36,0.003955968352253092,-0.027061116844398603
fixed,history,history_transformer,decision_close_2024_3,2024-03-21,36,0.03376906318082773,0.002751977984176035
fixed,history,history_transformer,decision_close_2024_4,2024-04-25,36,0.00826987978690763,-0.022747205409744065
fixed,history,history_transformer,decision_close_2024_5,2024-05-23,36,0.031017085196651806,1.1102230246251565e-16
fixed,history,history_transformer,decision_close_2024_6,2024-06-27,36,0.031017085196651806,1.1102230246251565e-16
fixed,history,history_transformer,decision_close_2024_7,2024-07-23,36,0.031017085196651806,1.1102230246251565e-16
fixed,history,history_transformer,decision_close_2024_8,2024-08-20,36,0.031017085196651806,1.1102230246251565e-16
fixed,history,history_transformer,decision_close_2024_9,2024-09-19,36,0.031017085196651806,1.1102230246251565e-16
fixed,history,history_transformer,decision_close_2024_10,2024-10-17,36,0.031017085196651806,1.1102230246251565e-16
fixed,history,history_transformer,decision_close_2024_11,2024-11-21,36,0.029873294346978496,-0.0011437908496731986
fixed,history,history_transformer,decision_close_2024_12,2024-12-26,36,0.029873294346978496,-0.0011437908496731986
fixed,history,history_transformer,decision_close_2025_1,2025-01-23,36,0.025508214981899147,-0.005508870214752548
fixed,history,history_transformer,decision_close_2025_2,2025-03-06,36,0.029873294346978496,-0.0011437908496731986
fixed,history,history_transformer,decision_close_2025_3,2025-03-20,36,0.027362114436417784,-0.003654970760233911
fixed,history,history_transformer,decision_close_2025_4,2025-04-17,36,0.031017085196651806,1.1102230246251565e-16
fixed,history,history_transformer,decision_close_2025_5,2025-06-19,36,0.029873294346978496,-0.0011437908496731986
fixed,history,history_transformer,decision_close_2025_6,2025-07-24,36,0.025508214981899147,-0.005508870214752548
fixed,history,history_transformer,decision_close_2025_7,2025-09-11,36,0.06627680311890838,0.035259717922256684
fixed,history,history_transformer,decision_close_2025_8,2025-10-23,36,0.025508214981899147,-0.005508870214752548
fixed,history,history_transformer,decision_close_2025_9,2025-12-11,36,0.025508214981899147,-0.005508870214752548
fixed,history,history_transformer,decision_close_2026_1,2026-01-22,36,0.029873294346978496,-0.0011437908496731986
fixed,history,history_transformer,decision_close_2026_2,2026-03-12,36,0.031017085196651806,1.1102230246251565e-16
fixed,history,history_transformer,decision_close_2026_3,2026-04-22,36,0.031017085196651806,1.1102230246251565e-16
fixed,history,history_transformer,decision_close_2026_4,2026-06-11,36,0.031017085196651806,1.1102230246251565e-16
nested,proxy_market,proxy_market_lsa,decision_close_2023_1,2023-01-19,36,0.11259116259116253,0.0020603420758218416
nested,proxy_market,proxy_market_lsa,decision_close_2023_2,2023-02-23,36,0.11202147525676942,0.0014906547414287319
nested,proxy_market,proxy_market_lsa,decision_close_2023_3,2023-03-23,36,0.11202147525676942,0.0014906547414287319
nested,proxy_market,proxy_market_lsa,decision_close_2023_4,2023-04-27,36,0.11202147525676942,0.0014906547414287319
nested,proxy_market,proxy_market_lsa,decision_close_2023_5,2023-05-25,36,0.11377918165843859,0.0032483611430979
nested,proxy_market,proxy_market_lsa,decision_close_2023_6,2023-06-22,36,0.08707352863699613,-0.023457291878344555
nested,proxy_market,proxy_market_lsa,decision_close_2023_7,2023-07-20,36,0.11662940029813096,0.00609857978279027
nested,proxy_market,proxy_market_lsa,decision_close_2023_8,2023-08-24,36,0.11662940029813096,0.00609857978279027
nested,proxy_market,proxy_market_lsa,decision_close_2023_9,2023-09-21,36,0.11662940029813096,0.00609857978279027
nested,proxy_market,proxy_market_lsa,decision_close_2023_10,2023-10-26,36,0.11662940029813096,0.00609857978279027
nested,proxy_market,proxy_market_lsa,decision_close_2023_11,2023-11-23,36,0.11662940029813096,0.00609857978279027
nested,proxy_market,proxy_market_lsa,decision_close_2023_12,2023-12-21,36,0.11662940029813096,0.00609857978279027
nested,proxy_market,proxy_market_lsa,decision_close_2024_1,2024-01-25,36,0.11377918165843859,0.0032483611430979
nested,proxy_market,proxy_market_lsa,decision_close_2024_2,2024-02-22,36,0.11662940029813096,0.00609857978279027
nested,proxy_market,proxy_market_lsa,decision_close_2024_3,2024-03-21,36,0.11377918165843859,0.0032483611430979
nested,proxy_market,proxy_market_lsa,decision_close_2024_4,2024-04-25,36,0.08772876149037145,-0.022802059024969235
nested,proxy_market,proxy_market_lsa,decision_close_2024_5,2024-05-23,36,0.11202147525676942,0.0014906547414287319
nested,proxy_market,proxy_market_lsa,decision_close_2024_6,2024-06-27,36,0.11202147525676942,0.0014906547414287319
nested,proxy_market,proxy_market_lsa,decision_close_2024_7,2024-07-23,36,0.11202147525676942,0.0014906547414287319
nested,proxy_market,proxy_market_lsa,decision_close_2024_8,2024-08-20,36,0.11202147525676942,0.0014906547414287319
nested,proxy_market,proxy_market_lsa,decision_close_2024_9,2024-09-19,36,0.11202147525676942,0.0014906547414287319
nested,proxy_market,proxy_market_lsa,decision_close_2024_10,2024-10-17,36,0.11202147525676942,0.0014906547414287319
nested,proxy_market,proxy_market_lsa,decision_close_2024_11,2024-11-21,36,0.11259116259116253,0.0020603420758218416
nested,proxy_market,proxy_market_lsa,decision_close_2024_12,2024-12-26,36,0.07740597740597732,-0.03312484310936337
nested,proxy_market,proxy_market_lsa,decision_close_2025_1,2025-01-23,36,0.11531606794764682,0.004785247432306128
nested,proxy_market,proxy_market_lsa,decision_close_2025_2,2025-03-06,36,0.11259116259116253,0.0020603420758218416
nested,proxy_market,proxy_market_lsa,decision_close_2025_3,2025-03-20,36,0.08707352863699613,-0.023457291878344555
nested,proxy_market,proxy_market_lsa,decision_close_2025_4,2025-04-17,36,0.11202147525676942,0.0014906547414287319
nested,proxy_market,proxy_market_lsa,decision_close_2025_5,2025-06-19,36,0.11259116259116253,0.0020603420758218416
nested,proxy_market,proxy_market_lsa,decision_close_2025_6,2025-07-24,36,0.11531606794764682,0.004785247432306128
nested,proxy_market,proxy_market_lsa,decision_close_2025_7,2025-09-11,36,0.11531606794764682,0.004785247432306128
nested,proxy_market,proxy_market_lsa,decision_close_2025_8,2025-10-23,36,0.11531606794764682,0.004785247432306128
nested,proxy_market,proxy_market_lsa,decision_close_2025_9,2025-12-11,36,0.11531606794764682,0.004785247432306128
nested,proxy_market,proxy_market_lsa,decision_close_2026_1,2026-01-22,36,0.11259116259116253,0.0020603420758218416
nested,proxy_market,proxy_market_lsa,decision_close_2026_2,2026-03-12,36,0.11202147525676942,0.0014906547414287319
nested,proxy_market,proxy_market_lsa,decision_close_2026_3,2026-04-22,36,0.11202147525676942,0.0014906547414287319
nested,proxy_market,proxy_market_lsa,decision_close_2026_4,2026-06-11,36,0.11202147525676942,0.0014906547414287319