analysis,arm,n,cut_n,hold_n,hike_n,correct,macro_f1,mae_bp,brier
fixed,history,37,9,18,10,23,0.6034858387799564,143.05303691803985,0.5234293625085904
fixed,history_lsa,37,9,18,10,23,0.596078431372549,140.90983366574886,0.5178760803009389
fixed,history_qwen_all,37,9,18,10,23,0.5771973124914301,138.30897174234397,0.551049067706769
fixed,history_qwen_demand,37,9,18,10,23,0.596078431372549,135.752264557148,0.5277584537689977
fixed,history_qwen_forward,37,9,18,10,24,0.6268518518518519,145.06620325760383,0.5405029444292088
fixed,history_qwen_inflation,37,9,18,10,22,0.5559898377955834,142.4648632327018,0.539550738172991
fixed,history_qwen_missing_only,37,9,18,10,23,0.596078431372549,142.14819176280056,0.5338455463685278
fixed,history_qwen_scores_only,37,9,18,10,24,0.6191127613836233,138.5032274089977,0.5371496671874041
fixed,history_tfidf,37,9,18,10,24,0.6320540411286467,139.83849421870542,0.5154125247374968
fixed,history_transformer,37,9,18,10,24,0.6345029239766081,158.00635952043203,0.6270595637025079
nested,history,37,9,18,10,25,0.6783068783068783,139.77672330088092,0.49798724129954397
nested,history_lsa,37,9,18,10,25,0.6576168929110106,140.36580262022113,0.5189338029603563
nested,history_qwen_all,37,9,18,10,22,0.5925925925925926,139.62853277237477,0.5715155304180268
nested,history_qwen_demand,37,9,18,10,24,0.6479925303454716,143.44660744628314,0.4947755928370895
nested,history_qwen_forward,37,9,18,10,23,0.6087768440709618,141.4570398864771,0.5617164435710488
nested,history_qwen_inflation,37,9,18,10,25,0.6741854636591479,141.73504321536635,0.5076260305312288
nested,history_qwen_missing_only,37,9,18,10,25,0.6783068783068783,140.01426388016114,0.5069125093228061
nested,history_qwen_scores_only,37,9,18,10,24,0.6479925303454716,139.14077536756136,0.5508375466639794
nested,history_tfidf,37,9,18,10,23,0.6055555555555555,125.18982816532784,0.5686226308054272
nested,history_transformer,37,9,18,10,21,0.5345029239766083,164.4736892563258,0.7405918058329665
nested,proxy_market,37,9,18,10,25,0.6697368421052632,153.75740460011016,0.4977986881059598
nested,proxy_market_lsa,37,9,18,10,29,0.7802676626206039,153.39964211401139,0.4180881606871868