period,target_start,target_end,arm,n,cut_n,hold_n,hike_n,correct,macro_f1,mae_bp,brier
before_2023_06_22,2023-02-23,2023-05-25,history,4,1,3,0,3,0.2857142857142857,13.981004376447666,0.4416399502966808
before_2023_06_22,2023-02-23,2023-05-25,proxy_market,4,1,3,0,3,0.2857142857142857,21.432001191463346,0.4663972067758741
before_2023_06_22,2023-02-23,2023-05-25,proxy_market_lsa,4,1,3,0,3,0.2857142857142857,21.007605143773567,0.3864901364723471
2023_06_22_to_2024_03_21,2023-06-22,2024-03-21,history,10,0,1,9,8,0.5138888888888888,264.9088486351049,0.44445439322530333
2023_06_22_to_2024_03_21,2023-06-22,2024-03-21,proxy_market,10,0,1,9,7,0.2745098039215686,275.15043648252714,0.4438968064552912
2023_06_22_to_2024_03_21,2023-06-22,2024-03-21,proxy_market_lsa,10,0,1,9,8,0.2962962962962963,276.99963514052035,0.42267190469546734
2024_03_22_to_2024_12_25,2024-04-25,2024-11-21,history,8,0,8,0,4,0.2222222222222222,52.535114566165156,0.49049576996486727
2024_03_22_to_2024_12_25,2024-04-25,2024-11-21,proxy_market,8,0,8,0,6,0.2857142857142857,97.69243953698088,0.3423504584589868
2024_03_22_to_2024_12_25,2024-04-25,2024-11-21,proxy_market_lsa,8,0,8,0,7,0.3111111111111111,98.31648112564801,0.206979799846806
2024_12_26_onward,2024-12-26,2026-07-23,history,15,8,6,1,10,0.4551282051282051,136.42968944976226,0.5526972023282953
2024_12_26_onward,2024-12-26,2026-07-23,proxy_market,15,8,6,1,9,0.41269841269841273,138.01680562114032,0.6250127267061473
2024_12_26_onward,2024-12-26,2026-07-23,proxy_market_lsa,15,8,6,1,11,0.8055555555555555,135.68187581552937,0.5360495969204936